region_id,scene_date,ndvi,ndvi_change,vegetation_cover,snow_cover,grassland_type,degradation_level,carrying_capacity_sheep_unit,capacity_data_source,capacity_is_sample,capacity_derived,data_source,source_id,dataset_name,is_sample
aba-hongyuan,2020-01-15,0.2605,0%,26%,0.6%,山地草甸,基本稳定,35600.0,sample,true,true,modis,modis-tpdc-remote-2020-2024,MODIS_TPDC_REMOTE_2020_2024,false
aba-hongyuan,2020-02-15,0.2472,0%,25%,7.0%,山地草甸,基本稳定,35600.0,sample,true,true,modis,modis-tpdc-remote-2020-2024,MODIS_TPDC_REMOTE_2020_2024,false
aba-hongyuan,2020-03-15,0.248,0%,25%,3.7%,山地草甸,基本稳定,35600.0,sample,true,true,modis,modis-tpdc-remote-2020-2024,MODIS_TPDC_REMOTE_2020_2024,false
aba-hongyuan,2020-04-15,0.3599,0%,36%,2.3%,山地草甸,基本稳定,35600.0,sample,true,true,modis,modis-tpdc-remote-2020-2024,MODIS_TPDC_REMOTE_2020_2024,false
aba-hongyuan,2020-05-15,0.5389,0%,54%,7.3%,山地草甸,基本稳定,35600.0,sample,true,true,modis,modis-tpdc-remote-2020-2024,MODIS_TPDC_REMOTE_2020_2024,false
aba-hongyuan,2020-06-15,0.7251,0%,73%,0.0%,山地草甸,基本稳定,35600.0,sample,true,true,modis,modis-tpdc-remote-2020-2024,MODIS_TPDC_REMOTE_2020_2024,false
aba-hongyuan,2020-07-15,0.5424,0%,54%,0.0%,山地草甸,基本稳定,35600.0,sample,true,true,modis,modis-tpdc-remote-2020-2024,MODIS_TPDC_REMOTE_2020_2024,false
aba-hongyuan,2020-08-15,0.7459,0%,75%,0.0%,山地草甸,基本稳定,35600.0,sample,true,true,modis,modis-tpdc-remote-2020-2024,MODIS_TPDC_REMOTE_2020_2024,false
aba-hongyuan,2020-09-15,0.6183,0%,62%,0.0%,山地草甸,基本稳定,35600.0,sample,true,true,modis,modis-tpdc-remote-2020-2024,MODIS_TPDC_REMOTE_2020_2024,false
aba-hongyuan,2020-10-15,0.3903,0%,39%,6.5%,山地草甸,基本稳定,35600.0,sample,true,true,modis,modis-tpdc-remote-2020-2024,MODIS_TPDC_REMOTE_2020_2024,false
aba-hongyuan,2020-11-15,0.3375,0%,34%,6.7%,山地草甸,基本稳定,35600.0,sample,true,true,modis,modis-tpdc-remote-2020-2024,MODIS_TPDC_REMOTE_2020_2024,false
aba-hongyuan,2020-12-15,0.3142,0%,31%,0.0%,山地草甸,基本稳定,35600.0,sample,true,true,modis,modis-tpdc-remote-2020-2024,MODIS_TPDC_REMOTE_2020_2024,false
aba-hongyuan,2021-01-15,0.2454,-5.8%,25%,0.0%,山地草甸,基本稳定,35600.0,sample,true,true,modis,modis-tpdc-remote-2020-2024,MODIS_TPDC_REMOTE_2020_2024,false
aba-hongyuan,2021-02-15,0.2641,+6.9%,26%,6.2%,山地草甸,基本稳定,35600.0,sample,true,true,modis,modis-tpdc-remote-2020-2024,MODIS_TPDC_REMOTE_2020_2024,false
aba-hongyuan,2021-03-15,0.2842,+14.6%,28%,0.0%,山地草甸,基本稳定,35600.0,sample,true,true,modis,modis-tpdc-remote-2020-2024,MODIS_TPDC_REMOTE_2020_2024,false
aba-hongyuan,2021-04-15,0.4213,+17.1%,42%,0.0%,山地草甸,基本稳定,35600.0,sample,true,true,modis,modis-tpdc-remote-2020-2024,MODIS_TPDC_REMOTE_2020_2024,false
aba-hongyuan,2021-05-15,0.4398,-18.4%,44%,0.0%,山地草甸,基本稳定,35600.0,sample,true,true,modis,modis-tpdc-remote-2020-2024,MODIS_TPDC_REMOTE_2020_2024,false
aba-hongyuan,2021-06-15,0.6793,-6.3%,68%,0.0%,山地草甸,基本稳定,35600.0,sample,true,true,modis,modis-tpdc-remote-2020-2024,MODIS_TPDC_REMOTE_2020_2024,false
aba-hongyuan,2021-07-15,0.7478,+37.9%,75%,0.0%,山地草甸,基本稳定,35600.0,sample,true,true,modis,modis-tpdc-remote-2020-2024,MODIS_TPDC_REMOTE_2020_2024,false
aba-hongyuan,2021-08-15,0.606,-18.7%,61%,0.0%,山地草甸,基本稳定,35600.0,sample,true,true,modis,modis-tpdc-remote-2020-2024,MODIS_TPDC_REMOTE_2020_2024,false
aba-hongyuan,2021-09-15,0.4531,-26.7%,45%,0.0%,山地草甸,基本稳定,35600.0,sample,true,true,modis,modis-tpdc-remote-2020-2024,MODIS_TPDC_REMOTE_2020_2024,false
aba-hongyuan,2021-10-15,0.454,+16.3%,45%,3.9%,山地草甸,基本稳定,35600.0,sample,true,true,modis,modis-tpdc-remote-2020-2024,MODIS_TPDC_REMOTE_2020_2024,false
aba-hongyuan,2021-11-15,0.2748,-18.6%,27%,2.5%,山地草甸,基本稳定,35600.0,sample,true,true,modis,modis-tpdc-remote-2020-2024,MODIS_TPDC_REMOTE_2020_2024,false
aba-hongyuan,2021-12-15,0.1026,-67.4%,10%,6.6%,山地草甸,基本稳定,35600.0,sample,true,true,modis,modis-tpdc-remote-2020-2024,MODIS_TPDC_REMOTE_2020_2024,false
aba-hongyuan,2022-01-15,0.2554,+4.1%,26%,8.9%,山地草甸,基本稳定,35600.0,sample,true,true,modis,modis-tpdc-remote-2020-2024,MODIS_TPDC_REMOTE_2020_2024,false
aba-hongyuan,2022-02-15,0.2274,-13.9%,23%,1.0%,山地草甸,基本稳定,35600.0,sample,true,true,modis,modis-tpdc-remote-2020-2024,MODIS_TPDC_REMOTE_2020_2024,false
aba-hongyuan,2022-03-15,0.2878,+1.3%,29%,2.9%,山地草甸,基本稳定,35600.0,sample,true,true,modis,modis-tpdc-remote-2020-2024,MODIS_TPDC_REMOTE_2020_2024,false
aba-hongyuan,2022-04-15,0.3709,-12.0%,37%,1.0%,山地草甸,基本稳定,35600.0,sample,true,true,modis,modis-tpdc-remote-2020-2024,MODIS_TPDC_REMOTE_2020_2024,false
aba-hongyuan,2022-05-15,0.3365,-23.5%,34%,0.0%,山地草甸,基本稳定,35600.0,sample,true,true,modis,modis-tpdc-remote-2020-2024,MODIS_TPDC_REMOTE_2020_2024,false
aba-hongyuan,2022-06-15,0.7714,+13.6%,77%,0.0%,山地草甸,基本稳定,35600.0,sample,true,true,modis,modis-tpdc-remote-2020-2024,MODIS_TPDC_REMOTE_2020_2024,false
aba-hongyuan,2022-07-15,0.7351,-1.7%,74%,0.0%,山地草甸,基本稳定,35600.0,sample,true,true,modis,modis-tpdc-remote-2020-2024,MODIS_TPDC_REMOTE_2020_2024,false
aba-hongyuan,2022-08-15,0.5068,-16.4%,51%,0.0%,山地草甸,基本稳定,35600.0,sample,true,true,modis,modis-tpdc-remote-2020-2024,MODIS_TPDC_REMOTE_2020_2024,false
aba-hongyuan,2022-09-15,0.5345,+18.0%,53%,0.0%,山地草甸,基本稳定,35600.0,sample,true,true,modis,modis-tpdc-remote-2020-2024,MODIS_TPDC_REMOTE_2020_2024,false
aba-hongyuan,2022-10-15,0.3974,-12.5%,40%,0.0%,山地草甸,基本稳定,35600.0,sample,true,true,modis,modis-tpdc-remote-2020-2024,MODIS_TPDC_REMOTE_2020_2024,false
aba-hongyuan,2022-11-15,0.2998,+9.1%,30%,0.0%,山地草甸,基本稳定,35600.0,sample,true,true,modis,modis-tpdc-remote-2020-2024,MODIS_TPDC_REMOTE_2020_2024,false
aba-hongyuan,2022-12-15,0.2466,+140.4%,25%,0.0%,山地草甸,基本稳定,35600.0,sample,true,true,modis,modis-tpdc-remote-2020-2024,MODIS_TPDC_REMOTE_2020_2024,false
aba-hongyuan,2023-01-15,0.2318,-9.2%,23%,0.0%,山地草甸,基本稳定,35600.0,sample,true,true,modis,modis-tpdc-remote-2020-2024,MODIS_TPDC_REMOTE_2020_2024,false
aba-hongyuan,2023-02-15,0.2345,+3.1%,23%,3.4%,山地草甸,基本稳定,35600.0,sample,true,true,modis,modis-tpdc-remote-2020-2024,MODIS_TPDC_REMOTE_2020_2024,false
aba-hongyuan,2023-03-15,0.2719,-5.5%,27%,6.3%,山地草甸,基本稳定,35600.0,sample,true,true,modis,modis-tpdc-remote-2020-2024,MODIS_TPDC_REMOTE_2020_2024,false
aba-hongyuan,2023-04-15,0.3972,+7.1%,40%,0.0%,山地草甸,基本稳定,35600.0,sample,true,true,modis,modis-tpdc-remote-2020-2024,MODIS_TPDC_REMOTE_2020_2024,false
aba-hongyuan,2023-05-15,0.5289,+57.2%,53%,0.0%,山地草甸,基本稳定,35600.0,sample,true,true,modis,modis-tpdc-remote-2020-2024,MODIS_TPDC_REMOTE_2020_2024,false
aba-hongyuan,2023-06-15,0.6458,-16.3%,65%,0.0%,山地草甸,基本稳定,35600.0,sample,true,true,modis,modis-tpdc-remote-2020-2024,MODIS_TPDC_REMOTE_2020_2024,false
aba-hongyuan,2023-07-15,0.7811,+6.3%,78%,0.0%,山地草甸,基本稳定,35600.0,sample,true,true,modis,modis-tpdc-remote-2020-2024,MODIS_TPDC_REMOTE_2020_2024,false
aba-hongyuan,2023-08-15,0.6783,+33.9%,68%,0.0%,山地草甸,基本稳定,35600.0,sample,true,true,modis,modis-tpdc-remote-2020-2024,MODIS_TPDC_REMOTE_2020_2024,false
aba-hongyuan,2023-09-15,0.5746,+7.5%,57%,0.0%,山地草甸,基本稳定,35600.0,sample,true,true,modis,modis-tpdc-remote-2020-2024,MODIS_TPDC_REMOTE_2020_2024,false
aba-hongyuan,2023-10-15,0.328,-17.5%,33%,0.0%,山地草甸,基本稳定,35600.0,sample,true,true,modis,modis-tpdc-remote-2020-2024,MODIS_TPDC_REMOTE_2020_2024,false
aba-hongyuan,2023-11-15,0.3473,+15.8%,35%,1.2%,山地草甸,基本稳定,35600.0,sample,true,true,modis,modis-tpdc-remote-2020-2024,MODIS_TPDC_REMOTE_2020_2024,false
aba-hongyuan,2023-12-15,0.2531,+2.7%,25%,0.0%,山地草甸,基本稳定,35600.0,sample,true,true,modis,modis-tpdc-remote-2020-2024,MODIS_TPDC_REMOTE_2020_2024,false
aba-hongyuan,2024-01-15,0.276,+19.0%,28%,0.0%,山地草甸,基本稳定,35600.0,sample,true,true,modis,modis-tpdc-remote-2020-2024,MODIS_TPDC_REMOTE_2020_2024,false
aba-hongyuan,2024-02-15,0.2603,+11.0%,26%,0.0%,山地草甸,基本稳定,35600.0,sample,true,true,modis,modis-tpdc-remote-2020-2024,MODIS_TPDC_REMOTE_2020_2024,false
aba-hongyuan,2024-03-15,0.2787,+2.5%,28%,3.5%,山地草甸,基本稳定,35600.0,sample,true,true,modis,modis-tpdc-remote-2020-2024,MODIS_TPDC_REMOTE_2020_2024,false
aba-hongyuan,2024-04-15,0.423,+6.5%,42%,0.0%,山地草甸,基本稳定,35600.0,sample,true,true,modis,modis-tpdc-remote-2020-2024,MODIS_TPDC_REMOTE_2020_2024,false
aba-hongyuan,2024-05-15,0.5566,+5.3%,56%,0.0%,山地草甸,基本稳定,35600.0,sample,true,true,modis,modis-tpdc-remote-2020-2024,MODIS_TPDC_REMOTE_2020_2024,false
aba-hongyuan,2024-06-15,0.4579,-29.1%,46%,0.0%,山地草甸,基本稳定,35600.0,sample,true,true,modis,modis-tpdc-remote-2020-2024,MODIS_TPDC_REMOTE_2020_2024,false
aba-hongyuan,2024-07-15,0.6824,-12.6%,68%,0.0%,山地草甸,基本稳定,35600.0,sample,true,true,modis,modis-tpdc-remote-2020-2024,MODIS_TPDC_REMOTE_2020_2024,false
aba-hongyuan,2024-08-15,0.5999,-11.6%,60%,0.0%,山地草甸,基本稳定,35600.0,sample,true,true,modis,modis-tpdc-remote-2020-2024,MODIS_TPDC_REMOTE_2020_2024,false
aba-hongyuan,2024-09-15,0.3836,-33.2%,38%,0.0%,山地草甸,基本稳定,35600.0,sample,true,true,modis,modis-tpdc-remote-2020-2024,MODIS_TPDC_REMOTE_2020_2024,false
aba-hongyuan,2024-10-15,0.3434,+4.7%,34%,0.0%,山地草甸,基本稳定,35600.0,sample,true,true,modis,modis-tpdc-remote-2020-2024,MODIS_TPDC_REMOTE_2020_2024,false
aba-hongyuan,2024-11-15,0.2859,-17.7%,29%,5.6%,山地草甸,基本稳定,35600.0,sample,true,true,modis,modis-tpdc-remote-2020-2024,MODIS_TPDC_REMOTE_2020_2024,false
aba-hongyuan,2024-12-15,0.2897,+14.5%,29%,0.0%,山地草甸,基本稳定,35600.0,sample,true,true,modis,modis-tpdc-remote-2020-2024,MODIS_TPDC_REMOTE_2020_2024,false
ali-gaize,2020-01-15,0.0614,0%,6%,0.0%,高寒草甸,基本稳定,11800.0,sample,true,true,modis,modis-tpdc-remote-2020-2024,MODIS_TPDC_REMOTE_2020_2024,false
ali-gaize,2020-02-15,0.0709,0%,7%,0.0%,高寒草甸,基本稳定,11800.0,sample,true,true,modis,modis-tpdc-remote-2020-2024,MODIS_TPDC_REMOTE_2020_2024,false
ali-gaize,2020-03-15,0.0725,0%,7%,0.0%,高寒草甸,基本稳定,11800.0,sample,true,true,modis,modis-tpdc-remote-2020-2024,MODIS_TPDC_REMOTE_2020_2024,false
ali-gaize,2020-04-15,0.0667,0%,7%,0.0%,高寒草甸,基本稳定,11800.0,sample,true,true,modis,modis-tpdc-remote-2020-2024,MODIS_TPDC_REMOTE_2020_2024,false
ali-gaize,2020-05-15,0.0643,0%,6%,0.0%,高寒草甸,基本稳定,11800.0,sample,true,true,modis,modis-tpdc-remote-2020-2024,MODIS_TPDC_REMOTE_2020_2024,false
ali-gaize,2020-06-15,0.073,0%,7%,0.0%,高寒草甸,基本稳定,11800.0,sample,true,true,modis,modis-tpdc-remote-2020-2024,MODIS_TPDC_REMOTE_2020_2024,false
ali-gaize,2020-07-15,0.076,0%,8%,0.0%,高寒草甸,基本稳定,11800.0,sample,true,true,modis,modis-tpdc-remote-2020-2024,MODIS_TPDC_REMOTE_2020_2024,false
ali-gaize,2020-08-15,0.0849,0%,8%,0.0%,高寒草甸,基本稳定,11800.0,sample,true,true,modis,modis-tpdc-remote-2020-2024,MODIS_TPDC_REMOTE_2020_2024,false
ali-gaize,2020-09-15,0.0838,0%,8%,0.0%,高寒草甸,基本稳定,11800.0,sample,true,true,modis,modis-tpdc-remote-2020-2024,MODIS_TPDC_REMOTE_2020_2024,false
ali-gaize,2020-10-15,0.0805,0%,8%,0.0%,高寒草甸,基本稳定,11800.0,sample,true,true,modis,modis-tpdc-remote-2020-2024,MODIS_TPDC_REMOTE_2020_2024,false
ali-gaize,2020-11-15,0.0682,0%,7%,0.0%,高寒草甸,基本稳定,11800.0,sample,true,true,modis,modis-tpdc-remote-2020-2024,MODIS_TPDC_REMOTE_2020_2024,false
ali-gaize,2020-12-15,0.0722,0%,7%,0.0%,高寒草甸,基本稳定,11800.0,sample,true,true,modis,modis-tpdc-remote-2020-2024,MODIS_TPDC_REMOTE_2020_2024,false
ali-gaize,2021-01-15,0.067,+9.2%,7%,0.0%,高寒草甸,基本稳定,11800.0,sample,true,true,modis,modis-tpdc-remote-2020-2024,MODIS_TPDC_REMOTE_2020_2024,false
ali-gaize,2021-02-15,0.0719,+1.3%,7%,0.0%,高寒草甸,基本稳定,11800.0,sample,true,true,modis,modis-tpdc-remote-2020-2024,MODIS_TPDC_REMOTE_2020_2024,false
ali-gaize,2021-03-15,0.0742,+2.4%,7%,0.8%,高寒草甸,基本稳定,11800.0,sample,true,true,modis,modis-tpdc-remote-2020-2024,MODIS_TPDC_REMOTE_2020_2024,false
ali-gaize,2021-04-15,0.0722,+8.3%,7%,0.0%,高寒草甸,基本稳定,11800.0,sample,true,true,modis,modis-tpdc-remote-2020-2024,MODIS_TPDC_REMOTE_2020_2024,false
ali-gaize,2021-05-15,0.0726,+13.0%,7%,0.0%,高寒草甸,基本稳定,11800.0,sample,true,true,modis,modis-tpdc-remote-2020-2024,MODIS_TPDC_REMOTE_2020_2024,false
ali-gaize,2021-06-15,0.0752,+2.9%,8%,0.0%,高寒草甸,基本稳定,11800.0,sample,true,true,modis,modis-tpdc-remote-2020-2024,MODIS_TPDC_REMOTE_2020_2024,false
ali-gaize,2021-07-15,0.0854,+12.4%,9%,0.0%,高寒草甸,基本稳定,11800.0,sample,true,true,modis,modis-tpdc-remote-2020-2024,MODIS_TPDC_REMOTE_2020_2024,false
ali-gaize,2021-08-15,0.089,+4.8%,9%,0.0%,高寒草甸,基本稳定,11800.0,sample,true,true,modis,modis-tpdc-remote-2020-2024,MODIS_TPDC_REMOTE_2020_2024,false
ali-gaize,2021-09-15,0.082,-2.0%,8%,0.0%,高寒草甸,基本稳定,11800.0,sample,true,true,modis,modis-tpdc-remote-2020-2024,MODIS_TPDC_REMOTE_2020_2024,false
ali-gaize,2021-10-15,0.0644,-20.0%,6%,0.0%,高寒草甸,基本稳定,11800.0,sample,true,true,modis,modis-tpdc-remote-2020-2024,MODIS_TPDC_REMOTE_2020_2024,false
ali-gaize,2021-11-15,0.0767,+12.4%,8%,0.0%,高寒草甸,基本稳定,11800.0,sample,true,true,modis,modis-tpdc-remote-2020-2024,MODIS_TPDC_REMOTE_2020_2024,false
ali-gaize,2021-12-15,0.0118,-83.7%,1%,56.0%,高寒草甸,基本稳定,11800.0,sample,true,true,modis,modis-tpdc-remote-2020-2024,MODIS_TPDC_REMOTE_2020_2024,false
ali-gaize,2022-01-15,0.0139,-79.3%,1%,43.4%,高寒草甸,基本稳定,11800.0,sample,true,true,modis,modis-tpdc-remote-2020-2024,MODIS_TPDC_REMOTE_2020_2024,false
ali-gaize,2022-02-15,0.0708,-1.6%,7%,0.0%,高寒草甸,基本稳定,11800.0,sample,true,true,modis,modis-tpdc-remote-2020-2024,MODIS_TPDC_REMOTE_2020_2024,false
ali-gaize,2022-03-15,0.0746,+0.5%,7%,0.0%,高寒草甸,基本稳定,11800.0,sample,true,true,modis,modis-tpdc-remote-2020-2024,MODIS_TPDC_REMOTE_2020_2024,false
ali-gaize,2022-04-15,0.0664,-8.0%,7%,0.0%,高寒草甸,基本稳定,11800.0,sample,true,true,modis,modis-tpdc-remote-2020-2024,MODIS_TPDC_REMOTE_2020_2024,false
ali-gaize,2022-05-15,0.0629,-13.4%,6%,0.0%,高寒草甸,基本稳定,11800.0,sample,true,true,modis,modis-tpdc-remote-2020-2024,MODIS_TPDC_REMOTE_2020_2024,false
ali-gaize,2022-06-15,0.0804,+7.0%,8%,0.0%,高寒草甸,基本稳定,11800.0,sample,true,true,modis,modis-tpdc-remote-2020-2024,MODIS_TPDC_REMOTE_2020_2024,false
ali-gaize,2022-07-15,0.082,-4.0%,8%,0.0%,高寒草甸,基本稳定,11800.0,sample,true,true,modis,modis-tpdc-remote-2020-2024,MODIS_TPDC_REMOTE_2020_2024,false
ali-gaize,2022-08-15,0.0896,+0.7%,9%,0.0%,高寒草甸,基本稳定,11800.0,sample,true,true,modis,modis-tpdc-remote-2020-2024,MODIS_TPDC_REMOTE_2020_2024,false
ali-gaize,2022-09-15,0.0953,+16.1%,10%,0.0%,高寒草甸,基本稳定,11800.0,sample,true,true,modis,modis-tpdc-remote-2020-2024,MODIS_TPDC_REMOTE_2020_2024,false
ali-gaize,2022-10-15,0.0886,+37.6%,9%,0.0%,高寒草甸,基本稳定,11800.0,sample,true,true,modis,modis-tpdc-remote-2020-2024,MODIS_TPDC_REMOTE_2020_2024,false
ali-gaize,2022-11-15,0.0832,+8.5%,8%,0.0%,高寒草甸,基本稳定,11800.0,sample,true,true,modis,modis-tpdc-remote-2020-2024,MODIS_TPDC_REMOTE_2020_2024,false
ali-gaize,2022-12-15,0.0922,+681.8%,9%,0.0%,高寒草甸,基本稳定,11800.0,sample,true,true,modis,modis-tpdc-remote-2020-2024,MODIS_TPDC_REMOTE_2020_2024,false
ali-gaize,2023-01-15,0.0592,+327.1%,6%,0.0%,高寒草甸,基本稳定,11800.0,sample,true,true,modis,modis-tpdc-remote-2020-2024,MODIS_TPDC_REMOTE_2020_2024,false
ali-gaize,2023-02-15,0.0712,+0.6%,7%,0.0%,高寒草甸,基本稳定,11800.0,sample,true,true,modis,modis-tpdc-remote-2020-2024,MODIS_TPDC_REMOTE_2020_2024,false
ali-gaize,2023-03-15,0.0799,+7.0%,8%,0.0%,高寒草甸,基本稳定,11800.0,sample,true,true,modis,modis-tpdc-remote-2020-2024,MODIS_TPDC_REMOTE_2020_2024,false
ali-gaize,2023-04-15,0.0739,+11.3%,7%,0.0%,高寒草甸,基本稳定,11800.0,sample,true,true,modis,modis-tpdc-remote-2020-2024,MODIS_TPDC_REMOTE_2020_2024,false
ali-gaize,2023-05-15,0.083,+32.1%,8%,0.0%,高寒草甸,基本稳定,11800.0,sample,true,true,modis,modis-tpdc-remote-2020-2024,MODIS_TPDC_REMOTE_2020_2024,false
ali-gaize,2023-06-15,0.0894,+11.2%,9%,0.0%,高寒草甸,基本稳定,11800.0,sample,true,true,modis,modis-tpdc-remote-2020-2024,MODIS_TPDC_REMOTE_2020_2024,false
ali-gaize,2023-07-15,0.0847,+3.2%,8%,0.0%,高寒草甸,基本稳定,11800.0,sample,true,true,modis,modis-tpdc-remote-2020-2024,MODIS_TPDC_REMOTE_2020_2024,false
ali-gaize,2023-08-15,0.0927,+3.4%,9%,0.0%,高寒草甸,基本稳定,11800.0,sample,true,true,modis,modis-tpdc-remote-2020-2024,MODIS_TPDC_REMOTE_2020_2024,false
ali-gaize,2023-09-15,0.0862,-9.5%,9%,0.0%,高寒草甸,基本稳定,11800.0,sample,true,true,modis,modis-tpdc-remote-2020-2024,MODIS_TPDC_REMOTE_2020_2024,false
ali-gaize,2023-10-15,0.0818,-7.7%,8%,0.0%,高寒草甸,基本稳定,11800.0,sample,true,true,modis,modis-tpdc-remote-2020-2024,MODIS_TPDC_REMOTE_2020_2024,false
ali-gaize,2023-11-15,0.0605,-27.3%,6%,0.0%,高寒草甸,基本稳定,11800.0,sample,true,true,modis,modis-tpdc-remote-2020-2024,MODIS_TPDC_REMOTE_2020_2024,false
ali-gaize,2023-12-15,0.0735,-20.3%,7%,0.0%,高寒草甸,基本稳定,11800.0,sample,true,true,modis,modis-tpdc-remote-2020-2024,MODIS_TPDC_REMOTE_2020_2024,false
ali-gaize,2024-01-15,0.0745,+25.9%,7%,0.0%,高寒草甸,基本稳定,11800.0,sample,true,true,modis,modis-tpdc-remote-2020-2024,MODIS_TPDC_REMOTE_2020_2024,false
ali-gaize,2024-02-15,0.0644,-9.6%,6%,0.0%,高寒草甸,基本稳定,11800.0,sample,true,true,modis,modis-tpdc-remote-2020-2024,MODIS_TPDC_REMOTE_2020_2024,false
ali-gaize,2024-03-15,0.0636,-20.3%,6%,0.0%,高寒草甸,基本稳定,11800.0,sample,true,true,modis,modis-tpdc-remote-2020-2024,MODIS_TPDC_REMOTE_2020_2024,false
ali-gaize,2024-04-15,0.0591,-20.0%,6%,0.0%,高寒草甸,基本稳定,11800.0,sample,true,true,modis,modis-tpdc-remote-2020-2024,MODIS_TPDC_REMOTE_2020_2024,false
ali-gaize,2024-05-15,0.0741,-10.7%,7%,0.0%,高寒草甸,基本稳定,11800.0,sample,true,true,modis,modis-tpdc-remote-2020-2024,MODIS_TPDC_REMOTE_2020_2024,false
ali-gaize,2024-06-15,0.0767,-14.3%,8%,0.0%,高寒草甸,基本稳定,11800.0,sample,true,true,modis,modis-tpdc-remote-2020-2024,MODIS_TPDC_REMOTE_2020_2024,false
ali-gaize,2024-07-15,0.0749,-11.5%,7%,0.0%,高寒草甸,基本稳定,11800.0,sample,true,true,modis,modis-tpdc-remote-2020-2024,MODIS_TPDC_REMOTE_2020_2024,false
ali-gaize,2024-08-15,0.0775,-16.4%,8%,0.7%,高寒草甸,基本稳定,11800.0,sample,true,true,modis,modis-tpdc-remote-2020-2024,MODIS_TPDC_REMOTE_2020_2024,false
ali-gaize,2024-09-15,0.0751,-12.9%,8%,0.0%,高寒草甸,基本稳定,11800.0,sample,true,true,modis,modis-tpdc-remote-2020-2024,MODIS_TPDC_REMOTE_2020_2024,false
ali-gaize,2024-10-15,0.0685,-16.3%,7%,0.0%,高寒草甸,基本稳定,11800.0,sample,true,true,modis,modis-tpdc-remote-2020-2024,MODIS_TPDC_REMOTE_2020_2024,false
ali-gaize,2024-11-15,0.0644,+6.4%,6%,0.0%,高寒草甸,基本稳定,11800.0,sample,true,true,modis,modis-tpdc-remote-2020-2024,MODIS_TPDC_REMOTE_2020_2024,false
ali-gaize,2024-12-15,0.0638,-13.2%,6%,0.0%,高寒草甸,基本稳定,11800.0,sample,true,true,modis,modis-tpdc-remote-2020-2024,MODIS_TPDC_REMOTE_2020_2024,false
changdu-jiangda,2020-01-15,0.1607,0%,16%,0.0%,山地草甸,基本稳定,27100.0,sample,true,true,modis,modis-tpdc-remote-2020-2024,MODIS_TPDC_REMOTE_2020_2024,false
changdu-jiangda,2020-02-15,0.4173,0%,42%,0.0%,山地草甸,基本稳定,27100.0,sample,true,true,modis,modis-tpdc-remote-2020-2024,MODIS_TPDC_REMOTE_2020_2024,false
changdu-jiangda,2020-03-15,0.2849,0%,28%,0.0%,山地草甸,基本稳定,27100.0,sample,true,true,modis,modis-tpdc-remote-2020-2024,MODIS_TPDC_REMOTE_2020_2024,false
changdu-jiangda,2020-04-15,0.4511,0%,45%,0.0%,山地草甸,基本稳定,27100.0,sample,true,true,modis,modis-tpdc-remote-2020-2024,MODIS_TPDC_REMOTE_2020_2024,false
changdu-jiangda,2020-05-15,0.5359,0%,54%,0.0%,山地草甸,基本稳定,27100.0,sample,true,true,modis,modis-tpdc-remote-2020-2024,MODIS_TPDC_REMOTE_2020_2024,false
changdu-jiangda,2020-06-15,0.4288,0%,43%,0.0%,山地草甸,基本稳定,27100.0,sample,true,true,modis,modis-tpdc-remote-2020-2024,MODIS_TPDC_REMOTE_2020_2024,false
changdu-jiangda,2020-07-15,0.8122,0%,81%,0.0%,山地草甸,基本稳定,27100.0,sample,true,true,modis,modis-tpdc-remote-2020-2024,MODIS_TPDC_REMOTE_2020_2024,false
changdu-jiangda,2020-08-15,0.8166,0%,82%,0.0%,山地草甸,基本稳定,27100.0,sample,true,true,modis,modis-tpdc-remote-2020-2024,MODIS_TPDC_REMOTE_2020_2024,false
changdu-jiangda,2020-09-15,0.7052,0%,71%,0.0%,山地草甸,基本稳定,27100.0,sample,true,true,modis,modis-tpdc-remote-2020-2024,MODIS_TPDC_REMOTE_2020_2024,false
changdu-jiangda,2020-10-15,0.4912,0%,49%,0.0%,山地草甸,基本稳定,27100.0,sample,true,true,modis,modis-tpdc-remote-2020-2024,MODIS_TPDC_REMOTE_2020_2024,false
changdu-jiangda,2020-11-15,0.303,0%,30%,0.0%,山地草甸,基本稳定,27100.0,sample,true,true,modis,modis-tpdc-remote-2020-2024,MODIS_TPDC_REMOTE_2020_2024,false
changdu-jiangda,2020-12-15,0.3694,0%,37%,0.0%,山地草甸,基本稳定,27100.0,sample,true,true,modis,modis-tpdc-remote-2020-2024,MODIS_TPDC_REMOTE_2020_2024,false
changdu-jiangda,2021-01-15,0.3805,+136.7%,38%,0.0%,山地草甸,基本稳定,27100.0,sample,true,true,modis,modis-tpdc-remote-2020-2024,MODIS_TPDC_REMOTE_2020_2024,false
changdu-jiangda,2021-02-15,0.4456,+6.8%,45%,0.0%,山地草甸,基本稳定,27100.0,sample,true,true,modis,modis-tpdc-remote-2020-2024,MODIS_TPDC_REMOTE_2020_2024,false
changdu-jiangda,2021-03-15,0.4899,+71.9%,49%,0.0%,山地草甸,基本稳定,27100.0,sample,true,true,modis,modis-tpdc-remote-2020-2024,MODIS_TPDC_REMOTE_2020_2024,false
changdu-jiangda,2021-04-15,0.4234,-6.1%,42%,0.0%,山地草甸,基本稳定,27100.0,sample,true,true,modis,modis-tpdc-remote-2020-2024,MODIS_TPDC_REMOTE_2020_2024,false
changdu-jiangda,2021-05-15,0.477,-11.0%,48%,0.0%,山地草甸,基本稳定,27100.0,sample,true,true,modis,modis-tpdc-remote-2020-2024,MODIS_TPDC_REMOTE_2020_2024,false
changdu-jiangda,2021-06-15,0.5987,+39.6%,60%,0.0%,山地草甸,基本稳定,27100.0,sample,true,true,modis,modis-tpdc-remote-2020-2024,MODIS_TPDC_REMOTE_2020_2024,false
changdu-jiangda,2021-07-15,0.6163,-24.1%,62%,2.5%,山地草甸,基本稳定,27100.0,sample,true,true,modis,modis-tpdc-remote-2020-2024,MODIS_TPDC_REMOTE_2020_2024,false
changdu-jiangda,2021-08-15,0.4108,-49.7%,41%,1.8%,山地草甸,基本稳定,27100.0,sample,true,true,modis,modis-tpdc-remote-2020-2024,MODIS_TPDC_REMOTE_2020_2024,false
changdu-jiangda,2021-09-15,0.6894,-2.2%,69%,0.0%,山地草甸,基本稳定,27100.0,sample,true,true,modis,modis-tpdc-remote-2020-2024,MODIS_TPDC_REMOTE_2020_2024,false
changdu-jiangda,2021-10-15,0.5135,+4.5%,51%,0.0%,山地草甸,基本稳定,27100.0,sample,true,true,modis,modis-tpdc-remote-2020-2024,MODIS_TPDC_REMOTE_2020_2024,false
changdu-jiangda,2021-11-15,0.5094,+68.1%,51%,0.0%,山地草甸,基本稳定,27100.0,sample,true,true,modis,modis-tpdc-remote-2020-2024,MODIS_TPDC_REMOTE_2020_2024,false
changdu-jiangda,2021-12-15,0.3513,-4.9%,35%,0.0%,山地草甸,基本稳定,27100.0,sample,true,true,modis,modis-tpdc-remote-2020-2024,MODIS_TPDC_REMOTE_2020_2024,false
changdu-jiangda,2022-01-15,0.4097,+7.7%,41%,0.0%,山地草甸,基本稳定,27100.0,sample,true,true,modis,modis-tpdc-remote-2020-2024,MODIS_TPDC_REMOTE_2020_2024,false
changdu-jiangda,2022-02-15,0.5002,+12.3%,50%,0.0%,山地草甸,基本稳定,27100.0,sample,true,true,modis,modis-tpdc-remote-2020-2024,MODIS_TPDC_REMOTE_2020_2024,false
changdu-jiangda,2022-03-15,0.394,-19.6%,39%,0.0%,山地草甸,基本稳定,27100.0,sample,true,true,modis,modis-tpdc-remote-2020-2024,MODIS_TPDC_REMOTE_2020_2024,false
changdu-jiangda,2022-04-15,0.442,+4.4%,44%,0.0%,山地草甸,基本稳定,27100.0,sample,true,true,modis,modis-tpdc-remote-2020-2024,MODIS_TPDC_REMOTE_2020_2024,false
changdu-jiangda,2022-05-15,0.4876,+2.2%,49%,0.0%,山地草甸,基本稳定,27100.0,sample,true,true,modis,modis-tpdc-remote-2020-2024,MODIS_TPDC_REMOTE_2020_2024,false
changdu-jiangda,2022-06-15,0.7514,+25.5%,75%,0.0%,山地草甸,基本稳定,27100.0,sample,true,true,modis,modis-tpdc-remote-2020-2024,MODIS_TPDC_REMOTE_2020_2024,false
changdu-jiangda,2022-07-15,0.7342,+19.1%,73%,0.0%,山地草甸,基本稳定,27100.0,sample,true,true,modis,modis-tpdc-remote-2020-2024,MODIS_TPDC_REMOTE_2020_2024,false
changdu-jiangda,2022-08-15,0.5899,+43.6%,59%,0.0%,山地草甸,基本稳定,27100.0,sample,true,true,modis,modis-tpdc-remote-2020-2024,MODIS_TPDC_REMOTE_2020_2024,false
changdu-jiangda,2022-09-15,0.5637,-18.2%,56%,0.0%,山地草甸,基本稳定,27100.0,sample,true,true,modis,modis-tpdc-remote-2020-2024,MODIS_TPDC_REMOTE_2020_2024,false
changdu-jiangda,2022-10-15,0.4437,-13.6%,44%,0.0%,山地草甸,基本稳定,27100.0,sample,true,true,modis,modis-tpdc-remote-2020-2024,MODIS_TPDC_REMOTE_2020_2024,false
changdu-jiangda,2022-11-15,0.4755,-6.7%,48%,0.0%,山地草甸,基本稳定,27100.0,sample,true,true,modis,modis-tpdc-remote-2020-2024,MODIS_TPDC_REMOTE_2020_2024,false
changdu-jiangda,2022-12-15,0.3821,+8.8%,38%,0.0%,山地草甸,基本稳定,27100.0,sample,true,true,modis,modis-tpdc-remote-2020-2024,MODIS_TPDC_REMOTE_2020_2024,false
changdu-jiangda,2023-01-15,0.419,+2.3%,42%,0.0%,山地草甸,基本稳定,27100.0,sample,true,true,modis,modis-tpdc-remote-2020-2024,MODIS_TPDC_REMOTE_2020_2024,false
changdu-jiangda,2023-02-15,0.4274,-14.6%,43%,0.0%,山地草甸,基本稳定,27100.0,sample,true,true,modis,modis-tpdc-remote-2020-2024,MODIS_TPDC_REMOTE_2020_2024,false
changdu-jiangda,2023-03-15,0.5433,+37.9%,54%,0.0%,山地草甸,基本稳定,27100.0,sample,true,true,modis,modis-tpdc-remote-2020-2024,MODIS_TPDC_REMOTE_2020_2024,false
changdu-jiangda,2023-04-15,0.4346,-1.7%,43%,4.5%,山地草甸,基本稳定,27100.0,sample,true,true,modis,modis-tpdc-remote-2020-2024,MODIS_TPDC_REMOTE_2020_2024,false
changdu-jiangda,2023-05-15,0.5211,+6.9%,52%,0.0%,山地草甸,基本稳定,27100.0,sample,true,true,modis,modis-tpdc-remote-2020-2024,MODIS_TPDC_REMOTE_2020_2024,false
changdu-jiangda,2023-06-15,0.665,-11.5%,66%,0.0%,山地草甸,基本稳定,27100.0,sample,true,true,modis,modis-tpdc-remote-2020-2024,MODIS_TPDC_REMOTE_2020_2024,false
changdu-jiangda,2023-07-15,0.641,-12.7%,64%,0.0%,山地草甸,基本稳定,27100.0,sample,true,true,modis,modis-tpdc-remote-2020-2024,MODIS_TPDC_REMOTE_2020_2024,false
changdu-jiangda,2023-08-15,0.6638,+12.5%,66%,2.0%,山地草甸,基本稳定,27100.0,sample,true,true,modis,modis-tpdc-remote-2020-2024,MODIS_TPDC_REMOTE_2020_2024,false
changdu-jiangda,2023-09-15,0.7416,+31.5%,74%,0.0%,山地草甸,基本稳定,27100.0,sample,true,true,modis,modis-tpdc-remote-2020-2024,MODIS_TPDC_REMOTE_2020_2024,false
changdu-jiangda,2023-10-15,0.4748,+7.0%,47%,0.0%,山地草甸,基本稳定,27100.0,sample,true,true,modis,modis-tpdc-remote-2020-2024,MODIS_TPDC_REMOTE_2020_2024,false
changdu-jiangda,2023-11-15,0.4457,-6.3%,45%,0.6%,山地草甸,基本稳定,27100.0,sample,true,true,modis,modis-tpdc-remote-2020-2024,MODIS_TPDC_REMOTE_2020_2024,false
changdu-jiangda,2023-12-15,0.3687,-3.5%,37%,1.9%,山地草甸,基本稳定,27100.0,sample,true,true,modis,modis-tpdc-remote-2020-2024,MODIS_TPDC_REMOTE_2020_2024,false
changdu-jiangda,2024-01-15,0.4104,-2.0%,41%,0.0%,山地草甸,基本稳定,27100.0,sample,true,true,modis,modis-tpdc-remote-2020-2024,MODIS_TPDC_REMOTE_2020_2024,false
changdu-jiangda,2024-02-15,0.4039,-5.5%,40%,0.0%,山地草甸,基本稳定,27100.0,sample,true,true,modis,modis-tpdc-remote-2020-2024,MODIS_TPDC_REMOTE_2020_2024,false
changdu-jiangda,2024-03-15,0.417,-23.2%,42%,0.0%,山地草甸,基本稳定,27100.0,sample,true,true,modis,modis-tpdc-remote-2020-2024,MODIS_TPDC_REMOTE_2020_2024,false
changdu-jiangda,2024-04-15,0.4713,+8.4%,47%,0.0%,山地草甸,基本稳定,27100.0,sample,true,true,modis,modis-tpdc-remote-2020-2024,MODIS_TPDC_REMOTE_2020_2024,false
changdu-jiangda,2024-05-15,0.5671,+8.8%,57%,0.0%,山地草甸,基本稳定,27100.0,sample,true,true,modis,modis-tpdc-remote-2020-2024,MODIS_TPDC_REMOTE_2020_2024,false
changdu-jiangda,2024-06-15,0.6569,-1.2%,66%,0.0%,山地草甸,基本稳定,27100.0,sample,true,true,modis,modis-tpdc-remote-2020-2024,MODIS_TPDC_REMOTE_2020_2024,false
changdu-jiangda,2024-07-15,0.6412,+0.0%,64%,0.0%,山地草甸,基本稳定,27100.0,sample,true,true,modis,modis-tpdc-remote-2020-2024,MODIS_TPDC_REMOTE_2020_2024,false
changdu-jiangda,2024-08-15,0.6993,+5.3%,70%,0.0%,山地草甸,基本稳定,27100.0,sample,true,true,modis,modis-tpdc-remote-2020-2024,MODIS_TPDC_REMOTE_2020_2024,false
changdu-jiangda,2024-09-15,0.7295,-1.6%,73%,0.0%,山地草甸,基本稳定,27100.0,sample,true,true,modis,modis-tpdc-remote-2020-2024,MODIS_TPDC_REMOTE_2020_2024,false
changdu-jiangda,2024-10-15,0.3604,-24.1%,36%,0.0%,山地草甸,基本稳定,27100.0,sample,true,true,modis,modis-tpdc-remote-2020-2024,MODIS_TPDC_REMOTE_2020_2024,false
changdu-jiangda,2024-11-15,0.3635,-18.4%,36%,0.0%,山地草甸,基本稳定,27100.0,sample,true,true,modis,modis-tpdc-remote-2020-2024,MODIS_TPDC_REMOTE_2020_2024,false
changdu-jiangda,2024-12-15,0.2777,-24.7%,28%,0.0%,山地草甸,基本稳定,27100.0,sample,true,true,modis,modis-tpdc-remote-2020-2024,MODIS_TPDC_REMOTE_2020_2024,false
changdu-karuo,2020-01-15,0.0843,0%,8%,3.9%,山地草甸,轻度退化,28600.0,sample,true,true,modis,modis-tpdc-remote-2020-2024,MODIS_TPDC_REMOTE_2020_2024,false
changdu-karuo,2020-02-15,0.1079,0%,11%,0.6%,山地草甸,轻度退化,28600.0,sample,true,true,modis,modis-tpdc-remote-2020-2024,MODIS_TPDC_REMOTE_2020_2024,false
changdu-karuo,2020-03-15,0.0773,0%,8%,0.0%,山地草甸,轻度退化,28600.0,sample,true,true,modis,modis-tpdc-remote-2020-2024,MODIS_TPDC_REMOTE_2020_2024,false
changdu-karuo,2020-04-15,0.0929,0%,9%,0.0%,山地草甸,轻度退化,28600.0,sample,true,true,modis,modis-tpdc-remote-2020-2024,MODIS_TPDC_REMOTE_2020_2024,false
changdu-karuo,2020-05-15,0.0841,0%,8%,2.6%,山地草甸,轻度退化,28600.0,sample,true,true,modis,modis-tpdc-remote-2020-2024,MODIS_TPDC_REMOTE_2020_2024,false
changdu-karuo,2020-06-15,0.1179,0%,12%,0.0%,山地草甸,轻度退化,28600.0,sample,true,true,modis,modis-tpdc-remote-2020-2024,MODIS_TPDC_REMOTE_2020_2024,false
changdu-karuo,2020-07-15,0.2163,0%,22%,0.0%,山地草甸,轻度退化,28600.0,sample,true,true,modis,modis-tpdc-remote-2020-2024,MODIS_TPDC_REMOTE_2020_2024,false
changdu-karuo,2020-08-15,0.0888,0%,9%,0.0%,山地草甸,轻度退化,28600.0,sample,true,true,modis,modis-tpdc-remote-2020-2024,MODIS_TPDC_REMOTE_2020_2024,false
changdu-karuo,2020-09-15,0.0992,0%,10%,0.0%,山地草甸,轻度退化,28600.0,sample,true,true,modis,modis-tpdc-remote-2020-2024,MODIS_TPDC_REMOTE_2020_2024,false
changdu-karuo,2020-10-15,0.112,0%,11%,0.0%,山地草甸,轻度退化,28600.0,sample,true,true,modis,modis-tpdc-remote-2020-2024,MODIS_TPDC_REMOTE_2020_2024,false
changdu-karuo,2020-11-15,0.0787,0%,8%,0.0%,山地草甸,轻度退化,28600.0,sample,true,true,modis,modis-tpdc-remote-2020-2024,MODIS_TPDC_REMOTE_2020_2024,false
changdu-karuo,2020-12-15,0.1014,0%,10%,0.0%,山地草甸,轻度退化,28600.0,sample,true,true,modis,modis-tpdc-remote-2020-2024,MODIS_TPDC_REMOTE_2020_2024,false
changdu-karuo,2021-01-15,0.0825,-2.0%,8%,0.0%,山地草甸,轻度退化,28600.0,sample,true,true,modis,modis-tpdc-remote-2020-2024,MODIS_TPDC_REMOTE_2020_2024,false
changdu-karuo,2021-02-15,0.0936,-13.3%,9%,0.0%,山地草甸,轻度退化,28600.0,sample,true,true,modis,modis-tpdc-remote-2020-2024,MODIS_TPDC_REMOTE_2020_2024,false
changdu-karuo,2021-03-15,0.071,-8.2%,7%,0.0%,山地草甸,轻度退化,28600.0,sample,true,true,modis,modis-tpdc-remote-2020-2024,MODIS_TPDC_REMOTE_2020_2024,false
changdu-karuo,2021-04-15,0.0933,+0.5%,9%,0.0%,山地草甸,轻度退化,28600.0,sample,true,true,modis,modis-tpdc-remote-2020-2024,MODIS_TPDC_REMOTE_2020_2024,false
changdu-karuo,2021-05-15,0.0985,+17.1%,10%,0.0%,山地草甸,轻度退化,28600.0,sample,true,true,modis,modis-tpdc-remote-2020-2024,MODIS_TPDC_REMOTE_2020_2024,false
changdu-karuo,2021-06-15,0.1043,-11.5%,10%,0.0%,山地草甸,轻度退化,28600.0,sample,true,true,modis,modis-tpdc-remote-2020-2024,MODIS_TPDC_REMOTE_2020_2024,false
changdu-karuo,2021-07-15,0.1463,-32.4%,15%,0.0%,山地草甸,轻度退化,28600.0,sample,true,true,modis,modis-tpdc-remote-2020-2024,MODIS_TPDC_REMOTE_2020_2024,false
changdu-karuo,2021-08-15,0.1733,+95.3%,17%,0.0%,山地草甸,轻度退化,28600.0,sample,true,true,modis,modis-tpdc-remote-2020-2024,MODIS_TPDC_REMOTE_2020_2024,false
changdu-karuo,2021-09-15,0.1038,+4.7%,10%,0.0%,山地草甸,轻度退化,28600.0,sample,true,true,modis,modis-tpdc-remote-2020-2024,MODIS_TPDC_REMOTE_2020_2024,false
changdu-karuo,2021-10-15,0.1018,-9.1%,10%,0.0%,山地草甸,轻度退化,28600.0,sample,true,true,modis,modis-tpdc-remote-2020-2024,MODIS_TPDC_REMOTE_2020_2024,false
changdu-karuo,2021-11-15,0.0915,+16.2%,9%,0.4%,山地草甸,轻度退化,28600.0,sample,true,true,modis,modis-tpdc-remote-2020-2024,MODIS_TPDC_REMOTE_2020_2024,false
changdu-karuo,2021-12-15,0.0931,-8.2%,9%,0.0%,山地草甸,轻度退化,28600.0,sample,true,true,modis,modis-tpdc-remote-2020-2024,MODIS_TPDC_REMOTE_2020_2024,false
changdu-karuo,2022-01-15,0.0794,-3.9%,8%,0.0%,山地草甸,轻度退化,28600.0,sample,true,true,modis,modis-tpdc-remote-2020-2024,MODIS_TPDC_REMOTE_2020_2024,false
changdu-karuo,2022-02-15,0.1094,+16.9%,11%,0.0%,山地草甸,轻度退化,28600.0,sample,true,true,modis,modis-tpdc-remote-2020-2024,MODIS_TPDC_REMOTE_2020_2024,false
changdu-karuo,2022-03-15,0.0844,+18.9%,8%,0.0%,山地草甸,轻度退化,28600.0,sample,true,true,modis,modis-tpdc-remote-2020-2024,MODIS_TPDC_REMOTE_2020_2024,false
changdu-karuo,2022-04-15,0.0863,-7.6%,9%,0.0%,山地草甸,轻度退化,28600.0,sample,true,true,modis,modis-tpdc-remote-2020-2024,MODIS_TPDC_REMOTE_2020_2024,false
changdu-karuo,2022-05-15,0.1851,+87.9%,19%,0.0%,山地草甸,轻度退化,28600.0,sample,true,true,modis,modis-tpdc-remote-2020-2024,MODIS_TPDC_REMOTE_2020_2024,false
changdu-karuo,2022-06-15,0.2302,+120.6%,23%,0.0%,山地草甸,轻度退化,28600.0,sample,true,true,modis,modis-tpdc-remote-2020-2024,MODIS_TPDC_REMOTE_2020_2024,false
changdu-karuo,2022-07-15,0.1137,-22.3%,11%,0.0%,山地草甸,轻度退化,28600.0,sample,true,true,modis,modis-tpdc-remote-2020-2024,MODIS_TPDC_REMOTE_2020_2024,false
changdu-karuo,2022-08-15,0.0961,-44.5%,10%,0.0%,山地草甸,轻度退化,28600.0,sample,true,true,modis,modis-tpdc-remote-2020-2024,MODIS_TPDC_REMOTE_2020_2024,false
changdu-karuo,2022-09-15,0.0914,-12.0%,9%,5.2%,山地草甸,轻度退化,28600.0,sample,true,true,modis,modis-tpdc-remote-2020-2024,MODIS_TPDC_REMOTE_2020_2024,false
changdu-karuo,2022-10-15,0.1088,+6.9%,11%,0.0%,山地草甸,轻度退化,28600.0,sample,true,true,modis,modis-tpdc-remote-2020-2024,MODIS_TPDC_REMOTE_2020_2024,false
changdu-karuo,2022-11-15,0.0887,-3.0%,9%,0.0%,山地草甸,轻度退化,28600.0,sample,true,true,modis,modis-tpdc-remote-2020-2024,MODIS_TPDC_REMOTE_2020_2024,false
changdu-karuo,2022-12-15,0.081,-13.0%,8%,0.0%,山地草甸,轻度退化,28600.0,sample,true,true,modis,modis-tpdc-remote-2020-2024,MODIS_TPDC_REMOTE_2020_2024,false
changdu-karuo,2023-01-15,0.1001,+26.1%,10%,0.0%,山地草甸,轻度退化,28600.0,sample,true,true,modis,modis-tpdc-remote-2020-2024,MODIS_TPDC_REMOTE_2020_2024,false
changdu-karuo,2023-02-15,0.08,-26.9%,8%,0.0%,山地草甸,轻度退化,28600.0,sample,true,true,modis,modis-tpdc-remote-2020-2024,MODIS_TPDC_REMOTE_2020_2024,false
changdu-karuo,2023-03-15,0.0842,-0.3%,8%,0.7%,山地草甸,轻度退化,28600.0,sample,true,true,modis,modis-tpdc-remote-2020-2024,MODIS_TPDC_REMOTE_2020_2024,false
changdu-karuo,2023-04-15,0.1252,+45.1%,13%,0.0%,山地草甸,轻度退化,28600.0,sample,true,true,modis,modis-tpdc-remote-2020-2024,MODIS_TPDC_REMOTE_2020_2024,false
changdu-karuo,2023-05-15,0.0777,-58.0%,8%,0.0%,山地草甸,轻度退化,28600.0,sample,true,true,modis,modis-tpdc-remote-2020-2024,MODIS_TPDC_REMOTE_2020_2024,false
changdu-karuo,2023-06-15,0.1017,-55.8%,10%,0.0%,山地草甸,轻度退化,28600.0,sample,true,true,modis,modis-tpdc-remote-2020-2024,MODIS_TPDC_REMOTE_2020_2024,false
changdu-karuo,2023-07-15,0.0985,-13.4%,10%,1.0%,山地草甸,轻度退化,28600.0,sample,true,true,modis,modis-tpdc-remote-2020-2024,MODIS_TPDC_REMOTE_2020_2024,false
changdu-karuo,2023-08-15,0.12,+24.9%,12%,0.0%,山地草甸,轻度退化,28600.0,sample,true,true,modis,modis-tpdc-remote-2020-2024,MODIS_TPDC_REMOTE_2020_2024,false
changdu-karuo,2023-09-15,0.1012,+10.8%,10%,0.0%,山地草甸,轻度退化,28600.0,sample,true,true,modis,modis-tpdc-remote-2020-2024,MODIS_TPDC_REMOTE_2020_2024,false
changdu-karuo,2023-10-15,0.1003,-7.8%,10%,0.0%,山地草甸,轻度退化,28600.0,sample,true,true,modis,modis-tpdc-remote-2020-2024,MODIS_TPDC_REMOTE_2020_2024,false
changdu-karuo,2023-11-15,0.1087,+22.5%,11%,0.0%,山地草甸,轻度退化,28600.0,sample,true,true,modis,modis-tpdc-remote-2020-2024,MODIS_TPDC_REMOTE_2020_2024,false
changdu-karuo,2023-12-15,0.1278,+57.8%,13%,0.0%,山地草甸,轻度退化,28600.0,sample,true,true,modis,modis-tpdc-remote-2020-2024,MODIS_TPDC_REMOTE_2020_2024,false
changdu-karuo,2024-01-15,0.1004,+0.3%,10%,0.4%,山地草甸,轻度退化,28600.0,sample,true,true,modis,modis-tpdc-remote-2020-2024,MODIS_TPDC_REMOTE_2020_2024,false
changdu-karuo,2024-02-15,0.0984,+23.0%,10%,0.0%,山地草甸,轻度退化,28600.0,sample,true,true,modis,modis-tpdc-remote-2020-2024,MODIS_TPDC_REMOTE_2020_2024,false
changdu-karuo,2024-03-15,0.0821,-2.4%,8%,0.0%,山地草甸,轻度退化,28600.0,sample,true,true,modis,modis-tpdc-remote-2020-2024,MODIS_TPDC_REMOTE_2020_2024,false
changdu-karuo,2024-04-15,0.077,-38.5%,8%,0.0%,山地草甸,轻度退化,28600.0,sample,true,true,modis,modis-tpdc-remote-2020-2024,MODIS_TPDC_REMOTE_2020_2024,false
changdu-karuo,2024-05-15,0.1468,+88.9%,15%,0.0%,山地草甸,轻度退化,28600.0,sample,true,true,modis,modis-tpdc-remote-2020-2024,MODIS_TPDC_REMOTE_2020_2024,false
changdu-karuo,2024-06-15,0.0771,-24.2%,8%,1.5%,山地草甸,轻度退化,28600.0,sample,true,true,modis,modis-tpdc-remote-2020-2024,MODIS_TPDC_REMOTE_2020_2024,false
changdu-karuo,2024-07-15,0.1191,+20.9%,12%,0.0%,山地草甸,轻度退化,28600.0,sample,true,true,modis,modis-tpdc-remote-2020-2024,MODIS_TPDC_REMOTE_2020_2024,false
changdu-karuo,2024-08-15,0.1356,+13.0%,14%,0.0%,山地草甸,轻度退化,28600.0,sample,true,true,modis,modis-tpdc-remote-2020-2024,MODIS_TPDC_REMOTE_2020_2024,false
changdu-karuo,2024-09-15,0.1009,-0.3%,10%,0.0%,山地草甸,轻度退化,28600.0,sample,true,true,modis,modis-tpdc-remote-2020-2024,MODIS_TPDC_REMOTE_2020_2024,false
changdu-karuo,2024-10-15,0.0797,-20.5%,8%,0.0%,山地草甸,轻度退化,28600.0,sample,true,true,modis,modis-tpdc-remote-2020-2024,MODIS_TPDC_REMOTE_2020_2024,false
changdu-karuo,2024-11-15,0.0658,-39.5%,7%,0.0%,山地草甸,轻度退化,28600.0,sample,true,true,modis,modis-tpdc-remote-2020-2024,MODIS_TPDC_REMOTE_2020_2024,false
changdu-karuo,2024-12-15,0.0827,-35.3%,8%,0.0%,山地草甸,轻度退化,28600.0,sample,true,true,modis,modis-tpdc-remote-2020-2024,MODIS_TPDC_REMOTE_2020_2024,false
changdu-leiwuqi,2020-01-15,0.1692,0%,17%,10.2%,山地草甸,基本稳定,25200.0,sample,true,true,modis,modis-tpdc-remote-2020-2024,MODIS_TPDC_REMOTE_2020_2024,false
changdu-leiwuqi,2020-02-15,0.1328,0%,13%,0.8%,山地草甸,基本稳定,25200.0,sample,true,true,modis,modis-tpdc-remote-2020-2024,MODIS_TPDC_REMOTE_2020_2024,false
changdu-leiwuqi,2020-03-15,0.1555,0%,16%,0.0%,山地草甸,基本稳定,25200.0,sample,true,true,modis,modis-tpdc-remote-2020-2024,MODIS_TPDC_REMOTE_2020_2024,false
changdu-leiwuqi,2020-04-15,0.1521,0%,15%,0.0%,山地草甸,基本稳定,25200.0,sample,true,true,modis,modis-tpdc-remote-2020-2024,MODIS_TPDC_REMOTE_2020_2024,false
changdu-leiwuqi,2020-05-15,0.1889,0%,19%,0.0%,山地草甸,基本稳定,25200.0,sample,true,true,modis,modis-tpdc-remote-2020-2024,MODIS_TPDC_REMOTE_2020_2024,false
changdu-leiwuqi,2020-06-15,0.3735,0%,37%,0.0%,山地草甸,基本稳定,25200.0,sample,true,true,modis,modis-tpdc-remote-2020-2024,MODIS_TPDC_REMOTE_2020_2024,false
changdu-leiwuqi,2020-07-15,0.3644,0%,36%,0.0%,山地草甸,基本稳定,25200.0,sample,true,true,modis,modis-tpdc-remote-2020-2024,MODIS_TPDC_REMOTE_2020_2024,false
changdu-leiwuqi,2020-08-15,0.2767,0%,28%,0.0%,山地草甸,基本稳定,25200.0,sample,true,true,modis,modis-tpdc-remote-2020-2024,MODIS_TPDC_REMOTE_2020_2024,false
changdu-leiwuqi,2020-09-15,0.3767,0%,38%,0.0%,山地草甸,基本稳定,25200.0,sample,true,true,modis,modis-tpdc-remote-2020-2024,MODIS_TPDC_REMOTE_2020_2024,false
changdu-leiwuqi,2020-10-15,0.1914,0%,19%,0.0%,山地草甸,基本稳定,25200.0,sample,true,true,modis,modis-tpdc-remote-2020-2024,MODIS_TPDC_REMOTE_2020_2024,false
changdu-leiwuqi,2020-11-15,0.3118,0%,31%,2.3%,山地草甸,基本稳定,25200.0,sample,true,true,modis,modis-tpdc-remote-2020-2024,MODIS_TPDC_REMOTE_2020_2024,false
changdu-leiwuqi,2020-12-15,0.1647,0%,16%,2.7%,山地草甸,基本稳定,25200.0,sample,true,true,modis,modis-tpdc-remote-2020-2024,MODIS_TPDC_REMOTE_2020_2024,false
changdu-leiwuqi,2021-01-15,0.1547,-8.6%,15%,0.0%,山地草甸,基本稳定,25200.0,sample,true,true,modis,modis-tpdc-remote-2020-2024,MODIS_TPDC_REMOTE_2020_2024,false
changdu-leiwuqi,2021-02-15,0.1853,+39.6%,19%,0.0%,山地草甸,基本稳定,25200.0,sample,true,true,modis,modis-tpdc-remote-2020-2024,MODIS_TPDC_REMOTE_2020_2024,false
changdu-leiwuqi,2021-03-15,0.1615,+3.8%,16%,0.0%,山地草甸,基本稳定,25200.0,sample,true,true,modis,modis-tpdc-remote-2020-2024,MODIS_TPDC_REMOTE_2020_2024,false
changdu-leiwuqi,2021-04-15,0.1559,+2.5%,16%,0.0%,山地草甸,基本稳定,25200.0,sample,true,true,modis,modis-tpdc-remote-2020-2024,MODIS_TPDC_REMOTE_2020_2024,false
changdu-leiwuqi,2021-05-15,0.2749,+45.5%,27%,0.0%,山地草甸,基本稳定,25200.0,sample,true,true,modis,modis-tpdc-remote-2020-2024,MODIS_TPDC_REMOTE_2020_2024,false
changdu-leiwuqi,2021-06-15,0.512,+37.1%,51%,0.0%,山地草甸,基本稳定,25200.0,sample,true,true,modis,modis-tpdc-remote-2020-2024,MODIS_TPDC_REMOTE_2020_2024,false
changdu-leiwuqi,2021-07-15,0.3668,+0.7%,37%,2.4%,山地草甸,基本稳定,25200.0,sample,true,true,modis,modis-tpdc-remote-2020-2024,MODIS_TPDC_REMOTE_2020_2024,false
changdu-leiwuqi,2021-08-15,0.2564,-7.4%,26%,0.0%,山地草甸,基本稳定,25200.0,sample,true,true,modis,modis-tpdc-remote-2020-2024,MODIS_TPDC_REMOTE_2020_2024,false
changdu-leiwuqi,2021-09-15,0.3477,-7.7%,35%,0.0%,山地草甸,基本稳定,25200.0,sample,true,true,modis,modis-tpdc-remote-2020-2024,MODIS_TPDC_REMOTE_2020_2024,false
changdu-leiwuqi,2021-10-15,0.2573,+34.5%,26%,0.0%,山地草甸,基本稳定,25200.0,sample,true,true,modis,modis-tpdc-remote-2020-2024,MODIS_TPDC_REMOTE_2020_2024,false
changdu-leiwuqi,2021-11-15,0.1994,-36.0%,20%,0.0%,山地草甸,基本稳定,25200.0,sample,true,true,modis,modis-tpdc-remote-2020-2024,MODIS_TPDC_REMOTE_2020_2024,false
changdu-leiwuqi,2021-12-15,0.1578,-4.2%,16%,2.3%,山地草甸,基本稳定,25200.0,sample,true,true,modis,modis-tpdc-remote-2020-2024,MODIS_TPDC_REMOTE_2020_2024,false
changdu-leiwuqi,2022-01-15,0.1645,+6.3%,16%,1.6%,山地草甸,基本稳定,25200.0,sample,true,true,modis,modis-tpdc-remote-2020-2024,MODIS_TPDC_REMOTE_2020_2024,false
changdu-leiwuqi,2022-02-15,0.135,-27.1%,14%,4.5%,山地草甸,基本稳定,25200.0,sample,true,true,modis,modis-tpdc-remote-2020-2024,MODIS_TPDC_REMOTE_2020_2024,false
changdu-leiwuqi,2022-03-15,0.1026,-36.5%,10%,1.0%,山地草甸,基本稳定,25200.0,sample,true,true,modis,modis-tpdc-remote-2020-2024,MODIS_TPDC_REMOTE_2020_2024,false
changdu-leiwuqi,2022-04-15,0.1399,-10.3%,14%,0.0%,山地草甸,基本稳定,25200.0,sample,true,true,modis,modis-tpdc-remote-2020-2024,MODIS_TPDC_REMOTE_2020_2024,false
changdu-leiwuqi,2022-05-15,0.2637,-4.1%,26%,0.0%,山地草甸,基本稳定,25200.0,sample,true,true,modis,modis-tpdc-remote-2020-2024,MODIS_TPDC_REMOTE_2020_2024,false
changdu-leiwuqi,2022-06-15,0.4304,-15.9%,43%,0.0%,山地草甸,基本稳定,25200.0,sample,true,true,modis,modis-tpdc-remote-2020-2024,MODIS_TPDC_REMOTE_2020_2024,false
changdu-leiwuqi,2022-07-15,0.3999,+9.0%,40%,0.0%,山地草甸,基本稳定,25200.0,sample,true,true,modis,modis-tpdc-remote-2020-2024,MODIS_TPDC_REMOTE_2020_2024,false
changdu-leiwuqi,2022-08-15,0.3562,+38.9%,36%,0.0%,山地草甸,基本稳定,25200.0,sample,true,true,modis,modis-tpdc-remote-2020-2024,MODIS_TPDC_REMOTE_2020_2024,false
changdu-leiwuqi,2022-09-15,0.2569,-26.1%,26%,0.0%,山地草甸,基本稳定,25200.0,sample,true,true,modis,modis-tpdc-remote-2020-2024,MODIS_TPDC_REMOTE_2020_2024,false
changdu-leiwuqi,2022-10-15,0.2823,+9.7%,28%,0.0%,山地草甸,基本稳定,25200.0,sample,true,true,modis,modis-tpdc-remote-2020-2024,MODIS_TPDC_REMOTE_2020_2024,false
changdu-leiwuqi,2022-11-15,0.1875,-6.0%,19%,0.0%,山地草甸,基本稳定,25200.0,sample,true,true,modis,modis-tpdc-remote-2020-2024,MODIS_TPDC_REMOTE_2020_2024,false
changdu-leiwuqi,2022-12-15,0.1608,+1.9%,16%,0.0%,山地草甸,基本稳定,25200.0,sample,true,true,modis,modis-tpdc-remote-2020-2024,MODIS_TPDC_REMOTE_2020_2024,false
changdu-leiwuqi,2023-01-15,0.1784,+8.4%,18%,0.0%,山地草甸,基本稳定,25200.0,sample,true,true,modis,modis-tpdc-remote-2020-2024,MODIS_TPDC_REMOTE_2020_2024,false
changdu-leiwuqi,2023-02-15,0.1444,+6.9%,14%,3.6%,山地草甸,基本稳定,25200.0,sample,true,true,modis,modis-tpdc-remote-2020-2024,MODIS_TPDC_REMOTE_2020_2024,false
changdu-leiwuqi,2023-03-15,0.1228,+19.7%,12%,1.1%,山地草甸,基本稳定,25200.0,sample,true,true,modis,modis-tpdc-remote-2020-2024,MODIS_TPDC_REMOTE_2020_2024,false
changdu-leiwuqi,2023-04-15,0.1973,+41.0%,20%,6.7%,山地草甸,基本稳定,25200.0,sample,true,true,modis,modis-tpdc-remote-2020-2024,MODIS_TPDC_REMOTE_2020_2024,false
changdu-leiwuqi,2023-05-15,0.3243,+23.0%,32%,0.0%,山地草甸,基本稳定,25200.0,sample,true,true,modis,modis-tpdc-remote-2020-2024,MODIS_TPDC_REMOTE_2020_2024,false
changdu-leiwuqi,2023-06-15,0.2782,-35.4%,28%,0.0%,山地草甸,基本稳定,25200.0,sample,true,true,modis,modis-tpdc-remote-2020-2024,MODIS_TPDC_REMOTE_2020_2024,false
changdu-leiwuqi,2023-07-15,0.2646,-33.8%,26%,0.0%,山地草甸,基本稳定,25200.0,sample,true,true,modis,modis-tpdc-remote-2020-2024,MODIS_TPDC_REMOTE_2020_2024,false
changdu-leiwuqi,2023-08-15,0.5214,+46.4%,52%,0.0%,山地草甸,基本稳定,25200.0,sample,true,true,modis,modis-tpdc-remote-2020-2024,MODIS_TPDC_REMOTE_2020_2024,false
changdu-leiwuqi,2023-09-15,0.322,+25.3%,32%,0.0%,山地草甸,基本稳定,25200.0,sample,true,true,modis,modis-tpdc-remote-2020-2024,MODIS_TPDC_REMOTE_2020_2024,false
changdu-leiwuqi,2023-10-15,0.1726,-38.9%,17%,0.0%,山地草甸,基本稳定,25200.0,sample,true,true,modis,modis-tpdc-remote-2020-2024,MODIS_TPDC_REMOTE_2020_2024,false
changdu-leiwuqi,2023-11-15,0.2727,+45.5%,27%,0.0%,山地草甸,基本稳定,25200.0,sample,true,true,modis,modis-tpdc-remote-2020-2024,MODIS_TPDC_REMOTE_2020_2024,false
changdu-leiwuqi,2023-12-15,0.1347,-16.2%,13%,1.8%,山地草甸,基本稳定,25200.0,sample,true,true,modis,modis-tpdc-remote-2020-2024,MODIS_TPDC_REMOTE_2020_2024,false
changdu-leiwuqi,2024-01-15,0.2072,+16.1%,21%,0.0%,山地草甸,基本稳定,25200.0,sample,true,true,modis,modis-tpdc-remote-2020-2024,MODIS_TPDC_REMOTE_2020_2024,false
changdu-leiwuqi,2024-02-15,0.1905,+32.0%,19%,1.6%,山地草甸,基本稳定,25200.0,sample,true,true,modis,modis-tpdc-remote-2020-2024,MODIS_TPDC_REMOTE_2020_2024,false
changdu-leiwuqi,2024-03-15,0.1317,+7.2%,13%,1.1%,山地草甸,基本稳定,25200.0,sample,true,true,modis,modis-tpdc-remote-2020-2024,MODIS_TPDC_REMOTE_2020_2024,false
changdu-leiwuqi,2024-04-15,0.1415,-28.3%,14%,4.0%,山地草甸,基本稳定,25200.0,sample,true,true,modis,modis-tpdc-remote-2020-2024,MODIS_TPDC_REMOTE_2020_2024,false
changdu-leiwuqi,2024-05-15,0.1897,-41.5%,19%,0.0%,山地草甸,基本稳定,25200.0,sample,true,true,modis,modis-tpdc-remote-2020-2024,MODIS_TPDC_REMOTE_2020_2024,false
changdu-leiwuqi,2024-06-15,0.2479,-10.9%,25%,0.0%,山地草甸,基本稳定,25200.0,sample,true,true,modis,modis-tpdc-remote-2020-2024,MODIS_TPDC_REMOTE_2020_2024,false
changdu-leiwuqi,2024-07-15,0.5704,+115.6%,57%,0.0%,山地草甸,基本稳定,25200.0,sample,true,true,modis,modis-tpdc-remote-2020-2024,MODIS_TPDC_REMOTE_2020_2024,false
changdu-leiwuqi,2024-08-15,0.4111,-21.2%,41%,0.0%,山地草甸,基本稳定,25200.0,sample,true,true,modis,modis-tpdc-remote-2020-2024,MODIS_TPDC_REMOTE_2020_2024,false
changdu-leiwuqi,2024-09-15,0.2045,-36.5%,20%,0.0%,山地草甸,基本稳定,25200.0,sample,true,true,modis,modis-tpdc-remote-2020-2024,MODIS_TPDC_REMOTE_2020_2024,false
changdu-leiwuqi,2024-10-15,0.2167,+25.6%,22%,0.0%,山地草甸,基本稳定,25200.0,sample,true,true,modis,modis-tpdc-remote-2020-2024,MODIS_TPDC_REMOTE_2020_2024,false
changdu-leiwuqi,2024-11-15,0.1652,-39.4%,17%,0.0%,山地草甸,基本稳定,25200.0,sample,true,true,modis,modis-tpdc-remote-2020-2024,MODIS_TPDC_REMOTE_2020_2024,false
changdu-leiwuqi,2024-12-15,0.1884,+39.8%,19%,0.0%,山地草甸,基本稳定,25200.0,sample,true,true,modis,modis-tpdc-remote-2020-2024,MODIS_TPDC_REMOTE_2020_2024,false
changdu-luolong,2020-01-15,0.0916,0%,9%,3.8%,山地草甸,基本稳定,26300.0,sample,true,true,modis,modis-tpdc-remote-2020-2024,MODIS_TPDC_REMOTE_2020_2024,false
changdu-luolong,2020-02-15,0.1733,0%,17%,0.8%,山地草甸,基本稳定,26300.0,sample,true,true,modis,modis-tpdc-remote-2020-2024,MODIS_TPDC_REMOTE_2020_2024,false
changdu-luolong,2020-03-15,0.1694,0%,17%,0.0%,山地草甸,基本稳定,26300.0,sample,true,true,modis,modis-tpdc-remote-2020-2024,MODIS_TPDC_REMOTE_2020_2024,false
changdu-luolong,2020-04-15,0.1534,0%,15%,0.0%,山地草甸,基本稳定,26300.0,sample,true,true,modis,modis-tpdc-remote-2020-2024,MODIS_TPDC_REMOTE_2020_2024,false
changdu-luolong,2020-05-15,0.1445,0%,14%,0.0%,山地草甸,基本稳定,26300.0,sample,true,true,modis,modis-tpdc-remote-2020-2024,MODIS_TPDC_REMOTE_2020_2024,false
changdu-luolong,2020-06-15,0.4987,0%,50%,0.0%,山地草甸,基本稳定,26300.0,sample,true,true,modis,modis-tpdc-remote-2020-2024,MODIS_TPDC_REMOTE_2020_2024,false
changdu-luolong,2020-07-15,0.318,0%,32%,0.0%,山地草甸,基本稳定,26300.0,sample,true,true,modis,modis-tpdc-remote-2020-2024,MODIS_TPDC_REMOTE_2020_2024,false
changdu-luolong,2020-08-15,0.2596,0%,26%,0.0%,山地草甸,基本稳定,26300.0,sample,true,true,modis,modis-tpdc-remote-2020-2024,MODIS_TPDC_REMOTE_2020_2024,false
changdu-luolong,2020-09-15,0.2977,0%,30%,0.0%,山地草甸,基本稳定,26300.0,sample,true,true,modis,modis-tpdc-remote-2020-2024,MODIS_TPDC_REMOTE_2020_2024,false
changdu-luolong,2020-10-15,0.2277,0%,23%,0.0%,山地草甸,基本稳定,26300.0,sample,true,true,modis,modis-tpdc-remote-2020-2024,MODIS_TPDC_REMOTE_2020_2024,false
changdu-luolong,2020-11-15,0.1804,0%,18%,0.0%,山地草甸,基本稳定,26300.0,sample,true,true,modis,modis-tpdc-remote-2020-2024,MODIS_TPDC_REMOTE_2020_2024,false
changdu-luolong,2020-12-15,0.1909,0%,19%,0.0%,山地草甸,基本稳定,26300.0,sample,true,true,modis,modis-tpdc-remote-2020-2024,MODIS_TPDC_REMOTE_2020_2024,false
changdu-luolong,2021-01-15,0.1815,+98.3%,18%,0.0%,山地草甸,基本稳定,26300.0,sample,true,true,modis,modis-tpdc-remote-2020-2024,MODIS_TPDC_REMOTE_2020_2024,false
changdu-luolong,2021-02-15,0.1774,+2.4%,18%,0.0%,山地草甸,基本稳定,26300.0,sample,true,true,modis,modis-tpdc-remote-2020-2024,MODIS_TPDC_REMOTE_2020_2024,false
changdu-luolong,2021-03-15,0.1626,-4.0%,16%,0.0%,山地草甸,基本稳定,26300.0,sample,true,true,modis,modis-tpdc-remote-2020-2024,MODIS_TPDC_REMOTE_2020_2024,false
changdu-luolong,2021-04-15,0.1735,+13.1%,17%,0.0%,山地草甸,基本稳定,26300.0,sample,true,true,modis,modis-tpdc-remote-2020-2024,MODIS_TPDC_REMOTE_2020_2024,false
changdu-luolong,2021-05-15,0.3238,+124.0%,32%,0.0%,山地草甸,基本稳定,26300.0,sample,true,true,modis,modis-tpdc-remote-2020-2024,MODIS_TPDC_REMOTE_2020_2024,false
changdu-luolong,2021-06-15,0.2908,-41.7%,29%,0.0%,山地草甸,基本稳定,26300.0,sample,true,true,modis,modis-tpdc-remote-2020-2024,MODIS_TPDC_REMOTE_2020_2024,false
changdu-luolong,2021-07-15,0.2845,-10.5%,28%,0.0%,山地草甸,基本稳定,26300.0,sample,true,true,modis,modis-tpdc-remote-2020-2024,MODIS_TPDC_REMOTE_2020_2024,false
changdu-luolong,2021-08-15,0.4277,+64.7%,43%,0.0%,山地草甸,基本稳定,26300.0,sample,true,true,modis,modis-tpdc-remote-2020-2024,MODIS_TPDC_REMOTE_2020_2024,false
changdu-luolong,2021-09-15,0.3349,+12.5%,33%,0.0%,山地草甸,基本稳定,26300.0,sample,true,true,modis,modis-tpdc-remote-2020-2024,MODIS_TPDC_REMOTE_2020_2024,false
changdu-luolong,2021-10-15,0.3113,+36.7%,31%,0.0%,山地草甸,基本稳定,26300.0,sample,true,true,modis,modis-tpdc-remote-2020-2024,MODIS_TPDC_REMOTE_2020_2024,false
changdu-luolong,2021-11-15,0.2144,+18.8%,21%,0.0%,山地草甸,基本稳定,26300.0,sample,true,true,modis,modis-tpdc-remote-2020-2024,MODIS_TPDC_REMOTE_2020_2024,false
changdu-luolong,2021-12-15,0.1845,-3.3%,18%,0.0%,山地草甸,基本稳定,26300.0,sample,true,true,modis,modis-tpdc-remote-2020-2024,MODIS_TPDC_REMOTE_2020_2024,false
changdu-luolong,2022-01-15,0.1845,+1.6%,18%,0.0%,山地草甸,基本稳定,26300.0,sample,true,true,modis,modis-tpdc-remote-2020-2024,MODIS_TPDC_REMOTE_2020_2024,false
changdu-luolong,2022-02-15,0.2014,+13.5%,20%,1.4%,山地草甸,基本稳定,26300.0,sample,true,true,modis,modis-tpdc-remote-2020-2024,MODIS_TPDC_REMOTE_2020_2024,false
changdu-luolong,2022-03-15,0.1682,+3.5%,17%,0.0%,山地草甸,基本稳定,26300.0,sample,true,true,modis,modis-tpdc-remote-2020-2024,MODIS_TPDC_REMOTE_2020_2024,false
changdu-luolong,2022-04-15,0.1741,+0.4%,17%,0.0%,山地草甸,基本稳定,26300.0,sample,true,true,modis,modis-tpdc-remote-2020-2024,MODIS_TPDC_REMOTE_2020_2024,false
changdu-luolong,2022-05-15,0.164,-49.4%,16%,0.0%,山地草甸,基本稳定,26300.0,sample,true,true,modis,modis-tpdc-remote-2020-2024,MODIS_TPDC_REMOTE_2020_2024,false
changdu-luolong,2022-06-15,0.3683,+26.6%,37%,0.0%,山地草甸,基本稳定,26300.0,sample,true,true,modis,modis-tpdc-remote-2020-2024,MODIS_TPDC_REMOTE_2020_2024,false
changdu-luolong,2022-07-15,0.3363,+18.2%,34%,0.9%,山地草甸,基本稳定,26300.0,sample,true,true,modis,modis-tpdc-remote-2020-2024,MODIS_TPDC_REMOTE_2020_2024,false
changdu-luolong,2022-08-15,0.2807,-34.4%,28%,0.0%,山地草甸,基本稳定,26300.0,sample,true,true,modis,modis-tpdc-remote-2020-2024,MODIS_TPDC_REMOTE_2020_2024,false
changdu-luolong,2022-09-15,0.268,-20.0%,27%,0.0%,山地草甸,基本稳定,26300.0,sample,true,true,modis,modis-tpdc-remote-2020-2024,MODIS_TPDC_REMOTE_2020_2024,false
changdu-luolong,2022-10-15,0.2809,-9.8%,28%,6.0%,山地草甸,基本稳定,26300.0,sample,true,true,modis,modis-tpdc-remote-2020-2024,MODIS_TPDC_REMOTE_2020_2024,false
changdu-luolong,2022-11-15,0.2396,+11.7%,24%,0.0%,山地草甸,基本稳定,26300.0,sample,true,true,modis,modis-tpdc-remote-2020-2024,MODIS_TPDC_REMOTE_2020_2024,false
changdu-luolong,2022-12-15,0.1918,+4.0%,19%,0.0%,山地草甸,基本稳定,26300.0,sample,true,true,modis,modis-tpdc-remote-2020-2024,MODIS_TPDC_REMOTE_2020_2024,false
changdu-luolong,2023-01-15,0.1846,+0.1%,18%,0.0%,山地草甸,基本稳定,26300.0,sample,true,true,modis,modis-tpdc-remote-2020-2024,MODIS_TPDC_REMOTE_2020_2024,false
changdu-luolong,2023-02-15,0.1734,-13.9%,17%,0.8%,山地草甸,基本稳定,26300.0,sample,true,true,modis,modis-tpdc-remote-2020-2024,MODIS_TPDC_REMOTE_2020_2024,false
changdu-luolong,2023-03-15,0.1827,+8.7%,18%,0.0%,山地草甸,基本稳定,26300.0,sample,true,true,modis,modis-tpdc-remote-2020-2024,MODIS_TPDC_REMOTE_2020_2024,false
changdu-luolong,2023-04-15,0.1603,-8.0%,16%,0.0%,山地草甸,基本稳定,26300.0,sample,true,true,modis,modis-tpdc-remote-2020-2024,MODIS_TPDC_REMOTE_2020_2024,false
changdu-luolong,2023-05-15,0.2649,+61.5%,26%,0.0%,山地草甸,基本稳定,26300.0,sample,true,true,modis,modis-tpdc-remote-2020-2024,MODIS_TPDC_REMOTE_2020_2024,false
changdu-luolong,2023-06-15,0.2797,-24.0%,28%,0.0%,山地草甸,基本稳定,26300.0,sample,true,true,modis,modis-tpdc-remote-2020-2024,MODIS_TPDC_REMOTE_2020_2024,false
changdu-luolong,2023-07-15,0.3317,-1.4%,33%,0.0%,山地草甸,基本稳定,26300.0,sample,true,true,modis,modis-tpdc-remote-2020-2024,MODIS_TPDC_REMOTE_2020_2024,false
changdu-luolong,2023-08-15,0.2821,+0.5%,28%,0.0%,山地草甸,基本稳定,26300.0,sample,true,true,modis,modis-tpdc-remote-2020-2024,MODIS_TPDC_REMOTE_2020_2024,false
changdu-luolong,2023-09-15,0.3266,+21.9%,33%,0.0%,山地草甸,基本稳定,26300.0,sample,true,true,modis,modis-tpdc-remote-2020-2024,MODIS_TPDC_REMOTE_2020_2024,false
changdu-luolong,2023-10-15,0.2781,-1.0%,28%,0.0%,山地草甸,基本稳定,26300.0,sample,true,true,modis,modis-tpdc-remote-2020-2024,MODIS_TPDC_REMOTE_2020_2024,false
changdu-luolong,2023-11-15,0.1928,-19.5%,19%,0.0%,山地草甸,基本稳定,26300.0,sample,true,true,modis,modis-tpdc-remote-2020-2024,MODIS_TPDC_REMOTE_2020_2024,false
changdu-luolong,2023-12-15,0.1498,-21.9%,15%,1.7%,山地草甸,基本稳定,26300.0,sample,true,true,modis,modis-tpdc-remote-2020-2024,MODIS_TPDC_REMOTE_2020_2024,false
changdu-luolong,2024-01-15,0.1608,-12.9%,16%,0.0%,山地草甸,基本稳定,26300.0,sample,true,true,modis,modis-tpdc-remote-2020-2024,MODIS_TPDC_REMOTE_2020_2024,false
changdu-luolong,2024-02-15,0.1809,+4.4%,18%,0.0%,山地草甸,基本稳定,26300.0,sample,true,true,modis,modis-tpdc-remote-2020-2024,MODIS_TPDC_REMOTE_2020_2024,false
changdu-luolong,2024-03-15,0.1706,-6.7%,17%,1.4%,山地草甸,基本稳定,26300.0,sample,true,true,modis,modis-tpdc-remote-2020-2024,MODIS_TPDC_REMOTE_2020_2024,false
changdu-luolong,2024-04-15,0.1593,-0.6%,16%,0.0%,山地草甸,基本稳定,26300.0,sample,true,true,modis,modis-tpdc-remote-2020-2024,MODIS_TPDC_REMOTE_2020_2024,false
changdu-luolong,2024-05-15,0.3026,+14.3%,30%,0.0%,山地草甸,基本稳定,26300.0,sample,true,true,modis,modis-tpdc-remote-2020-2024,MODIS_TPDC_REMOTE_2020_2024,false
changdu-luolong,2024-06-15,0.3269,+16.9%,33%,0.0%,山地草甸,基本稳定,26300.0,sample,true,true,modis,modis-tpdc-remote-2020-2024,MODIS_TPDC_REMOTE_2020_2024,false
changdu-luolong,2024-07-15,0.274,-17.4%,27%,0.0%,山地草甸,基本稳定,26300.0,sample,true,true,modis,modis-tpdc-remote-2020-2024,MODIS_TPDC_REMOTE_2020_2024,false
changdu-luolong,2024-08-15,0.3101,+9.9%,31%,0.0%,山地草甸,基本稳定,26300.0,sample,true,true,modis,modis-tpdc-remote-2020-2024,MODIS_TPDC_REMOTE_2020_2024,false
changdu-luolong,2024-09-15,0.2467,-24.5%,25%,0.0%,山地草甸,基本稳定,26300.0,sample,true,true,modis,modis-tpdc-remote-2020-2024,MODIS_TPDC_REMOTE_2020_2024,false
changdu-luolong,2024-10-15,0.2316,-16.7%,23%,0.0%,山地草甸,基本稳定,26300.0,sample,true,true,modis,modis-tpdc-remote-2020-2024,MODIS_TPDC_REMOTE_2020_2024,false
changdu-luolong,2024-11-15,0.1668,-13.5%,17%,0.0%,山地草甸,基本稳定,26300.0,sample,true,true,modis,modis-tpdc-remote-2020-2024,MODIS_TPDC_REMOTE_2020_2024,false
changdu-luolong,2024-12-15,0.1803,+20.4%,18%,0.0%,山地草甸,基本稳定,26300.0,sample,true,true,modis,modis-tpdc-remote-2020-2024,MODIS_TPDC_REMOTE_2020_2024,false
gannan-luqu,2020-01-15,0.0897,0%,9%,10.3%,山地草甸,基本稳定,33100.0,sample,true,true,modis,modis-tpdc-remote-2020-2024,MODIS_TPDC_REMOTE_2020_2024,false
gannan-luqu,2020-02-15,0.105,0%,10%,0.0%,山地草甸,基本稳定,33100.0,sample,true,true,modis,modis-tpdc-remote-2020-2024,MODIS_TPDC_REMOTE_2020_2024,false
gannan-luqu,2020-03-15,0.1,0%,10%,0.0%,山地草甸,基本稳定,33100.0,sample,true,true,modis,modis-tpdc-remote-2020-2024,MODIS_TPDC_REMOTE_2020_2024,false
gannan-luqu,2020-04-15,0.1312,0%,13%,0.0%,山地草甸,基本稳定,33100.0,sample,true,true,modis,modis-tpdc-remote-2020-2024,MODIS_TPDC_REMOTE_2020_2024,false
gannan-luqu,2020-05-15,0.1331,0%,13%,0.0%,山地草甸,基本稳定,33100.0,sample,true,true,modis,modis-tpdc-remote-2020-2024,MODIS_TPDC_REMOTE_2020_2024,false
gannan-luqu,2020-06-15,0.1862,0%,19%,0.0%,山地草甸,基本稳定,33100.0,sample,true,true,modis,modis-tpdc-remote-2020-2024,MODIS_TPDC_REMOTE_2020_2024,false
gannan-luqu,2020-07-15,0.3052,0%,31%,0.0%,山地草甸,基本稳定,33100.0,sample,true,true,modis,modis-tpdc-remote-2020-2024,MODIS_TPDC_REMOTE_2020_2024,false
gannan-luqu,2020-08-15,0.1962,0%,20%,0.0%,山地草甸,基本稳定,33100.0,sample,true,true,modis,modis-tpdc-remote-2020-2024,MODIS_TPDC_REMOTE_2020_2024,false
gannan-luqu,2020-09-15,0.2266,0%,23%,0.0%,山地草甸,基本稳定,33100.0,sample,true,true,modis,modis-tpdc-remote-2020-2024,MODIS_TPDC_REMOTE_2020_2024,false
gannan-luqu,2020-10-15,0.1457,0%,15%,0.0%,山地草甸,基本稳定,33100.0,sample,true,true,modis,modis-tpdc-remote-2020-2024,MODIS_TPDC_REMOTE_2020_2024,false
gannan-luqu,2020-11-15,0.124,0%,12%,3.4%,山地草甸,基本稳定,33100.0,sample,true,true,modis,modis-tpdc-remote-2020-2024,MODIS_TPDC_REMOTE_2020_2024,false
gannan-luqu,2020-12-15,0.1145,0%,11%,0.0%,山地草甸,基本稳定,33100.0,sample,true,true,modis,modis-tpdc-remote-2020-2024,MODIS_TPDC_REMOTE_2020_2024,false
gannan-luqu,2021-01-15,0.1068,+19.1%,11%,0.0%,山地草甸,基本稳定,33100.0,sample,true,true,modis,modis-tpdc-remote-2020-2024,MODIS_TPDC_REMOTE_2020_2024,false
gannan-luqu,2021-02-15,0.1131,+7.8%,11%,0.0%,山地草甸,基本稳定,33100.0,sample,true,true,modis,modis-tpdc-remote-2020-2024,MODIS_TPDC_REMOTE_2020_2024,false
gannan-luqu,2021-03-15,0.105,+5.1%,10%,5.7%,山地草甸,基本稳定,33100.0,sample,true,true,modis,modis-tpdc-remote-2020-2024,MODIS_TPDC_REMOTE_2020_2024,false
gannan-luqu,2021-04-15,0.1279,-2.5%,13%,0.0%,山地草甸,基本稳定,33100.0,sample,true,true,modis,modis-tpdc-remote-2020-2024,MODIS_TPDC_REMOTE_2020_2024,false
gannan-luqu,2021-05-15,0.172,+29.2%,17%,0.0%,山地草甸,基本稳定,33100.0,sample,true,true,modis,modis-tpdc-remote-2020-2024,MODIS_TPDC_REMOTE_2020_2024,false
gannan-luqu,2021-06-15,0.2332,+25.2%,23%,0.0%,山地草甸,基本稳定,33100.0,sample,true,true,modis,modis-tpdc-remote-2020-2024,MODIS_TPDC_REMOTE_2020_2024,false
gannan-luqu,2021-07-15,0.1659,-45.6%,17%,0.0%,山地草甸,基本稳定,33100.0,sample,true,true,modis,modis-tpdc-remote-2020-2024,MODIS_TPDC_REMOTE_2020_2024,false
gannan-luqu,2021-08-15,0.1866,-4.9%,19%,0.0%,山地草甸,基本稳定,33100.0,sample,true,true,modis,modis-tpdc-remote-2020-2024,MODIS_TPDC_REMOTE_2020_2024,false
gannan-luqu,2021-09-15,0.1585,-30.0%,16%,0.0%,山地草甸,基本稳定,33100.0,sample,true,true,modis,modis-tpdc-remote-2020-2024,MODIS_TPDC_REMOTE_2020_2024,false
gannan-luqu,2021-10-15,0.1126,-22.7%,11%,0.0%,山地草甸,基本稳定,33100.0,sample,true,true,modis,modis-tpdc-remote-2020-2024,MODIS_TPDC_REMOTE_2020_2024,false
gannan-luqu,2021-11-15,0.1017,-18.0%,10%,0.0%,山地草甸,基本稳定,33100.0,sample,true,true,modis,modis-tpdc-remote-2020-2024,MODIS_TPDC_REMOTE_2020_2024,false
gannan-luqu,2021-12-15,0.1223,+6.8%,12%,2.2%,山地草甸,基本稳定,33100.0,sample,true,true,modis,modis-tpdc-remote-2020-2024,MODIS_TPDC_REMOTE_2020_2024,false
gannan-luqu,2022-01-15,0.1053,-1.5%,11%,0.0%,山地草甸,基本稳定,33100.0,sample,true,true,modis,modis-tpdc-remote-2020-2024,MODIS_TPDC_REMOTE_2020_2024,false
gannan-luqu,2022-02-15,0.1274,+12.6%,13%,0.0%,山地草甸,基本稳定,33100.0,sample,true,true,modis,modis-tpdc-remote-2020-2024,MODIS_TPDC_REMOTE_2020_2024,false
gannan-luqu,2022-03-15,0.1127,+7.3%,11%,1.4%,山地草甸,基本稳定,33100.0,sample,true,true,modis,modis-tpdc-remote-2020-2024,MODIS_TPDC_REMOTE_2020_2024,false
gannan-luqu,2022-04-15,0.1148,-10.3%,11%,0.0%,山地草甸,基本稳定,33100.0,sample,true,true,modis,modis-tpdc-remote-2020-2024,MODIS_TPDC_REMOTE_2020_2024,false
gannan-luqu,2022-05-15,0.1522,-11.5%,15%,0.0%,山地草甸,基本稳定,33100.0,sample,true,true,modis,modis-tpdc-remote-2020-2024,MODIS_TPDC_REMOTE_2020_2024,false
gannan-luqu,2022-06-15,0.2473,+6.0%,25%,0.0%,山地草甸,基本稳定,33100.0,sample,true,true,modis,modis-tpdc-remote-2020-2024,MODIS_TPDC_REMOTE_2020_2024,false
gannan-luqu,2022-07-15,0.1945,+17.2%,19%,0.0%,山地草甸,基本稳定,33100.0,sample,true,true,modis,modis-tpdc-remote-2020-2024,MODIS_TPDC_REMOTE_2020_2024,false
gannan-luqu,2022-08-15,0.2114,+13.3%,21%,0.7%,山地草甸,基本稳定,33100.0,sample,true,true,modis,modis-tpdc-remote-2020-2024,MODIS_TPDC_REMOTE_2020_2024,false
gannan-luqu,2022-09-15,0.1845,+16.4%,18%,0.0%,山地草甸,基本稳定,33100.0,sample,true,true,modis,modis-tpdc-remote-2020-2024,MODIS_TPDC_REMOTE_2020_2024,false
gannan-luqu,2022-10-15,0.1183,+5.1%,12%,0.0%,山地草甸,基本稳定,33100.0,sample,true,true,modis,modis-tpdc-remote-2020-2024,MODIS_TPDC_REMOTE_2020_2024,false
gannan-luqu,2022-11-15,0.1251,+23.0%,13%,1.7%,山地草甸,基本稳定,33100.0,sample,true,true,modis,modis-tpdc-remote-2020-2024,MODIS_TPDC_REMOTE_2020_2024,false
gannan-luqu,2022-12-15,0.0969,-20.8%,10%,0.0%,山地草甸,基本稳定,33100.0,sample,true,true,modis,modis-tpdc-remote-2020-2024,MODIS_TPDC_REMOTE_2020_2024,false
gannan-luqu,2023-01-15,0.099,-6.0%,10%,0.0%,山地草甸,基本稳定,33100.0,sample,true,true,modis,modis-tpdc-remote-2020-2024,MODIS_TPDC_REMOTE_2020_2024,false
gannan-luqu,2023-02-15,0.0972,-23.7%,10%,0.0%,山地草甸,基本稳定,33100.0,sample,true,true,modis,modis-tpdc-remote-2020-2024,MODIS_TPDC_REMOTE_2020_2024,false
gannan-luqu,2023-03-15,0.0938,-16.8%,9%,0.0%,山地草甸,基本稳定,33100.0,sample,true,true,modis,modis-tpdc-remote-2020-2024,MODIS_TPDC_REMOTE_2020_2024,false
gannan-luqu,2023-04-15,0.1142,-0.5%,11%,0.0%,山地草甸,基本稳定,33100.0,sample,true,true,modis,modis-tpdc-remote-2020-2024,MODIS_TPDC_REMOTE_2020_2024,false
gannan-luqu,2023-05-15,0.1532,+0.6%,15%,0.0%,山地草甸,基本稳定,33100.0,sample,true,true,modis,modis-tpdc-remote-2020-2024,MODIS_TPDC_REMOTE_2020_2024,false
gannan-luqu,2023-06-15,0.2247,-9.1%,22%,0.0%,山地草甸,基本稳定,33100.0,sample,true,true,modis,modis-tpdc-remote-2020-2024,MODIS_TPDC_REMOTE_2020_2024,false
gannan-luqu,2023-07-15,0.2693,+38.5%,27%,0.0%,山地草甸,基本稳定,33100.0,sample,true,true,modis,modis-tpdc-remote-2020-2024,MODIS_TPDC_REMOTE_2020_2024,false
gannan-luqu,2023-08-15,0.2026,-4.2%,20%,0.0%,山地草甸,基本稳定,33100.0,sample,true,true,modis,modis-tpdc-remote-2020-2024,MODIS_TPDC_REMOTE_2020_2024,false
gannan-luqu,2023-09-15,0.1423,-22.9%,14%,0.0%,山地草甸,基本稳定,33100.0,sample,true,true,modis,modis-tpdc-remote-2020-2024,MODIS_TPDC_REMOTE_2020_2024,false
gannan-luqu,2023-10-15,0.1084,-8.4%,11%,0.0%,山地草甸,基本稳定,33100.0,sample,true,true,modis,modis-tpdc-remote-2020-2024,MODIS_TPDC_REMOTE_2020_2024,false
gannan-luqu,2023-11-15,0.1261,+0.8%,13%,0.0%,山地草甸,基本稳定,33100.0,sample,true,true,modis,modis-tpdc-remote-2020-2024,MODIS_TPDC_REMOTE_2020_2024,false
gannan-luqu,2023-12-15,0.12,+23.9%,12%,0.0%,山地草甸,基本稳定,33100.0,sample,true,true,modis,modis-tpdc-remote-2020-2024,MODIS_TPDC_REMOTE_2020_2024,false
gannan-luqu,2024-01-15,0.0971,-1.9%,10%,0.0%,山地草甸,基本稳定,33100.0,sample,true,true,modis,modis-tpdc-remote-2020-2024,MODIS_TPDC_REMOTE_2020_2024,false
gannan-luqu,2024-02-15,0.1079,+11.0%,11%,4.2%,山地草甸,基本稳定,33100.0,sample,true,true,modis,modis-tpdc-remote-2020-2024,MODIS_TPDC_REMOTE_2020_2024,false
gannan-luqu,2024-03-15,0.0916,-2.3%,9%,0.0%,山地草甸,基本稳定,33100.0,sample,true,true,modis,modis-tpdc-remote-2020-2024,MODIS_TPDC_REMOTE_2020_2024,false
gannan-luqu,2024-04-15,0.1229,+7.7%,12%,0.0%,山地草甸,基本稳定,33100.0,sample,true,true,modis,modis-tpdc-remote-2020-2024,MODIS_TPDC_REMOTE_2020_2024,false
gannan-luqu,2024-05-15,0.1744,+13.8%,17%,0.0%,山地草甸,基本稳定,33100.0,sample,true,true,modis,modis-tpdc-remote-2020-2024,MODIS_TPDC_REMOTE_2020_2024,false
gannan-luqu,2024-06-15,0.1844,-18.0%,18%,0.0%,山地草甸,基本稳定,33100.0,sample,true,true,modis,modis-tpdc-remote-2020-2024,MODIS_TPDC_REMOTE_2020_2024,false
gannan-luqu,2024-07-15,0.3291,+22.2%,33%,1.5%,山地草甸,基本稳定,33100.0,sample,true,true,modis,modis-tpdc-remote-2020-2024,MODIS_TPDC_REMOTE_2020_2024,false
gannan-luqu,2024-08-15,0.2414,+19.2%,24%,0.0%,山地草甸,基本稳定,33100.0,sample,true,true,modis,modis-tpdc-remote-2020-2024,MODIS_TPDC_REMOTE_2020_2024,false
gannan-luqu,2024-09-15,0.138,-3.1%,14%,0.0%,山地草甸,基本稳定,33100.0,sample,true,true,modis,modis-tpdc-remote-2020-2024,MODIS_TPDC_REMOTE_2020_2024,false
gannan-luqu,2024-10-15,0.115,+6.1%,12%,0.0%,山地草甸,基本稳定,33100.0,sample,true,true,modis,modis-tpdc-remote-2020-2024,MODIS_TPDC_REMOTE_2020_2024,false
gannan-luqu,2024-11-15,0.1556,+23.4%,16%,6.5%,山地草甸,基本稳定,33100.0,sample,true,true,modis,modis-tpdc-remote-2020-2024,MODIS_TPDC_REMOTE_2020_2024,false
gannan-luqu,2024-12-15,0.1038,-13.5%,10%,0.0%,山地草甸,基本稳定,33100.0,sample,true,true,modis,modis-tpdc-remote-2020-2024,MODIS_TPDC_REMOTE_2020_2024,false
ganzi-seda,2020-01-15,0.1071,0%,11%,0.0%,高寒草甸,基本稳定,24500.0,sample,true,true,modis,modis-tpdc-remote-2020-2024,MODIS_TPDC_REMOTE_2020_2024,false
ganzi-seda,2020-02-15,0.0802,0%,8%,2.6%,高寒草甸,基本稳定,24500.0,sample,true,true,modis,modis-tpdc-remote-2020-2024,MODIS_TPDC_REMOTE_2020_2024,false
ganzi-seda,2020-03-15,0.1001,0%,10%,0.0%,高寒草甸,基本稳定,24500.0,sample,true,true,modis,modis-tpdc-remote-2020-2024,MODIS_TPDC_REMOTE_2020_2024,false
ganzi-seda,2020-04-15,0.0998,0%,10%,3.2%,高寒草甸,基本稳定,24500.0,sample,true,true,modis,modis-tpdc-remote-2020-2024,MODIS_TPDC_REMOTE_2020_2024,false
ganzi-seda,2020-05-15,0.1346,0%,13%,0.0%,高寒草甸,基本稳定,24500.0,sample,true,true,modis,modis-tpdc-remote-2020-2024,MODIS_TPDC_REMOTE_2020_2024,false
ganzi-seda,2020-06-15,0.1875,0%,19%,0.0%,高寒草甸,基本稳定,24500.0,sample,true,true,modis,modis-tpdc-remote-2020-2024,MODIS_TPDC_REMOTE_2020_2024,false
ganzi-seda,2020-07-15,0.2406,0%,24%,0.0%,高寒草甸,基本稳定,24500.0,sample,true,true,modis,modis-tpdc-remote-2020-2024,MODIS_TPDC_REMOTE_2020_2024,false
ganzi-seda,2020-08-15,0.1626,0%,16%,0.0%,高寒草甸,基本稳定,24500.0,sample,true,true,modis,modis-tpdc-remote-2020-2024,MODIS_TPDC_REMOTE_2020_2024,false
ganzi-seda,2020-09-15,0.1923,0%,19%,0.0%,高寒草甸,基本稳定,24500.0,sample,true,true,modis,modis-tpdc-remote-2020-2024,MODIS_TPDC_REMOTE_2020_2024,false
ganzi-seda,2020-10-15,0.0963,0%,10%,0.0%,高寒草甸,基本稳定,24500.0,sample,true,true,modis,modis-tpdc-remote-2020-2024,MODIS_TPDC_REMOTE_2020_2024,false
ganzi-seda,2020-11-15,0.0937,0%,9%,0.0%,高寒草甸,基本稳定,24500.0,sample,true,true,modis,modis-tpdc-remote-2020-2024,MODIS_TPDC_REMOTE_2020_2024,false
ganzi-seda,2020-12-15,0.1021,0%,10%,7.5%,高寒草甸,基本稳定,24500.0,sample,true,true,modis,modis-tpdc-remote-2020-2024,MODIS_TPDC_REMOTE_2020_2024,false
ganzi-seda,2021-01-15,0.0932,-12.9%,9%,1.0%,高寒草甸,基本稳定,24500.0,sample,true,true,modis,modis-tpdc-remote-2020-2024,MODIS_TPDC_REMOTE_2020_2024,false
ganzi-seda,2021-02-15,0.0859,+7.0%,9%,0.0%,高寒草甸,基本稳定,24500.0,sample,true,true,modis,modis-tpdc-remote-2020-2024,MODIS_TPDC_REMOTE_2020_2024,false
ganzi-seda,2021-03-15,0.0894,-10.6%,9%,0.0%,高寒草甸,基本稳定,24500.0,sample,true,true,modis,modis-tpdc-remote-2020-2024,MODIS_TPDC_REMOTE_2020_2024,false
ganzi-seda,2021-04-15,0.124,+24.3%,12%,0.0%,高寒草甸,基本稳定,24500.0,sample,true,true,modis,modis-tpdc-remote-2020-2024,MODIS_TPDC_REMOTE_2020_2024,false
ganzi-seda,2021-05-15,0.167,+24.1%,17%,0.0%,高寒草甸,基本稳定,24500.0,sample,true,true,modis,modis-tpdc-remote-2020-2024,MODIS_TPDC_REMOTE_2020_2024,false
ganzi-seda,2021-06-15,0.1155,-38.4%,12%,0.0%,高寒草甸,基本稳定,24500.0,sample,true,true,modis,modis-tpdc-remote-2020-2024,MODIS_TPDC_REMOTE_2020_2024,false
ganzi-seda,2021-07-15,0.1587,-34.1%,16%,0.0%,高寒草甸,基本稳定,24500.0,sample,true,true,modis,modis-tpdc-remote-2020-2024,MODIS_TPDC_REMOTE_2020_2024,false
ganzi-seda,2021-08-15,0.2044,+25.7%,20%,0.0%,高寒草甸,基本稳定,24500.0,sample,true,true,modis,modis-tpdc-remote-2020-2024,MODIS_TPDC_REMOTE_2020_2024,false
ganzi-seda,2021-09-15,0.1976,+2.7%,20%,0.0%,高寒草甸,基本稳定,24500.0,sample,true,true,modis,modis-tpdc-remote-2020-2024,MODIS_TPDC_REMOTE_2020_2024,false
ganzi-seda,2021-10-15,0.0967,+0.4%,10%,0.0%,高寒草甸,基本稳定,24500.0,sample,true,true,modis,modis-tpdc-remote-2020-2024,MODIS_TPDC_REMOTE_2020_2024,false
ganzi-seda,2021-11-15,0.0844,-10.0%,8%,0.0%,高寒草甸,基本稳定,24500.0,sample,true,true,modis,modis-tpdc-remote-2020-2024,MODIS_TPDC_REMOTE_2020_2024,false
ganzi-seda,2021-12-15,0.1026,+0.5%,10%,0.0%,高寒草甸,基本稳定,24500.0,sample,true,true,modis,modis-tpdc-remote-2020-2024,MODIS_TPDC_REMOTE_2020_2024,false
ganzi-seda,2022-01-15,0.0733,-21.3%,7%,0.0%,高寒草甸,基本稳定,24500.0,sample,true,true,modis,modis-tpdc-remote-2020-2024,MODIS_TPDC_REMOTE_2020_2024,false
ganzi-seda,2022-02-15,0.0956,+11.3%,10%,2.8%,高寒草甸,基本稳定,24500.0,sample,true,true,modis,modis-tpdc-remote-2020-2024,MODIS_TPDC_REMOTE_2020_2024,false
ganzi-seda,2022-03-15,0.1037,+16.0%,10%,0.0%,高寒草甸,基本稳定,24500.0,sample,true,true,modis,modis-tpdc-remote-2020-2024,MODIS_TPDC_REMOTE_2020_2024,false
ganzi-seda,2022-04-15,0.1084,-12.6%,11%,0.0%,高寒草甸,基本稳定,24500.0,sample,true,true,modis,modis-tpdc-remote-2020-2024,MODIS_TPDC_REMOTE_2020_2024,false
ganzi-seda,2022-05-15,0.094,-43.7%,9%,0.0%,高寒草甸,基本稳定,24500.0,sample,true,true,modis,modis-tpdc-remote-2020-2024,MODIS_TPDC_REMOTE_2020_2024,false
ganzi-seda,2022-06-15,0.2033,+76.0%,20%,0.0%,高寒草甸,基本稳定,24500.0,sample,true,true,modis,modis-tpdc-remote-2020-2024,MODIS_TPDC_REMOTE_2020_2024,false
ganzi-seda,2022-07-15,0.1225,-22.8%,12%,0.0%,高寒草甸,基本稳定,24500.0,sample,true,true,modis,modis-tpdc-remote-2020-2024,MODIS_TPDC_REMOTE_2020_2024,false
ganzi-seda,2022-08-15,0.1039,-49.2%,10%,0.0%,高寒草甸,基本稳定,24500.0,sample,true,true,modis,modis-tpdc-remote-2020-2024,MODIS_TPDC_REMOTE_2020_2024,false
ganzi-seda,2022-09-15,0.2127,+7.7%,21%,0.0%,高寒草甸,基本稳定,24500.0,sample,true,true,modis,modis-tpdc-remote-2020-2024,MODIS_TPDC_REMOTE_2020_2024,false
ganzi-seda,2022-10-15,0.1353,+39.9%,14%,0.0%,高寒草甸,基本稳定,24500.0,sample,true,true,modis,modis-tpdc-remote-2020-2024,MODIS_TPDC_REMOTE_2020_2024,false
ganzi-seda,2022-11-15,0.0897,+6.3%,9%,0.0%,高寒草甸,基本稳定,24500.0,sample,true,true,modis,modis-tpdc-remote-2020-2024,MODIS_TPDC_REMOTE_2020_2024,false
ganzi-seda,2022-12-15,0.1063,+3.6%,11%,1.9%,高寒草甸,基本稳定,24500.0,sample,true,true,modis,modis-tpdc-remote-2020-2024,MODIS_TPDC_REMOTE_2020_2024,false
ganzi-seda,2023-01-15,0.088,+19.9%,9%,0.0%,高寒草甸,基本稳定,24500.0,sample,true,true,modis,modis-tpdc-remote-2020-2024,MODIS_TPDC_REMOTE_2020_2024,false
ganzi-seda,2023-02-15,0.0995,+4.2%,10%,0.0%,高寒草甸,基本稳定,24500.0,sample,true,true,modis,modis-tpdc-remote-2020-2024,MODIS_TPDC_REMOTE_2020_2024,false
ganzi-seda,2023-03-15,0.0898,-13.4%,9%,6.9%,高寒草甸,基本稳定,24500.0,sample,true,true,modis,modis-tpdc-remote-2020-2024,MODIS_TPDC_REMOTE_2020_2024,false
ganzi-seda,2023-04-15,0.0998,-7.9%,10%,0.0%,高寒草甸,基本稳定,24500.0,sample,true,true,modis,modis-tpdc-remote-2020-2024,MODIS_TPDC_REMOTE_2020_2024,false
ganzi-seda,2023-05-15,0.1039,+10.5%,10%,0.0%,高寒草甸,基本稳定,24500.0,sample,true,true,modis,modis-tpdc-remote-2020-2024,MODIS_TPDC_REMOTE_2020_2024,false
ganzi-seda,2023-06-15,0.2169,+6.7%,22%,0.0%,高寒草甸,基本稳定,24500.0,sample,true,true,modis,modis-tpdc-remote-2020-2024,MODIS_TPDC_REMOTE_2020_2024,false
ganzi-seda,2023-07-15,0.1265,+3.3%,13%,0.0%,高寒草甸,基本稳定,24500.0,sample,true,true,modis,modis-tpdc-remote-2020-2024,MODIS_TPDC_REMOTE_2020_2024,false
ganzi-seda,2023-08-15,0.1356,+30.5%,14%,0.0%,高寒草甸,基本稳定,24500.0,sample,true,true,modis,modis-tpdc-remote-2020-2024,MODIS_TPDC_REMOTE_2020_2024,false
ganzi-seda,2023-09-15,0.125,-41.2%,12%,0.0%,高寒草甸,基本稳定,24500.0,sample,true,true,modis,modis-tpdc-remote-2020-2024,MODIS_TPDC_REMOTE_2020_2024,false
ganzi-seda,2023-10-15,0.1367,+1.0%,14%,0.0%,高寒草甸,基本稳定,24500.0,sample,true,true,modis,modis-tpdc-remote-2020-2024,MODIS_TPDC_REMOTE_2020_2024,false
ganzi-seda,2023-11-15,0.1216,+35.6%,12%,0.0%,高寒草甸,基本稳定,24500.0,sample,true,true,modis,modis-tpdc-remote-2020-2024,MODIS_TPDC_REMOTE_2020_2024,false
ganzi-seda,2023-12-15,0.0893,-16.0%,9%,0.0%,高寒草甸,基本稳定,24500.0,sample,true,true,modis,modis-tpdc-remote-2020-2024,MODIS_TPDC_REMOTE_2020_2024,false
ganzi-seda,2024-01-15,0.1067,+21.3%,11%,0.0%,高寒草甸,基本稳定,24500.0,sample,true,true,modis,modis-tpdc-remote-2020-2024,MODIS_TPDC_REMOTE_2020_2024,false
ganzi-seda,2024-02-15,0.1064,+6.8%,11%,1.8%,高寒草甸,基本稳定,24500.0,sample,true,true,modis,modis-tpdc-remote-2020-2024,MODIS_TPDC_REMOTE_2020_2024,false
ganzi-seda,2024-03-15,0.1043,+16.2%,10%,1.6%,高寒草甸,基本稳定,24500.0,sample,true,true,modis,modis-tpdc-remote-2020-2024,MODIS_TPDC_REMOTE_2020_2024,false
ganzi-seda,2024-04-15,0.1006,+0.8%,10%,2.4%,高寒草甸,基本稳定,24500.0,sample,true,true,modis,modis-tpdc-remote-2020-2024,MODIS_TPDC_REMOTE_2020_2024,false
ganzi-seda,2024-05-15,0.1677,+61.4%,17%,0.0%,高寒草甸,基本稳定,24500.0,sample,true,true,modis,modis-tpdc-remote-2020-2024,MODIS_TPDC_REMOTE_2020_2024,false
ganzi-seda,2024-06-15,0.249,+14.8%,25%,0.0%,高寒草甸,基本稳定,24500.0,sample,true,true,modis,modis-tpdc-remote-2020-2024,MODIS_TPDC_REMOTE_2020_2024,false
ganzi-seda,2024-07-15,0.1489,+17.7%,15%,0.0%,高寒草甸,基本稳定,24500.0,sample,true,true,modis,modis-tpdc-remote-2020-2024,MODIS_TPDC_REMOTE_2020_2024,false
ganzi-seda,2024-08-15,0.1332,-1.8%,13%,0.5%,高寒草甸,基本稳定,24500.0,sample,true,true,modis,modis-tpdc-remote-2020-2024,MODIS_TPDC_REMOTE_2020_2024,false
ganzi-seda,2024-09-15,0.1512,+21.0%,15%,0.0%,高寒草甸,基本稳定,24500.0,sample,true,true,modis,modis-tpdc-remote-2020-2024,MODIS_TPDC_REMOTE_2020_2024,false
ganzi-seda,2024-10-15,0.099,-27.5%,10%,0.7%,高寒草甸,基本稳定,24500.0,sample,true,true,modis,modis-tpdc-remote-2020-2024,MODIS_TPDC_REMOTE_2020_2024,false
ganzi-seda,2024-11-15,0.0717,-41.0%,7%,0.0%,高寒草甸,基本稳定,24500.0,sample,true,true,modis,modis-tpdc-remote-2020-2024,MODIS_TPDC_REMOTE_2020_2024,false
ganzi-seda,2024-12-15,0.0929,+4.0%,9%,0.0%,高寒草甸,基本稳定,24500.0,sample,true,true,modis,modis-tpdc-remote-2020-2024,MODIS_TPDC_REMOTE_2020_2024,false
ganzi-shiqu,2020-01-15,0.1592,0%,16%,19.4%,高寒草甸,中度退化,21400.0,sample,true,true,modis,modis-tpdc-remote-2020-2024,MODIS_TPDC_REMOTE_2020_2024,false
ganzi-shiqu,2020-02-15,0.0109,0%,1%,17.9%,高寒草甸,中度退化,21400.0,sample,true,true,modis,modis-tpdc-remote-2020-2024,MODIS_TPDC_REMOTE_2020_2024,false
ganzi-shiqu,2020-03-15,0.1205,0%,12%,6.8%,高寒草甸,中度退化,21400.0,sample,true,true,modis,modis-tpdc-remote-2020-2024,MODIS_TPDC_REMOTE_2020_2024,false
ganzi-shiqu,2020-04-15,0.2026,0%,20%,0.0%,高寒草甸,中度退化,21400.0,sample,true,true,modis,modis-tpdc-remote-2020-2024,MODIS_TPDC_REMOTE_2020_2024,false
ganzi-shiqu,2020-05-15,0.1462,0%,15%,0.0%,高寒草甸,中度退化,21400.0,sample,true,true,modis,modis-tpdc-remote-2020-2024,MODIS_TPDC_REMOTE_2020_2024,false
ganzi-shiqu,2020-06-15,0.3743,0%,37%,0.0%,高寒草甸,中度退化,21400.0,sample,true,true,modis,modis-tpdc-remote-2020-2024,MODIS_TPDC_REMOTE_2020_2024,false
ganzi-shiqu,2020-07-15,0.5653,0%,57%,0.0%,高寒草甸,中度退化,21400.0,sample,true,true,modis,modis-tpdc-remote-2020-2024,MODIS_TPDC_REMOTE_2020_2024,false
ganzi-shiqu,2020-08-15,0.3677,0%,37%,0.0%,高寒草甸,中度退化,21400.0,sample,true,true,modis,modis-tpdc-remote-2020-2024,MODIS_TPDC_REMOTE_2020_2024,false
ganzi-shiqu,2020-09-15,0.3828,0%,38%,0.0%,高寒草甸,中度退化,21400.0,sample,true,true,modis,modis-tpdc-remote-2020-2024,MODIS_TPDC_REMOTE_2020_2024,false
ganzi-shiqu,2020-10-15,0.2273,0%,23%,0.0%,高寒草甸,中度退化,21400.0,sample,true,true,modis,modis-tpdc-remote-2020-2024,MODIS_TPDC_REMOTE_2020_2024,false
ganzi-shiqu,2020-11-15,0.1723,0%,17%,4.6%,高寒草甸,中度退化,21400.0,sample,true,true,modis,modis-tpdc-remote-2020-2024,MODIS_TPDC_REMOTE_2020_2024,false
ganzi-shiqu,2020-12-15,0.1678,0%,17%,0.6%,高寒草甸,中度退化,21400.0,sample,true,true,modis,modis-tpdc-remote-2020-2024,MODIS_TPDC_REMOTE_2020_2024,false
ganzi-shiqu,2021-01-15,0.1154,-27.5%,12%,1.1%,高寒草甸,中度退化,21400.0,sample,true,true,modis,modis-tpdc-remote-2020-2024,MODIS_TPDC_REMOTE_2020_2024,false
ganzi-shiqu,2021-02-15,0.1269,+1063.8%,13%,3.8%,高寒草甸,中度退化,21400.0,sample,true,true,modis,modis-tpdc-remote-2020-2024,MODIS_TPDC_REMOTE_2020_2024,false
ganzi-shiqu,2021-03-15,0.1613,+33.9%,16%,2.5%,高寒草甸,中度退化,21400.0,sample,true,true,modis,modis-tpdc-remote-2020-2024,MODIS_TPDC_REMOTE_2020_2024,false
ganzi-shiqu,2021-04-15,0.1575,-22.3%,16%,0.0%,高寒草甸,中度退化,21400.0,sample,true,true,modis,modis-tpdc-remote-2020-2024,MODIS_TPDC_REMOTE_2020_2024,false
ganzi-shiqu,2021-05-15,0.2557,+75.0%,26%,0.0%,高寒草甸,中度退化,21400.0,sample,true,true,modis,modis-tpdc-remote-2020-2024,MODIS_TPDC_REMOTE_2020_2024,false
ganzi-shiqu,2021-06-15,0.4941,+32.0%,49%,0.0%,高寒草甸,中度退化,21400.0,sample,true,true,modis,modis-tpdc-remote-2020-2024,MODIS_TPDC_REMOTE_2020_2024,false
ganzi-shiqu,2021-07-15,0.5424,-4.0%,54%,0.0%,高寒草甸,中度退化,21400.0,sample,true,true,modis,modis-tpdc-remote-2020-2024,MODIS_TPDC_REMOTE_2020_2024,false
ganzi-shiqu,2021-08-15,0.4016,+9.2%,40%,0.0%,高寒草甸,中度退化,21400.0,sample,true,true,modis,modis-tpdc-remote-2020-2024,MODIS_TPDC_REMOTE_2020_2024,false
ganzi-shiqu,2021-09-15,0.3387,-11.5%,34%,0.0%,高寒草甸,中度退化,21400.0,sample,true,true,modis,modis-tpdc-remote-2020-2024,MODIS_TPDC_REMOTE_2020_2024,false
ganzi-shiqu,2021-10-15,0.264,+16.1%,26%,3.8%,高寒草甸,中度退化,21400.0,sample,true,true,modis,modis-tpdc-remote-2020-2024,MODIS_TPDC_REMOTE_2020_2024,false
ganzi-shiqu,2021-11-15,0.1058,-38.6%,11%,1.4%,高寒草甸,中度退化,21400.0,sample,true,true,modis,modis-tpdc-remote-2020-2024,MODIS_TPDC_REMOTE_2020_2024,false
ganzi-shiqu,2021-12-15,0.0683,-59.3%,7%,7.4%,高寒草甸,中度退化,21400.0,sample,true,true,modis,modis-tpdc-remote-2020-2024,MODIS_TPDC_REMOTE_2020_2024,false
ganzi-shiqu,2022-01-15,0.148,+28.3%,15%,0.0%,高寒草甸,中度退化,21400.0,sample,true,true,modis,modis-tpdc-remote-2020-2024,MODIS_TPDC_REMOTE_2020_2024,false
ganzi-shiqu,2022-02-15,0.1588,+25.1%,16%,3.5%,高寒草甸,中度退化,21400.0,sample,true,true,modis,modis-tpdc-remote-2020-2024,MODIS_TPDC_REMOTE_2020_2024,false
ganzi-shiqu,2022-03-15,0.1259,-21.9%,13%,0.0%,高寒草甸,中度退化,21400.0,sample,true,true,modis,modis-tpdc-remote-2020-2024,MODIS_TPDC_REMOTE_2020_2024,false
ganzi-shiqu,2022-04-15,0.1658,+5.3%,17%,2.0%,高寒草甸,中度退化,21400.0,sample,true,true,modis,modis-tpdc-remote-2020-2024,MODIS_TPDC_REMOTE_2020_2024,false
ganzi-shiqu,2022-05-15,0.2073,-18.9%,21%,0.0%,高寒草甸,中度退化,21400.0,sample,true,true,modis,modis-tpdc-remote-2020-2024,MODIS_TPDC_REMOTE_2020_2024,false
ganzi-shiqu,2022-06-15,0.2921,-40.9%,29%,0.0%,高寒草甸,中度退化,21400.0,sample,true,true,modis,modis-tpdc-remote-2020-2024,MODIS_TPDC_REMOTE_2020_2024,false
ganzi-shiqu,2022-07-15,0.3988,-26.5%,40%,0.0%,高寒草甸,中度退化,21400.0,sample,true,true,modis,modis-tpdc-remote-2020-2024,MODIS_TPDC_REMOTE_2020_2024,false
ganzi-shiqu,2022-08-15,0.2837,-29.4%,28%,0.0%,高寒草甸,中度退化,21400.0,sample,true,true,modis,modis-tpdc-remote-2020-2024,MODIS_TPDC_REMOTE_2020_2024,false
ganzi-shiqu,2022-09-15,0.2482,-26.7%,25%,0.0%,高寒草甸,中度退化,21400.0,sample,true,true,modis,modis-tpdc-remote-2020-2024,MODIS_TPDC_REMOTE_2020_2024,false
ganzi-shiqu,2022-10-15,0.1748,-33.8%,17%,4.2%,高寒草甸,中度退化,21400.0,sample,true,true,modis,modis-tpdc-remote-2020-2024,MODIS_TPDC_REMOTE_2020_2024,false
ganzi-shiqu,2022-11-15,0.1416,+33.8%,14%,0.0%,高寒草甸,中度退化,21400.0,sample,true,true,modis,modis-tpdc-remote-2020-2024,MODIS_TPDC_REMOTE_2020_2024,false
ganzi-shiqu,2022-12-15,0.168,+146.1%,17%,0.0%,高寒草甸,中度退化,21400.0,sample,true,true,modis,modis-tpdc-remote-2020-2024,MODIS_TPDC_REMOTE_2020_2024,false
ganzi-shiqu,2023-01-15,0.1184,-20.0%,12%,2.5%,高寒草甸,中度退化,21400.0,sample,true,true,modis,modis-tpdc-remote-2020-2024,MODIS_TPDC_REMOTE_2020_2024,false
ganzi-shiqu,2023-02-15,0.1323,-16.7%,13%,0.0%,高寒草甸,中度退化,21400.0,sample,true,true,modis,modis-tpdc-remote-2020-2024,MODIS_TPDC_REMOTE_2020_2024,false
ganzi-shiqu,2023-03-15,0.115,-8.6%,12%,10.6%,高寒草甸,中度退化,21400.0,sample,true,true,modis,modis-tpdc-remote-2020-2024,MODIS_TPDC_REMOTE_2020_2024,false
ganzi-shiqu,2023-04-15,0.1589,-4.2%,16%,0.0%,高寒草甸,中度退化,21400.0,sample,true,true,modis,modis-tpdc-remote-2020-2024,MODIS_TPDC_REMOTE_2020_2024,false
ganzi-shiqu,2023-05-15,0.2265,+9.3%,23%,0.0%,高寒草甸,中度退化,21400.0,sample,true,true,modis,modis-tpdc-remote-2020-2024,MODIS_TPDC_REMOTE_2020_2024,false
ganzi-shiqu,2023-06-15,0.3579,+22.6%,36%,0.0%,高寒草甸,中度退化,21400.0,sample,true,true,modis,modis-tpdc-remote-2020-2024,MODIS_TPDC_REMOTE_2020_2024,false
ganzi-shiqu,2023-07-15,0.4323,+8.4%,43%,0.0%,高寒草甸,中度退化,21400.0,sample,true,true,modis,modis-tpdc-remote-2020-2024,MODIS_TPDC_REMOTE_2020_2024,false
ganzi-shiqu,2023-08-15,0.3901,+37.5%,39%,0.0%,高寒草甸,中度退化,21400.0,sample,true,true,modis,modis-tpdc-remote-2020-2024,MODIS_TPDC_REMOTE_2020_2024,false
ganzi-shiqu,2023-09-15,0.4331,+74.5%,43%,0.0%,高寒草甸,中度退化,21400.0,sample,true,true,modis,modis-tpdc-remote-2020-2024,MODIS_TPDC_REMOTE_2020_2024,false
ganzi-shiqu,2023-10-15,0.2591,+48.2%,26%,0.0%,高寒草甸,中度退化,21400.0,sample,true,true,modis,modis-tpdc-remote-2020-2024,MODIS_TPDC_REMOTE_2020_2024,false
ganzi-shiqu,2023-11-15,0.2123,+49.9%,21%,6.8%,高寒草甸,中度退化,21400.0,sample,true,true,modis,modis-tpdc-remote-2020-2024,MODIS_TPDC_REMOTE_2020_2024,false
ganzi-shiqu,2023-12-15,0.1471,-12.4%,15%,1.0%,高寒草甸,中度退化,21400.0,sample,true,true,modis,modis-tpdc-remote-2020-2024,MODIS_TPDC_REMOTE_2020_2024,false
ganzi-shiqu,2024-01-15,0.1445,+22.0%,14%,2.2%,高寒草甸,中度退化,21400.0,sample,true,true,modis,modis-tpdc-remote-2020-2024,MODIS_TPDC_REMOTE_2020_2024,false
ganzi-shiqu,2024-02-15,0.1557,+17.7%,16%,3.2%,高寒草甸,中度退化,21400.0,sample,true,true,modis,modis-tpdc-remote-2020-2024,MODIS_TPDC_REMOTE_2020_2024,false
ganzi-shiqu,2024-03-15,0.1507,+31.0%,15%,2.4%,高寒草甸,中度退化,21400.0,sample,true,true,modis,modis-tpdc-remote-2020-2024,MODIS_TPDC_REMOTE_2020_2024,false
ganzi-shiqu,2024-04-15,0.1671,+5.1%,17%,10.8%,高寒草甸,中度退化,21400.0,sample,true,true,modis,modis-tpdc-remote-2020-2024,MODIS_TPDC_REMOTE_2020_2024,false
ganzi-shiqu,2024-05-15,0.2065,-8.8%,21%,0.0%,高寒草甸,中度退化,21400.0,sample,true,true,modis,modis-tpdc-remote-2020-2024,MODIS_TPDC_REMOTE_2020_2024,false
ganzi-shiqu,2024-06-15,0.3422,-4.4%,34%,0.0%,高寒草甸,中度退化,21400.0,sample,true,true,modis,modis-tpdc-remote-2020-2024,MODIS_TPDC_REMOTE_2020_2024,false
ganzi-shiqu,2024-07-15,0.4943,+14.3%,49%,0.0%,高寒草甸,中度退化,21400.0,sample,true,true,modis,modis-tpdc-remote-2020-2024,MODIS_TPDC_REMOTE_2020_2024,false
ganzi-shiqu,2024-08-15,0.289,-25.9%,29%,0.0%,高寒草甸,中度退化,21400.0,sample,true,true,modis,modis-tpdc-remote-2020-2024,MODIS_TPDC_REMOTE_2020_2024,false
ganzi-shiqu,2024-09-15,0.2474,-42.9%,25%,0.0%,高寒草甸,中度退化,21400.0,sample,true,true,modis,modis-tpdc-remote-2020-2024,MODIS_TPDC_REMOTE_2020_2024,false
ganzi-shiqu,2024-10-15,0.142,-45.2%,14%,0.0%,高寒草甸,中度退化,21400.0,sample,true,true,modis,modis-tpdc-remote-2020-2024,MODIS_TPDC_REMOTE_2020_2024,false
ganzi-shiqu,2024-11-15,0.1019,-52.0%,10%,0.0%,高寒草甸,中度退化,21400.0,sample,true,true,modis,modis-tpdc-remote-2020-2024,MODIS_TPDC_REMOTE_2020_2024,false
ganzi-shiqu,2024-12-15,0.1479,+0.6%,15%,0.0%,高寒草甸,中度退化,21400.0,sample,true,true,modis,modis-tpdc-remote-2020-2024,MODIS_TPDC_REMOTE_2020_2024,false
guoluo-jiuzhi,2020-01-15,0.1076,0%,11%,11.7%,山地草甸,基本稳定,34200.0,sample,true,true,modis,modis-tpdc-remote-2020-2024,MODIS_TPDC_REMOTE_2020_2024,false
guoluo-jiuzhi,2020-02-15,0.1222,0%,12%,2.8%,山地草甸,基本稳定,34200.0,sample,true,true,modis,modis-tpdc-remote-2020-2024,MODIS_TPDC_REMOTE_2020_2024,false
guoluo-jiuzhi,2020-03-15,0.1023,0%,10%,5.8%,山地草甸,基本稳定,34200.0,sample,true,true,modis,modis-tpdc-remote-2020-2024,MODIS_TPDC_REMOTE_2020_2024,false
guoluo-jiuzhi,2020-04-15,0.1196,0%,12%,0.0%,山地草甸,基本稳定,34200.0,sample,true,true,modis,modis-tpdc-remote-2020-2024,MODIS_TPDC_REMOTE_2020_2024,false
guoluo-jiuzhi,2020-05-15,0.1342,0%,13%,0.0%,山地草甸,基本稳定,34200.0,sample,true,true,modis,modis-tpdc-remote-2020-2024,MODIS_TPDC_REMOTE_2020_2024,false
guoluo-jiuzhi,2020-06-15,0.2646,0%,26%,0.0%,山地草甸,基本稳定,34200.0,sample,true,true,modis,modis-tpdc-remote-2020-2024,MODIS_TPDC_REMOTE_2020_2024,false
guoluo-jiuzhi,2020-07-15,0.2282,0%,23%,0.0%,山地草甸,基本稳定,34200.0,sample,true,true,modis,modis-tpdc-remote-2020-2024,MODIS_TPDC_REMOTE_2020_2024,false
guoluo-jiuzhi,2020-08-15,0.2162,0%,22%,0.0%,山地草甸,基本稳定,34200.0,sample,true,true,modis,modis-tpdc-remote-2020-2024,MODIS_TPDC_REMOTE_2020_2024,false
guoluo-jiuzhi,2020-09-15,0.2331,0%,23%,0.0%,山地草甸,基本稳定,34200.0,sample,true,true,modis,modis-tpdc-remote-2020-2024,MODIS_TPDC_REMOTE_2020_2024,false
guoluo-jiuzhi,2020-10-15,0.1127,0%,11%,0.0%,山地草甸,基本稳定,34200.0,sample,true,true,modis,modis-tpdc-remote-2020-2024,MODIS_TPDC_REMOTE_2020_2024,false
guoluo-jiuzhi,2020-11-15,0.1019,0%,10%,8.0%,山地草甸,基本稳定,34200.0,sample,true,true,modis,modis-tpdc-remote-2020-2024,MODIS_TPDC_REMOTE_2020_2024,false
guoluo-jiuzhi,2020-12-15,0.1014,0%,10%,16.0%,山地草甸,基本稳定,34200.0,sample,true,true,modis,modis-tpdc-remote-2020-2024,MODIS_TPDC_REMOTE_2020_2024,false
guoluo-jiuzhi,2021-01-15,0.0951,-11.6%,10%,0.0%,山地草甸,基本稳定,34200.0,sample,true,true,modis,modis-tpdc-remote-2020-2024,MODIS_TPDC_REMOTE_2020_2024,false
guoluo-jiuzhi,2021-02-15,0.0956,-21.7%,10%,3.2%,山地草甸,基本稳定,34200.0,sample,true,true,modis,modis-tpdc-remote-2020-2024,MODIS_TPDC_REMOTE_2020_2024,false
guoluo-jiuzhi,2021-03-15,0.1137,+11.1%,11%,0.0%,山地草甸,基本稳定,34200.0,sample,true,true,modis,modis-tpdc-remote-2020-2024,MODIS_TPDC_REMOTE_2020_2024,false
guoluo-jiuzhi,2021-04-15,0.1199,+0.3%,12%,1.0%,山地草甸,基本稳定,34200.0,sample,true,true,modis,modis-tpdc-remote-2020-2024,MODIS_TPDC_REMOTE_2020_2024,false
guoluo-jiuzhi,2021-05-15,0.1915,+42.7%,19%,0.0%,山地草甸,基本稳定,34200.0,sample,true,true,modis,modis-tpdc-remote-2020-2024,MODIS_TPDC_REMOTE_2020_2024,false
guoluo-jiuzhi,2021-06-15,0.2628,-0.7%,26%,0.0%,山地草甸,基本稳定,34200.0,sample,true,true,modis,modis-tpdc-remote-2020-2024,MODIS_TPDC_REMOTE_2020_2024,false
guoluo-jiuzhi,2021-07-15,0.2235,-2.0%,22%,0.0%,山地草甸,基本稳定,34200.0,sample,true,true,modis,modis-tpdc-remote-2020-2024,MODIS_TPDC_REMOTE_2020_2024,false
guoluo-jiuzhi,2021-08-15,0.2402,+11.1%,24%,0.0%,山地草甸,基本稳定,34200.0,sample,true,true,modis,modis-tpdc-remote-2020-2024,MODIS_TPDC_REMOTE_2020_2024,false
guoluo-jiuzhi,2021-09-15,0.1917,-17.8%,19%,0.0%,山地草甸,基本稳定,34200.0,sample,true,true,modis,modis-tpdc-remote-2020-2024,MODIS_TPDC_REMOTE_2020_2024,false
guoluo-jiuzhi,2021-10-15,0.1564,+38.8%,16%,0.0%,山地草甸,基本稳定,34200.0,sample,true,true,modis,modis-tpdc-remote-2020-2024,MODIS_TPDC_REMOTE_2020_2024,false
guoluo-jiuzhi,2021-11-15,0.1213,+19.0%,12%,0.0%,山地草甸,基本稳定,34200.0,sample,true,true,modis,modis-tpdc-remote-2020-2024,MODIS_TPDC_REMOTE_2020_2024,false
guoluo-jiuzhi,2021-12-15,0.0963,-5.1%,10%,13.7%,山地草甸,基本稳定,34200.0,sample,true,true,modis,modis-tpdc-remote-2020-2024,MODIS_TPDC_REMOTE_2020_2024,false
guoluo-jiuzhi,2022-01-15,0.0942,-0.9%,9%,14.8%,山地草甸,基本稳定,34200.0,sample,true,true,modis,modis-tpdc-remote-2020-2024,MODIS_TPDC_REMOTE_2020_2024,false
guoluo-jiuzhi,2022-02-15,0.0843,-11.9%,8%,8.6%,山地草甸,基本稳定,34200.0,sample,true,true,modis,modis-tpdc-remote-2020-2024,MODIS_TPDC_REMOTE_2020_2024,false
guoluo-jiuzhi,2022-03-15,0.1224,+7.7%,12%,2.4%,山地草甸,基本稳定,34200.0,sample,true,true,modis,modis-tpdc-remote-2020-2024,MODIS_TPDC_REMOTE_2020_2024,false
guoluo-jiuzhi,2022-04-15,0.1142,-4.8%,11%,2.0%,山地草甸,基本稳定,34200.0,sample,true,true,modis,modis-tpdc-remote-2020-2024,MODIS_TPDC_REMOTE_2020_2024,false
guoluo-jiuzhi,2022-05-15,0.2085,+8.9%,21%,0.0%,山地草甸,基本稳定,34200.0,sample,true,true,modis,modis-tpdc-remote-2020-2024,MODIS_TPDC_REMOTE_2020_2024,false
guoluo-jiuzhi,2022-06-15,0.2858,+8.8%,29%,0.0%,山地草甸,基本稳定,34200.0,sample,true,true,modis,modis-tpdc-remote-2020-2024,MODIS_TPDC_REMOTE_2020_2024,false
guoluo-jiuzhi,2022-07-15,0.3074,+37.5%,31%,0.0%,山地草甸,基本稳定,34200.0,sample,true,true,modis,modis-tpdc-remote-2020-2024,MODIS_TPDC_REMOTE_2020_2024,false
guoluo-jiuzhi,2022-08-15,0.2063,-14.1%,21%,6.6%,山地草甸,基本稳定,34200.0,sample,true,true,modis,modis-tpdc-remote-2020-2024,MODIS_TPDC_REMOTE_2020_2024,false
guoluo-jiuzhi,2022-09-15,0.2546,+32.9%,25%,0.0%,山地草甸,基本稳定,34200.0,sample,true,true,modis,modis-tpdc-remote-2020-2024,MODIS_TPDC_REMOTE_2020_2024,false
guoluo-jiuzhi,2022-10-15,0.1181,-24.5%,12%,5.6%,山地草甸,基本稳定,34200.0,sample,true,true,modis,modis-tpdc-remote-2020-2024,MODIS_TPDC_REMOTE_2020_2024,false
guoluo-jiuzhi,2022-11-15,0.1187,-2.1%,12%,0.0%,山地草甸,基本稳定,34200.0,sample,true,true,modis,modis-tpdc-remote-2020-2024,MODIS_TPDC_REMOTE_2020_2024,false
guoluo-jiuzhi,2022-12-15,0.118,+22.6%,12%,0.0%,山地草甸,基本稳定,34200.0,sample,true,true,modis,modis-tpdc-remote-2020-2024,MODIS_TPDC_REMOTE_2020_2024,false
guoluo-jiuzhi,2023-01-15,0.0924,-1.9%,9%,1.6%,山地草甸,基本稳定,34200.0,sample,true,true,modis,modis-tpdc-remote-2020-2024,MODIS_TPDC_REMOTE_2020_2024,false
guoluo-jiuzhi,2023-02-15,0.1155,+37.0%,12%,3.6%,山地草甸,基本稳定,34200.0,sample,true,true,modis,modis-tpdc-remote-2020-2024,MODIS_TPDC_REMOTE_2020_2024,false
guoluo-jiuzhi,2023-03-15,0.1195,-2.4%,12%,0.0%,山地草甸,基本稳定,34200.0,sample,true,true,modis,modis-tpdc-remote-2020-2024,MODIS_TPDC_REMOTE_2020_2024,false
guoluo-jiuzhi,2023-04-15,0.1168,+2.3%,12%,0.0%,山地草甸,基本稳定,34200.0,sample,true,true,modis,modis-tpdc-remote-2020-2024,MODIS_TPDC_REMOTE_2020_2024,false
guoluo-jiuzhi,2023-05-15,0.1965,-5.8%,20%,0.0%,山地草甸,基本稳定,34200.0,sample,true,true,modis,modis-tpdc-remote-2020-2024,MODIS_TPDC_REMOTE_2020_2024,false
guoluo-jiuzhi,2023-06-15,0.2019,-29.4%,20%,0.0%,山地草甸,基本稳定,34200.0,sample,true,true,modis,modis-tpdc-remote-2020-2024,MODIS_TPDC_REMOTE_2020_2024,false
guoluo-jiuzhi,2023-07-15,0.2343,-23.8%,23%,0.0%,山地草甸,基本稳定,34200.0,sample,true,true,modis,modis-tpdc-remote-2020-2024,MODIS_TPDC_REMOTE_2020_2024,false
guoluo-jiuzhi,2023-08-15,0.2142,+3.9%,21%,0.0%,山地草甸,基本稳定,34200.0,sample,true,true,modis,modis-tpdc-remote-2020-2024,MODIS_TPDC_REMOTE_2020_2024,false
guoluo-jiuzhi,2023-09-15,0.2235,-12.2%,22%,0.0%,山地草甸,基本稳定,34200.0,sample,true,true,modis,modis-tpdc-remote-2020-2024,MODIS_TPDC_REMOTE_2020_2024,false
guoluo-jiuzhi,2023-10-15,0.1683,+42.5%,17%,0.0%,山地草甸,基本稳定,34200.0,sample,true,true,modis,modis-tpdc-remote-2020-2024,MODIS_TPDC_REMOTE_2020_2024,false
guoluo-jiuzhi,2023-11-15,0.1273,+7.2%,13%,2.4%,山地草甸,基本稳定,34200.0,sample,true,true,modis,modis-tpdc-remote-2020-2024,MODIS_TPDC_REMOTE_2020_2024,false
guoluo-jiuzhi,2023-12-15,0.0971,-17.7%,10%,0.0%,山地草甸,基本稳定,34200.0,sample,true,true,modis,modis-tpdc-remote-2020-2024,MODIS_TPDC_REMOTE_2020_2024,false
guoluo-jiuzhi,2024-01-15,0.1115,+20.7%,11%,3.7%,山地草甸,基本稳定,34200.0,sample,true,true,modis,modis-tpdc-remote-2020-2024,MODIS_TPDC_REMOTE_2020_2024,false
guoluo-jiuzhi,2024-02-15,0.0946,-18.1%,9%,8.6%,山地草甸,基本稳定,34200.0,sample,true,true,modis,modis-tpdc-remote-2020-2024,MODIS_TPDC_REMOTE_2020_2024,false
guoluo-jiuzhi,2024-03-15,0.1192,-0.2%,12%,3.9%,山地草甸,基本稳定,34200.0,sample,true,true,modis,modis-tpdc-remote-2020-2024,MODIS_TPDC_REMOTE_2020_2024,false
guoluo-jiuzhi,2024-04-15,0.1363,+16.7%,14%,0.0%,山地草甸,基本稳定,34200.0,sample,true,true,modis,modis-tpdc-remote-2020-2024,MODIS_TPDC_REMOTE_2020_2024,false
guoluo-jiuzhi,2024-05-15,0.2383,+21.3%,24%,0.0%,山地草甸,基本稳定,34200.0,sample,true,true,modis,modis-tpdc-remote-2020-2024,MODIS_TPDC_REMOTE_2020_2024,false
guoluo-jiuzhi,2024-06-15,0.2398,+18.7%,24%,0.0%,山地草甸,基本稳定,34200.0,sample,true,true,modis,modis-tpdc-remote-2020-2024,MODIS_TPDC_REMOTE_2020_2024,false
guoluo-jiuzhi,2024-07-15,0.2466,+5.3%,25%,0.0%,山地草甸,基本稳定,34200.0,sample,true,true,modis,modis-tpdc-remote-2020-2024,MODIS_TPDC_REMOTE_2020_2024,false
guoluo-jiuzhi,2024-08-15,0.248,+15.8%,25%,0.0%,山地草甸,基本稳定,34200.0,sample,true,true,modis,modis-tpdc-remote-2020-2024,MODIS_TPDC_REMOTE_2020_2024,false
guoluo-jiuzhi,2024-09-15,0.1897,-15.1%,19%,0.0%,山地草甸,基本稳定,34200.0,sample,true,true,modis,modis-tpdc-remote-2020-2024,MODIS_TPDC_REMOTE_2020_2024,false
guoluo-jiuzhi,2024-10-15,0.1537,-8.6%,15%,0.0%,山地草甸,基本稳定,34200.0,sample,true,true,modis,modis-tpdc-remote-2020-2024,MODIS_TPDC_REMOTE_2020_2024,false
guoluo-jiuzhi,2024-11-15,0.1591,+25.0%,16%,0.9%,山地草甸,基本稳定,34200.0,sample,true,true,modis,modis-tpdc-remote-2020-2024,MODIS_TPDC_REMOTE_2020_2024,false
guoluo-jiuzhi,2024-12-15,0.0994,+2.3%,10%,2.6%,山地草甸,基本稳定,34200.0,sample,true,true,modis,modis-tpdc-remote-2020-2024,MODIS_TPDC_REMOTE_2020_2024,false
guoluo-maqin,2020-01-15,0.0733,0%,7%,0.0%,高寒草甸,基本稳定,31800.0,sample,true,true,modis,modis-tpdc-remote-2020-2024,MODIS_TPDC_REMOTE_2020_2024,false
guoluo-maqin,2020-02-15,0.0726,0%,7%,0.0%,高寒草甸,基本稳定,31800.0,sample,true,true,modis,modis-tpdc-remote-2020-2024,MODIS_TPDC_REMOTE_2020_2024,false
guoluo-maqin,2020-03-15,0.0706,0%,7%,0.0%,高寒草甸,基本稳定,31800.0,sample,true,true,modis,modis-tpdc-remote-2020-2024,MODIS_TPDC_REMOTE_2020_2024,false
guoluo-maqin,2020-04-15,0.0418,0%,4%,0.0%,高寒草甸,基本稳定,31800.0,sample,true,true,modis,modis-tpdc-remote-2020-2024,MODIS_TPDC_REMOTE_2020_2024,false
guoluo-maqin,2020-05-15,0.0911,0%,9%,0.0%,高寒草甸,基本稳定,31800.0,sample,true,true,modis,modis-tpdc-remote-2020-2024,MODIS_TPDC_REMOTE_2020_2024,false
guoluo-maqin,2020-06-15,0.1826,0%,18%,0.0%,高寒草甸,基本稳定,31800.0,sample,true,true,modis,modis-tpdc-remote-2020-2024,MODIS_TPDC_REMOTE_2020_2024,false
guoluo-maqin,2020-07-15,0.1923,0%,19%,0.0%,高寒草甸,基本稳定,31800.0,sample,true,true,modis,modis-tpdc-remote-2020-2024,MODIS_TPDC_REMOTE_2020_2024,false
guoluo-maqin,2020-08-15,0.1119,0%,11%,0.0%,高寒草甸,基本稳定,31800.0,sample,true,true,modis,modis-tpdc-remote-2020-2024,MODIS_TPDC_REMOTE_2020_2024,false
guoluo-maqin,2020-09-15,0.0881,0%,9%,0.0%,高寒草甸,基本稳定,31800.0,sample,true,true,modis,modis-tpdc-remote-2020-2024,MODIS_TPDC_REMOTE_2020_2024,false
guoluo-maqin,2020-10-15,0.0728,0%,7%,5.6%,高寒草甸,基本稳定,31800.0,sample,true,true,modis,modis-tpdc-remote-2020-2024,MODIS_TPDC_REMOTE_2020_2024,false
guoluo-maqin,2020-11-15,0.0857,0%,9%,0.0%,高寒草甸,基本稳定,31800.0,sample,true,true,modis,modis-tpdc-remote-2020-2024,MODIS_TPDC_REMOTE_2020_2024,false
guoluo-maqin,2020-12-15,0.0887,0%,9%,0.0%,高寒草甸,基本稳定,31800.0,sample,true,true,modis,modis-tpdc-remote-2020-2024,MODIS_TPDC_REMOTE_2020_2024,false
guoluo-maqin,2021-01-15,0.0916,+24.9%,9%,0.0%,高寒草甸,基本稳定,31800.0,sample,true,true,modis,modis-tpdc-remote-2020-2024,MODIS_TPDC_REMOTE_2020_2024,false
guoluo-maqin,2021-02-15,0.085,+17.1%,8%,0.0%,高寒草甸,基本稳定,31800.0,sample,true,true,modis,modis-tpdc-remote-2020-2024,MODIS_TPDC_REMOTE_2020_2024,false
guoluo-maqin,2021-03-15,0.0801,+13.5%,8%,1.6%,高寒草甸,基本稳定,31800.0,sample,true,true,modis,modis-tpdc-remote-2020-2024,MODIS_TPDC_REMOTE_2020_2024,false
guoluo-maqin,2021-04-15,0.059,+41.2%,6%,1.6%,高寒草甸,基本稳定,31800.0,sample,true,true,modis,modis-tpdc-remote-2020-2024,MODIS_TPDC_REMOTE_2020_2024,false
guoluo-maqin,2021-05-15,0.1021,+12.1%,10%,0.0%,高寒草甸,基本稳定,31800.0,sample,true,true,modis,modis-tpdc-remote-2020-2024,MODIS_TPDC_REMOTE_2020_2024,false
guoluo-maqin,2021-06-15,0.1396,-23.5%,14%,0.0%,高寒草甸,基本稳定,31800.0,sample,true,true,modis,modis-tpdc-remote-2020-2024,MODIS_TPDC_REMOTE_2020_2024,false
guoluo-maqin,2021-07-15,0.1338,-30.4%,13%,0.0%,高寒草甸,基本稳定,31800.0,sample,true,true,modis,modis-tpdc-remote-2020-2024,MODIS_TPDC_REMOTE_2020_2024,false
guoluo-maqin,2021-08-15,0.1471,+31.5%,15%,0.0%,高寒草甸,基本稳定,31800.0,sample,true,true,modis,modis-tpdc-remote-2020-2024,MODIS_TPDC_REMOTE_2020_2024,false
guoluo-maqin,2021-09-15,0.129,+46.6%,13%,0.0%,高寒草甸,基本稳定,31800.0,sample,true,true,modis,modis-tpdc-remote-2020-2024,MODIS_TPDC_REMOTE_2020_2024,false
guoluo-maqin,2021-10-15,0.0556,-23.7%,6%,0.0%,高寒草甸,基本稳定,31800.0,sample,true,true,modis,modis-tpdc-remote-2020-2024,MODIS_TPDC_REMOTE_2020_2024,false
guoluo-maqin,2021-11-15,0.0456,-46.8%,5%,0.0%,高寒草甸,基本稳定,31800.0,sample,true,true,modis,modis-tpdc-remote-2020-2024,MODIS_TPDC_REMOTE_2020_2024,false
guoluo-maqin,2021-12-15,0.0921,+3.8%,9%,2.0%,高寒草甸,基本稳定,31800.0,sample,true,true,modis,modis-tpdc-remote-2020-2024,MODIS_TPDC_REMOTE_2020_2024,false
guoluo-maqin,2022-01-15,0.0442,-51.7%,4%,0.0%,高寒草甸,基本稳定,31800.0,sample,true,true,modis,modis-tpdc-remote-2020-2024,MODIS_TPDC_REMOTE_2020_2024,false
guoluo-maqin,2022-02-15,0.0759,-10.7%,8%,0.0%,高寒草甸,基本稳定,31800.0,sample,true,true,modis,modis-tpdc-remote-2020-2024,MODIS_TPDC_REMOTE_2020_2024,false
guoluo-maqin,2022-03-15,0.0515,-35.7%,5%,0.0%,高寒草甸,基本稳定,31800.0,sample,true,true,modis,modis-tpdc-remote-2020-2024,MODIS_TPDC_REMOTE_2020_2024,false
guoluo-maqin,2022-04-15,0.0844,+43.2%,8%,0.0%,高寒草甸,基本稳定,31800.0,sample,true,true,modis,modis-tpdc-remote-2020-2024,MODIS_TPDC_REMOTE_2020_2024,false
guoluo-maqin,2022-05-15,0.1279,+25.3%,13%,0.0%,高寒草甸,基本稳定,31800.0,sample,true,true,modis,modis-tpdc-remote-2020-2024,MODIS_TPDC_REMOTE_2020_2024,false
guoluo-maqin,2022-06-15,0.1746,+25.1%,17%,0.0%,高寒草甸,基本稳定,31800.0,sample,true,true,modis,modis-tpdc-remote-2020-2024,MODIS_TPDC_REMOTE_2020_2024,false
guoluo-maqin,2022-07-15,0.1648,+23.2%,16%,0.0%,高寒草甸,基本稳定,31800.0,sample,true,true,modis,modis-tpdc-remote-2020-2024,MODIS_TPDC_REMOTE_2020_2024,false
guoluo-maqin,2022-08-15,0.1793,+21.9%,18%,0.0%,高寒草甸,基本稳定,31800.0,sample,true,true,modis,modis-tpdc-remote-2020-2024,MODIS_TPDC_REMOTE_2020_2024,false
guoluo-maqin,2022-09-15,0.1275,-1.2%,13%,0.0%,高寒草甸,基本稳定,31800.0,sample,true,true,modis,modis-tpdc-remote-2020-2024,MODIS_TPDC_REMOTE_2020_2024,false
guoluo-maqin,2022-10-15,0.0521,-6.3%,5%,0.0%,高寒草甸,基本稳定,31800.0,sample,true,true,modis,modis-tpdc-remote-2020-2024,MODIS_TPDC_REMOTE_2020_2024,false
guoluo-maqin,2022-11-15,0.0767,+68.3%,8%,0.0%,高寒草甸,基本稳定,31800.0,sample,true,true,modis,modis-tpdc-remote-2020-2024,MODIS_TPDC_REMOTE_2020_2024,false
guoluo-maqin,2022-12-15,0.0324,-64.9%,3%,0.0%,高寒草甸,基本稳定,31800.0,sample,true,true,modis,modis-tpdc-remote-2020-2024,MODIS_TPDC_REMOTE_2020_2024,false
guoluo-maqin,2023-01-15,0.0681,+54.1%,7%,0.0%,高寒草甸,基本稳定,31800.0,sample,true,true,modis,modis-tpdc-remote-2020-2024,MODIS_TPDC_REMOTE_2020_2024,false
guoluo-maqin,2023-02-15,0.0911,+20.0%,9%,4.1%,高寒草甸,基本稳定,31800.0,sample,true,true,modis,modis-tpdc-remote-2020-2024,MODIS_TPDC_REMOTE_2020_2024,false
guoluo-maqin,2023-03-15,0.0666,+29.4%,7%,0.0%,高寒草甸,基本稳定,31800.0,sample,true,true,modis,modis-tpdc-remote-2020-2024,MODIS_TPDC_REMOTE_2020_2024,false
guoluo-maqin,2023-04-15,0.0802,-5.0%,8%,1.2%,高寒草甸,基本稳定,31800.0,sample,true,true,modis,modis-tpdc-remote-2020-2024,MODIS_TPDC_REMOTE_2020_2024,false
guoluo-maqin,2023-05-15,0.0709,-44.6%,7%,0.0%,高寒草甸,基本稳定,31800.0,sample,true,true,modis,modis-tpdc-remote-2020-2024,MODIS_TPDC_REMOTE_2020_2024,false
guoluo-maqin,2023-06-15,0.1318,-24.5%,13%,0.0%,高寒草甸,基本稳定,31800.0,sample,true,true,modis,modis-tpdc-remote-2020-2024,MODIS_TPDC_REMOTE_2020_2024,false
guoluo-maqin,2023-07-15,0.301,+82.7%,30%,0.0%,高寒草甸,基本稳定,31800.0,sample,true,true,modis,modis-tpdc-remote-2020-2024,MODIS_TPDC_REMOTE_2020_2024,false
guoluo-maqin,2023-08-15,0.1547,-13.7%,15%,0.0%,高寒草甸,基本稳定,31800.0,sample,true,true,modis,modis-tpdc-remote-2020-2024,MODIS_TPDC_REMOTE_2020_2024,false
guoluo-maqin,2023-09-15,0.2041,+60.0%,20%,0.0%,高寒草甸,基本稳定,31800.0,sample,true,true,modis,modis-tpdc-remote-2020-2024,MODIS_TPDC_REMOTE_2020_2024,false
guoluo-maqin,2023-10-15,0.0416,-20.2%,4%,0.0%,高寒草甸,基本稳定,31800.0,sample,true,true,modis,modis-tpdc-remote-2020-2024,MODIS_TPDC_REMOTE_2020_2024,false
guoluo-maqin,2023-11-15,0.0603,-21.3%,6%,0.0%,高寒草甸,基本稳定,31800.0,sample,true,true,modis,modis-tpdc-remote-2020-2024,MODIS_TPDC_REMOTE_2020_2024,false
guoluo-maqin,2023-12-15,0.0777,+140.2%,8%,0.0%,高寒草甸,基本稳定,31800.0,sample,true,true,modis,modis-tpdc-remote-2020-2024,MODIS_TPDC_REMOTE_2020_2024,false
guoluo-maqin,2024-01-15,0.0602,-11.7%,6%,0.0%,高寒草甸,基本稳定,31800.0,sample,true,true,modis,modis-tpdc-remote-2020-2024,MODIS_TPDC_REMOTE_2020_2024,false
guoluo-maqin,2024-02-15,0.0952,+4.5%,10%,0.8%,高寒草甸,基本稳定,31800.0,sample,true,true,modis,modis-tpdc-remote-2020-2024,MODIS_TPDC_REMOTE_2020_2024,false
guoluo-maqin,2024-03-15,0.0567,-14.9%,6%,0.0%,高寒草甸,基本稳定,31800.0,sample,true,true,modis,modis-tpdc-remote-2020-2024,MODIS_TPDC_REMOTE_2020_2024,false
guoluo-maqin,2024-04-15,0.1177,+46.7%,12%,0.0%,高寒草甸,基本稳定,31800.0,sample,true,true,modis,modis-tpdc-remote-2020-2024,MODIS_TPDC_REMOTE_2020_2024,false
guoluo-maqin,2024-05-15,0.1071,+51.1%,11%,0.0%,高寒草甸,基本稳定,31800.0,sample,true,true,modis,modis-tpdc-remote-2020-2024,MODIS_TPDC_REMOTE_2020_2024,false
guoluo-maqin,2024-06-15,0.1381,+4.7%,14%,0.0%,高寒草甸,基本稳定,31800.0,sample,true,true,modis,modis-tpdc-remote-2020-2024,MODIS_TPDC_REMOTE_2020_2024,false
guoluo-maqin,2024-07-15,0.1555,-48.3%,16%,0.0%,高寒草甸,基本稳定,31800.0,sample,true,true,modis,modis-tpdc-remote-2020-2024,MODIS_TPDC_REMOTE_2020_2024,false
guoluo-maqin,2024-08-15,0.1882,+21.7%,19%,0.8%,高寒草甸,基本稳定,31800.0,sample,true,true,modis,modis-tpdc-remote-2020-2024,MODIS_TPDC_REMOTE_2020_2024,false
guoluo-maqin,2024-09-15,0.1525,-25.3%,15%,0.0%,高寒草甸,基本稳定,31800.0,sample,true,true,modis,modis-tpdc-remote-2020-2024,MODIS_TPDC_REMOTE_2020_2024,false
guoluo-maqin,2024-10-15,0.0776,+86.5%,8%,0.0%,高寒草甸,基本稳定,31800.0,sample,true,true,modis,modis-tpdc-remote-2020-2024,MODIS_TPDC_REMOTE_2020_2024,false
guoluo-maqin,2024-11-15,0.0894,+48.3%,9%,1.9%,高寒草甸,基本稳定,31800.0,sample,true,true,modis,modis-tpdc-remote-2020-2024,MODIS_TPDC_REMOTE_2020_2024,false
guoluo-maqin,2024-12-15,0.0646,-16.9%,6%,0.0%,高寒草甸,基本稳定,31800.0,sample,true,true,modis,modis-tpdc-remote-2020-2024,MODIS_TPDC_REMOTE_2020_2024,false
haibei-gangcha,2020-01-15,0.1366,0%,14%,4.9%,高寒草甸,基本稳定,23200.0,sample,true,true,modis,modis-tpdc-remote-2020-2024,MODIS_TPDC_REMOTE_2020_2024,false
haibei-gangcha,2020-02-15,0.1044,0%,10%,0.0%,高寒草甸,基本稳定,23200.0,sample,true,true,modis,modis-tpdc-remote-2020-2024,MODIS_TPDC_REMOTE_2020_2024,false
haibei-gangcha,2020-03-15,0.1269,0%,13%,0.0%,高寒草甸,基本稳定,23200.0,sample,true,true,modis,modis-tpdc-remote-2020-2024,MODIS_TPDC_REMOTE_2020_2024,false
haibei-gangcha,2020-04-15,0.1275,0%,13%,0.0%,高寒草甸,基本稳定,23200.0,sample,true,true,modis,modis-tpdc-remote-2020-2024,MODIS_TPDC_REMOTE_2020_2024,false
haibei-gangcha,2020-05-15,0.1924,0%,19%,0.0%,高寒草甸,基本稳定,23200.0,sample,true,true,modis,modis-tpdc-remote-2020-2024,MODIS_TPDC_REMOTE_2020_2024,false
haibei-gangcha,2020-06-15,0.277,0%,28%,0.0%,高寒草甸,基本稳定,23200.0,sample,true,true,modis,modis-tpdc-remote-2020-2024,MODIS_TPDC_REMOTE_2020_2024,false
haibei-gangcha,2020-07-15,0.3651,0%,37%,0.0%,高寒草甸,基本稳定,23200.0,sample,true,true,modis,modis-tpdc-remote-2020-2024,MODIS_TPDC_REMOTE_2020_2024,false
haibei-gangcha,2020-08-15,0.2993,0%,30%,0.0%,高寒草甸,基本稳定,23200.0,sample,true,true,modis,modis-tpdc-remote-2020-2024,MODIS_TPDC_REMOTE_2020_2024,false
haibei-gangcha,2020-09-15,0.2433,0%,24%,0.0%,高寒草甸,基本稳定,23200.0,sample,true,true,modis,modis-tpdc-remote-2020-2024,MODIS_TPDC_REMOTE_2020_2024,false
haibei-gangcha,2020-10-15,0.1547,0%,15%,0.0%,高寒草甸,基本稳定,23200.0,sample,true,true,modis,modis-tpdc-remote-2020-2024,MODIS_TPDC_REMOTE_2020_2024,false
haibei-gangcha,2020-11-15,0.1091,0%,11%,2.5%,高寒草甸,基本稳定,23200.0,sample,true,true,modis,modis-tpdc-remote-2020-2024,MODIS_TPDC_REMOTE_2020_2024,false
haibei-gangcha,2020-12-15,0.1444,0%,14%,0.0%,高寒草甸,基本稳定,23200.0,sample,true,true,modis,modis-tpdc-remote-2020-2024,MODIS_TPDC_REMOTE_2020_2024,false
haibei-gangcha,2021-01-15,0.1322,-3.2%,13%,0.0%,高寒草甸,基本稳定,23200.0,sample,true,true,modis,modis-tpdc-remote-2020-2024,MODIS_TPDC_REMOTE_2020_2024,false
haibei-gangcha,2021-02-15,0.1165,+11.6%,12%,0.0%,高寒草甸,基本稳定,23200.0,sample,true,true,modis,modis-tpdc-remote-2020-2024,MODIS_TPDC_REMOTE_2020_2024,false
haibei-gangcha,2021-03-15,0.1153,-9.2%,12%,0.0%,高寒草甸,基本稳定,23200.0,sample,true,true,modis,modis-tpdc-remote-2020-2024,MODIS_TPDC_REMOTE_2020_2024,false
haibei-gangcha,2021-04-15,0.1293,+1.4%,13%,7.7%,高寒草甸,基本稳定,23200.0,sample,true,true,modis,modis-tpdc-remote-2020-2024,MODIS_TPDC_REMOTE_2020_2024,false
haibei-gangcha,2021-05-15,0.2034,+5.7%,20%,0.0%,高寒草甸,基本稳定,23200.0,sample,true,true,modis,modis-tpdc-remote-2020-2024,MODIS_TPDC_REMOTE_2020_2024,false
haibei-gangcha,2021-06-15,0.2826,+2.0%,28%,0.0%,高寒草甸,基本稳定,23200.0,sample,true,true,modis,modis-tpdc-remote-2020-2024,MODIS_TPDC_REMOTE_2020_2024,false
haibei-gangcha,2021-07-15,0.3249,-11.0%,32%,0.0%,高寒草甸,基本稳定,23200.0,sample,true,true,modis,modis-tpdc-remote-2020-2024,MODIS_TPDC_REMOTE_2020_2024,false
haibei-gangcha,2021-08-15,0.3558,+18.9%,36%,0.0%,高寒草甸,基本稳定,23200.0,sample,true,true,modis,modis-tpdc-remote-2020-2024,MODIS_TPDC_REMOTE_2020_2024,false
haibei-gangcha,2021-09-15,0.2192,-9.9%,22%,0.0%,高寒草甸,基本稳定,23200.0,sample,true,true,modis,modis-tpdc-remote-2020-2024,MODIS_TPDC_REMOTE_2020_2024,false
haibei-gangcha,2021-10-15,0.1689,+9.2%,17%,0.0%,高寒草甸,基本稳定,23200.0,sample,true,true,modis,modis-tpdc-remote-2020-2024,MODIS_TPDC_REMOTE_2020_2024,false
haibei-gangcha,2021-11-15,0.1292,+18.4%,13%,0.0%,高寒草甸,基本稳定,23200.0,sample,true,true,modis,modis-tpdc-remote-2020-2024,MODIS_TPDC_REMOTE_2020_2024,false
haibei-gangcha,2021-12-15,0.1359,-5.9%,14%,0.0%,高寒草甸,基本稳定,23200.0,sample,true,true,modis,modis-tpdc-remote-2020-2024,MODIS_TPDC_REMOTE_2020_2024,false
haibei-gangcha,2022-01-15,0.0965,-27.0%,10%,0.0%,高寒草甸,基本稳定,23200.0,sample,true,true,modis,modis-tpdc-remote-2020-2024,MODIS_TPDC_REMOTE_2020_2024,false
haibei-gangcha,2022-02-15,0.1135,-2.6%,11%,9.9%,高寒草甸,基本稳定,23200.0,sample,true,true,modis,modis-tpdc-remote-2020-2024,MODIS_TPDC_REMOTE_2020_2024,false
haibei-gangcha,2022-03-15,0.1305,+13.2%,13%,0.0%,高寒草甸,基本稳定,23200.0,sample,true,true,modis,modis-tpdc-remote-2020-2024,MODIS_TPDC_REMOTE_2020_2024,false
haibei-gangcha,2022-04-15,0.1268,-2.0%,13%,0.0%,高寒草甸,基本稳定,23200.0,sample,true,true,modis,modis-tpdc-remote-2020-2024,MODIS_TPDC_REMOTE_2020_2024,false
haibei-gangcha,2022-05-15,0.1937,-4.8%,19%,0.0%,高寒草甸,基本稳定,23200.0,sample,true,true,modis,modis-tpdc-remote-2020-2024,MODIS_TPDC_REMOTE_2020_2024,false
haibei-gangcha,2022-06-15,0.249,-11.9%,25%,0.0%,高寒草甸,基本稳定,23200.0,sample,true,true,modis,modis-tpdc-remote-2020-2024,MODIS_TPDC_REMOTE_2020_2024,false
haibei-gangcha,2022-07-15,0.2491,-23.3%,25%,0.0%,高寒草甸,基本稳定,23200.0,sample,true,true,modis,modis-tpdc-remote-2020-2024,MODIS_TPDC_REMOTE_2020_2024,false
haibei-gangcha,2022-08-15,0.3405,-4.3%,34%,0.0%,高寒草甸,基本稳定,23200.0,sample,true,true,modis,modis-tpdc-remote-2020-2024,MODIS_TPDC_REMOTE_2020_2024,false
haibei-gangcha,2022-09-15,0.1934,-11.7%,19%,0.0%,高寒草甸,基本稳定,23200.0,sample,true,true,modis,modis-tpdc-remote-2020-2024,MODIS_TPDC_REMOTE_2020_2024,false
haibei-gangcha,2022-10-15,0.2003,+18.6%,20%,0.0%,高寒草甸,基本稳定,23200.0,sample,true,true,modis,modis-tpdc-remote-2020-2024,MODIS_TPDC_REMOTE_2020_2024,false
haibei-gangcha,2022-11-15,0.1198,-7.2%,12%,0.0%,高寒草甸,基本稳定,23200.0,sample,true,true,modis,modis-tpdc-remote-2020-2024,MODIS_TPDC_REMOTE_2020_2024,false
haibei-gangcha,2022-12-15,0.1077,-20.8%,11%,0.0%,高寒草甸,基本稳定,23200.0,sample,true,true,modis,modis-tpdc-remote-2020-2024,MODIS_TPDC_REMOTE_2020_2024,false
haibei-gangcha,2023-01-15,0.1213,+25.8%,12%,0.0%,高寒草甸,基本稳定,23200.0,sample,true,true,modis,modis-tpdc-remote-2020-2024,MODIS_TPDC_REMOTE_2020_2024,false
haibei-gangcha,2023-02-15,0.1209,+6.6%,12%,4.7%,高寒草甸,基本稳定,23200.0,sample,true,true,modis,modis-tpdc-remote-2020-2024,MODIS_TPDC_REMOTE_2020_2024,false
haibei-gangcha,2023-03-15,0.1179,-9.6%,12%,6.3%,高寒草甸,基本稳定,23200.0,sample,true,true,modis,modis-tpdc-remote-2020-2024,MODIS_TPDC_REMOTE_2020_2024,false
haibei-gangcha,2023-04-15,0.1386,+9.3%,14%,0.0%,高寒草甸,基本稳定,23200.0,sample,true,true,modis,modis-tpdc-remote-2020-2024,MODIS_TPDC_REMOTE_2020_2024,false
haibei-gangcha,2023-05-15,0.1701,-12.2%,17%,0.0%,高寒草甸,基本稳定,23200.0,sample,true,true,modis,modis-tpdc-remote-2020-2024,MODIS_TPDC_REMOTE_2020_2024,false
haibei-gangcha,2023-06-15,0.2305,-7.4%,23%,0.0%,高寒草甸,基本稳定,23200.0,sample,true,true,modis,modis-tpdc-remote-2020-2024,MODIS_TPDC_REMOTE_2020_2024,false
haibei-gangcha,2023-07-15,0.2674,+7.3%,27%,0.0%,高寒草甸,基本稳定,23200.0,sample,true,true,modis,modis-tpdc-remote-2020-2024,MODIS_TPDC_REMOTE_2020_2024,false
haibei-gangcha,2023-08-15,0.3497,+2.7%,35%,0.0%,高寒草甸,基本稳定,23200.0,sample,true,true,modis,modis-tpdc-remote-2020-2024,MODIS_TPDC_REMOTE_2020_2024,false
haibei-gangcha,2023-09-15,0.2566,+32.7%,26%,0.0%,高寒草甸,基本稳定,23200.0,sample,true,true,modis,modis-tpdc-remote-2020-2024,MODIS_TPDC_REMOTE_2020_2024,false
haibei-gangcha,2023-10-15,0.1964,-1.9%,20%,0.0%,高寒草甸,基本稳定,23200.0,sample,true,true,modis,modis-tpdc-remote-2020-2024,MODIS_TPDC_REMOTE_2020_2024,false
haibei-gangcha,2023-11-15,0.126,+5.2%,13%,0.0%,高寒草甸,基本稳定,23200.0,sample,true,true,modis,modis-tpdc-remote-2020-2024,MODIS_TPDC_REMOTE_2020_2024,false
haibei-gangcha,2023-12-15,0.1269,+17.8%,13%,0.0%,高寒草甸,基本稳定,23200.0,sample,true,true,modis,modis-tpdc-remote-2020-2024,MODIS_TPDC_REMOTE_2020_2024,false
haibei-gangcha,2024-01-15,0.1128,-7.1%,11%,0.0%,高寒草甸,基本稳定,23200.0,sample,true,true,modis,modis-tpdc-remote-2020-2024,MODIS_TPDC_REMOTE_2020_2024,false
haibei-gangcha,2024-02-15,0.1143,-5.5%,11%,11.7%,高寒草甸,基本稳定,23200.0,sample,true,true,modis,modis-tpdc-remote-2020-2024,MODIS_TPDC_REMOTE_2020_2024,false
haibei-gangcha,2024-03-15,0.1325,+12.3%,13%,0.0%,高寒草甸,基本稳定,23200.0,sample,true,true,modis,modis-tpdc-remote-2020-2024,MODIS_TPDC_REMOTE_2020_2024,false
haibei-gangcha,2024-04-15,0.1324,-4.5%,13%,10.8%,高寒草甸,基本稳定,23200.0,sample,true,true,modis,modis-tpdc-remote-2020-2024,MODIS_TPDC_REMOTE_2020_2024,false
haibei-gangcha,2024-05-15,0.2362,+38.9%,24%,0.0%,高寒草甸,基本稳定,23200.0,sample,true,true,modis,modis-tpdc-remote-2020-2024,MODIS_TPDC_REMOTE_2020_2024,false
haibei-gangcha,2024-06-15,0.3777,+63.9%,38%,0.0%,高寒草甸,基本稳定,23200.0,sample,true,true,modis,modis-tpdc-remote-2020-2024,MODIS_TPDC_REMOTE_2020_2024,false
haibei-gangcha,2024-07-15,0.2333,-12.7%,23%,0.0%,高寒草甸,基本稳定,23200.0,sample,true,true,modis,modis-tpdc-remote-2020-2024,MODIS_TPDC_REMOTE_2020_2024,false
haibei-gangcha,2024-08-15,0.2995,-14.4%,30%,0.0%,高寒草甸,基本稳定,23200.0,sample,true,true,modis,modis-tpdc-remote-2020-2024,MODIS_TPDC_REMOTE_2020_2024,false
haibei-gangcha,2024-09-15,0.2167,-15.5%,22%,0.0%,高寒草甸,基本稳定,23200.0,sample,true,true,modis,modis-tpdc-remote-2020-2024,MODIS_TPDC_REMOTE_2020_2024,false
haibei-gangcha,2024-10-15,0.1752,-10.8%,18%,0.0%,高寒草甸,基本稳定,23200.0,sample,true,true,modis,modis-tpdc-remote-2020-2024,MODIS_TPDC_REMOTE_2020_2024,false
haibei-gangcha,2024-11-15,0.1308,+3.8%,13%,2.8%,高寒草甸,基本稳定,23200.0,sample,true,true,modis,modis-tpdc-remote-2020-2024,MODIS_TPDC_REMOTE_2020_2024,false
haibei-gangcha,2024-12-15,0.1467,+15.6%,15%,0.9%,高寒草甸,基本稳定,23200.0,sample,true,true,modis,modis-tpdc-remote-2020-2024,MODIS_TPDC_REMOTE_2020_2024,false
huangnan-zeku,2020-01-15,0.1356,0%,14%,7.0%,高寒草甸,重度退化,25800.0,sample,true,true,modis,modis-tpdc-remote-2020-2024,MODIS_TPDC_REMOTE_2020_2024,false
huangnan-zeku,2020-02-15,0.1385,0%,14%,1.0%,高寒草甸,重度退化,25800.0,sample,true,true,modis,modis-tpdc-remote-2020-2024,MODIS_TPDC_REMOTE_2020_2024,false
huangnan-zeku,2020-03-15,0.1468,0%,15%,5.2%,高寒草甸,重度退化,25800.0,sample,true,true,modis,modis-tpdc-remote-2020-2024,MODIS_TPDC_REMOTE_2020_2024,false
huangnan-zeku,2020-04-15,0.1671,0%,17%,1.1%,高寒草甸,重度退化,25800.0,sample,true,true,modis,modis-tpdc-remote-2020-2024,MODIS_TPDC_REMOTE_2020_2024,false
huangnan-zeku,2020-05-15,0.2273,0%,23%,3.0%,高寒草甸,重度退化,25800.0,sample,true,true,modis,modis-tpdc-remote-2020-2024,MODIS_TPDC_REMOTE_2020_2024,false
huangnan-zeku,2020-06-15,0.3079,0%,31%,0.0%,高寒草甸,重度退化,25800.0,sample,true,true,modis,modis-tpdc-remote-2020-2024,MODIS_TPDC_REMOTE_2020_2024,false
huangnan-zeku,2020-07-15,0.4297,0%,43%,0.0%,高寒草甸,重度退化,25800.0,sample,true,true,modis,modis-tpdc-remote-2020-2024,MODIS_TPDC_REMOTE_2020_2024,false
huangnan-zeku,2020-08-15,0.3127,0%,31%,0.0%,高寒草甸,重度退化,25800.0,sample,true,true,modis,modis-tpdc-remote-2020-2024,MODIS_TPDC_REMOTE_2020_2024,false
huangnan-zeku,2020-09-15,0.2888,0%,29%,0.0%,高寒草甸,重度退化,25800.0,sample,true,true,modis,modis-tpdc-remote-2020-2024,MODIS_TPDC_REMOTE_2020_2024,false
huangnan-zeku,2020-10-15,0.2056,0%,21%,14.1%,高寒草甸,重度退化,25800.0,sample,true,true,modis,modis-tpdc-remote-2020-2024,MODIS_TPDC_REMOTE_2020_2024,false
huangnan-zeku,2020-11-15,0.1619,0%,16%,7.6%,高寒草甸,重度退化,25800.0,sample,true,true,modis,modis-tpdc-remote-2020-2024,MODIS_TPDC_REMOTE_2020_2024,false
huangnan-zeku,2020-12-15,0.1308,0%,13%,0.0%,高寒草甸,重度退化,25800.0,sample,true,true,modis,modis-tpdc-remote-2020-2024,MODIS_TPDC_REMOTE_2020_2024,false
huangnan-zeku,2021-01-15,0.1233,-9.1%,12%,0.0%,高寒草甸,重度退化,25800.0,sample,true,true,modis,modis-tpdc-remote-2020-2024,MODIS_TPDC_REMOTE_2020_2024,false
huangnan-zeku,2021-02-15,0.127,-8.3%,13%,10.0%,高寒草甸,重度退化,25800.0,sample,true,true,modis,modis-tpdc-remote-2020-2024,MODIS_TPDC_REMOTE_2020_2024,false
huangnan-zeku,2021-03-15,0.1492,+1.6%,15%,0.0%,高寒草甸,重度退化,25800.0,sample,true,true,modis,modis-tpdc-remote-2020-2024,MODIS_TPDC_REMOTE_2020_2024,false
huangnan-zeku,2021-04-15,0.1463,-12.4%,15%,4.0%,高寒草甸,重度退化,25800.0,sample,true,true,modis,modis-tpdc-remote-2020-2024,MODIS_TPDC_REMOTE_2020_2024,false
huangnan-zeku,2021-05-15,0.2225,-2.1%,22%,0.0%,高寒草甸,重度退化,25800.0,sample,true,true,modis,modis-tpdc-remote-2020-2024,MODIS_TPDC_REMOTE_2020_2024,false
huangnan-zeku,2021-06-15,0.2618,-15.0%,26%,0.0%,高寒草甸,重度退化,25800.0,sample,true,true,modis,modis-tpdc-remote-2020-2024,MODIS_TPDC_REMOTE_2020_2024,false
huangnan-zeku,2021-07-15,0.3215,-25.2%,32%,0.0%,高寒草甸,重度退化,25800.0,sample,true,true,modis,modis-tpdc-remote-2020-2024,MODIS_TPDC_REMOTE_2020_2024,false
huangnan-zeku,2021-08-15,0.3168,+1.3%,32%,0.0%,高寒草甸,重度退化,25800.0,sample,true,true,modis,modis-tpdc-remote-2020-2024,MODIS_TPDC_REMOTE_2020_2024,false
huangnan-zeku,2021-09-15,0.2419,-16.2%,24%,0.0%,高寒草甸,重度退化,25800.0,sample,true,true,modis,modis-tpdc-remote-2020-2024,MODIS_TPDC_REMOTE_2020_2024,false
huangnan-zeku,2021-10-15,0.204,-0.8%,20%,0.0%,高寒草甸,重度退化,25800.0,sample,true,true,modis,modis-tpdc-remote-2020-2024,MODIS_TPDC_REMOTE_2020_2024,false
huangnan-zeku,2021-11-15,0.1584,-2.2%,16%,0.0%,高寒草甸,重度退化,25800.0,sample,true,true,modis,modis-tpdc-remote-2020-2024,MODIS_TPDC_REMOTE_2020_2024,false
huangnan-zeku,2021-12-15,0.1469,+12.3%,15%,0.0%,高寒草甸,重度退化,25800.0,sample,true,true,modis,modis-tpdc-remote-2020-2024,MODIS_TPDC_REMOTE_2020_2024,false
huangnan-zeku,2022-01-15,0.1478,+19.9%,15%,0.0%,高寒草甸,重度退化,25800.0,sample,true,true,modis,modis-tpdc-remote-2020-2024,MODIS_TPDC_REMOTE_2020_2024,false
huangnan-zeku,2022-02-15,0.1463,+15.2%,15%,2.6%,高寒草甸,重度退化,25800.0,sample,true,true,modis,modis-tpdc-remote-2020-2024,MODIS_TPDC_REMOTE_2020_2024,false
huangnan-zeku,2022-03-15,0.1515,+1.6%,15%,0.0%,高寒草甸,重度退化,25800.0,sample,true,true,modis,modis-tpdc-remote-2020-2024,MODIS_TPDC_REMOTE_2020_2024,false
huangnan-zeku,2022-04-15,0.1451,-0.9%,15%,0.0%,高寒草甸,重度退化,25800.0,sample,true,true,modis,modis-tpdc-remote-2020-2024,MODIS_TPDC_REMOTE_2020_2024,false
huangnan-zeku,2022-05-15,0.1836,-17.5%,18%,0.0%,高寒草甸,重度退化,25800.0,sample,true,true,modis,modis-tpdc-remote-2020-2024,MODIS_TPDC_REMOTE_2020_2024,false
huangnan-zeku,2022-06-15,0.2495,-4.7%,25%,0.0%,高寒草甸,重度退化,25800.0,sample,true,true,modis,modis-tpdc-remote-2020-2024,MODIS_TPDC_REMOTE_2020_2024,false
huangnan-zeku,2022-07-15,0.3165,-1.6%,32%,0.0%,高寒草甸,重度退化,25800.0,sample,true,true,modis,modis-tpdc-remote-2020-2024,MODIS_TPDC_REMOTE_2020_2024,false
huangnan-zeku,2022-08-15,0.231,-27.1%,23%,0.0%,高寒草甸,重度退化,25800.0,sample,true,true,modis,modis-tpdc-remote-2020-2024,MODIS_TPDC_REMOTE_2020_2024,false
huangnan-zeku,2022-09-15,0.1994,-17.6%,20%,3.9%,高寒草甸,重度退化,25800.0,sample,true,true,modis,modis-tpdc-remote-2020-2024,MODIS_TPDC_REMOTE_2020_2024,false
huangnan-zeku,2022-10-15,0.1772,-13.1%,18%,4.3%,高寒草甸,重度退化,25800.0,sample,true,true,modis,modis-tpdc-remote-2020-2024,MODIS_TPDC_REMOTE_2020_2024,false
huangnan-zeku,2022-11-15,0.1433,-9.5%,14%,0.0%,高寒草甸,重度退化,25800.0,sample,true,true,modis,modis-tpdc-remote-2020-2024,MODIS_TPDC_REMOTE_2020_2024,false
huangnan-zeku,2022-12-15,0.1336,-9.1%,13%,0.0%,高寒草甸,重度退化,25800.0,sample,true,true,modis,modis-tpdc-remote-2020-2024,MODIS_TPDC_REMOTE_2020_2024,false
huangnan-zeku,2023-01-15,0.1392,-5.8%,14%,0.0%,高寒草甸,重度退化,25800.0,sample,true,true,modis,modis-tpdc-remote-2020-2024,MODIS_TPDC_REMOTE_2020_2024,false
huangnan-zeku,2023-02-15,0.1372,-6.2%,14%,9.1%,高寒草甸,重度退化,25800.0,sample,true,true,modis,modis-tpdc-remote-2020-2024,MODIS_TPDC_REMOTE_2020_2024,false
huangnan-zeku,2023-03-15,0.1319,-12.9%,13%,4.9%,高寒草甸,重度退化,25800.0,sample,true,true,modis,modis-tpdc-remote-2020-2024,MODIS_TPDC_REMOTE_2020_2024,false
huangnan-zeku,2023-04-15,0.1562,+7.7%,16%,1.6%,高寒草甸,重度退化,25800.0,sample,true,true,modis,modis-tpdc-remote-2020-2024,MODIS_TPDC_REMOTE_2020_2024,false
huangnan-zeku,2023-05-15,0.2002,+9.1%,20%,6.2%,高寒草甸,重度退化,25800.0,sample,true,true,modis,modis-tpdc-remote-2020-2024,MODIS_TPDC_REMOTE_2020_2024,false
huangnan-zeku,2023-06-15,0.283,+13.4%,28%,0.0%,高寒草甸,重度退化,25800.0,sample,true,true,modis,modis-tpdc-remote-2020-2024,MODIS_TPDC_REMOTE_2020_2024,false
huangnan-zeku,2023-07-15,0.2522,-20.3%,25%,0.0%,高寒草甸,重度退化,25800.0,sample,true,true,modis,modis-tpdc-remote-2020-2024,MODIS_TPDC_REMOTE_2020_2024,false
huangnan-zeku,2023-08-15,0.3002,+29.9%,30%,0.0%,高寒草甸,重度退化,25800.0,sample,true,true,modis,modis-tpdc-remote-2020-2024,MODIS_TPDC_REMOTE_2020_2024,false
huangnan-zeku,2023-09-15,0.2128,+6.7%,21%,0.0%,高寒草甸,重度退化,25800.0,sample,true,true,modis,modis-tpdc-remote-2020-2024,MODIS_TPDC_REMOTE_2020_2024,false
huangnan-zeku,2023-10-15,0.1769,-0.2%,18%,0.0%,高寒草甸,重度退化,25800.0,sample,true,true,modis,modis-tpdc-remote-2020-2024,MODIS_TPDC_REMOTE_2020_2024,false
huangnan-zeku,2023-11-15,0.1463,+2.1%,15%,0.0%,高寒草甸,重度退化,25800.0,sample,true,true,modis,modis-tpdc-remote-2020-2024,MODIS_TPDC_REMOTE_2020_2024,false
huangnan-zeku,2023-12-15,0.1378,+3.1%,14%,0.0%,高寒草甸,重度退化,25800.0,sample,true,true,modis,modis-tpdc-remote-2020-2024,MODIS_TPDC_REMOTE_2020_2024,false
huangnan-zeku,2024-01-15,0.1309,-6.0%,13%,0.0%,高寒草甸,重度退化,25800.0,sample,true,true,modis,modis-tpdc-remote-2020-2024,MODIS_TPDC_REMOTE_2020_2024,false
huangnan-zeku,2024-02-15,0.1434,+4.5%,14%,0.0%,高寒草甸,重度退化,25800.0,sample,true,true,modis,modis-tpdc-remote-2020-2024,MODIS_TPDC_REMOTE_2020_2024,false
huangnan-zeku,2024-03-15,0.1361,+3.2%,14%,2.9%,高寒草甸,重度退化,25800.0,sample,true,true,modis,modis-tpdc-remote-2020-2024,MODIS_TPDC_REMOTE_2020_2024,false
huangnan-zeku,2024-04-15,0.1597,+2.2%,16%,2.7%,高寒草甸,重度退化,25800.0,sample,true,true,modis,modis-tpdc-remote-2020-2024,MODIS_TPDC_REMOTE_2020_2024,false
huangnan-zeku,2024-05-15,0.2058,+2.8%,21%,0.0%,高寒草甸,重度退化,25800.0,sample,true,true,modis,modis-tpdc-remote-2020-2024,MODIS_TPDC_REMOTE_2020_2024,false
huangnan-zeku,2024-06-15,0.2762,-2.4%,28%,0.0%,高寒草甸,重度退化,25800.0,sample,true,true,modis,modis-tpdc-remote-2020-2024,MODIS_TPDC_REMOTE_2020_2024,false
huangnan-zeku,2024-07-15,0.3344,+32.6%,33%,1.7%,高寒草甸,重度退化,25800.0,sample,true,true,modis,modis-tpdc-remote-2020-2024,MODIS_TPDC_REMOTE_2020_2024,false
huangnan-zeku,2024-08-15,0.3032,+1.0%,30%,0.0%,高寒草甸,重度退化,25800.0,sample,true,true,modis,modis-tpdc-remote-2020-2024,MODIS_TPDC_REMOTE_2020_2024,false
huangnan-zeku,2024-09-15,0.2414,+13.5%,24%,0.0%,高寒草甸,重度退化,25800.0,sample,true,true,modis,modis-tpdc-remote-2020-2024,MODIS_TPDC_REMOTE_2020_2024,false
huangnan-zeku,2024-10-15,0.1796,+1.5%,18%,2.1%,高寒草甸,重度退化,25800.0,sample,true,true,modis,modis-tpdc-remote-2020-2024,MODIS_TPDC_REMOTE_2020_2024,false
huangnan-zeku,2024-11-15,0.1246,-14.8%,12%,2.3%,高寒草甸,重度退化,25800.0,sample,true,true,modis,modis-tpdc-remote-2020-2024,MODIS_TPDC_REMOTE_2020_2024,false
huangnan-zeku,2024-12-15,0.1283,-6.9%,13%,6.9%,高寒草甸,重度退化,25800.0,sample,true,true,modis,modis-tpdc-remote-2020-2024,MODIS_TPDC_REMOTE_2020_2024,false
naqu-anduo,2020-01-15,0.0205,0%,2%,14.7%,高寒草甸,基本稳定,15800.0,sample,true,true,modis,modis-tpdc-remote-2020-2024,MODIS_TPDC_REMOTE_2020_2024,false
naqu-anduo,2020-02-15,0.0334,0%,3%,0.0%,高寒草甸,基本稳定,15800.0,sample,true,true,modis,modis-tpdc-remote-2020-2024,MODIS_TPDC_REMOTE_2020_2024,false
naqu-anduo,2020-03-15,-0.0045,0%,-0%,5.3%,高寒草甸,基本稳定,15800.0,sample,true,true,modis,modis-tpdc-remote-2020-2024,MODIS_TPDC_REMOTE_2020_2024,false
naqu-anduo,2020-04-15,0.051,0%,5%,0.0%,高寒草甸,基本稳定,15800.0,sample,true,true,modis,modis-tpdc-remote-2020-2024,MODIS_TPDC_REMOTE_2020_2024,false
naqu-anduo,2020-05-15,0.1001,0%,10%,2.7%,高寒草甸,基本稳定,15800.0,sample,true,true,modis,modis-tpdc-remote-2020-2024,MODIS_TPDC_REMOTE_2020_2024,false
naqu-anduo,2020-06-15,0.1217,0%,12%,6.5%,高寒草甸,基本稳定,15800.0,sample,true,true,modis,modis-tpdc-remote-2020-2024,MODIS_TPDC_REMOTE_2020_2024,false
naqu-anduo,2020-07-15,0.1559,0%,16%,0.0%,高寒草甸,基本稳定,15800.0,sample,true,true,modis,modis-tpdc-remote-2020-2024,MODIS_TPDC_REMOTE_2020_2024,false
naqu-anduo,2020-08-15,0.1612,0%,16%,0.0%,高寒草甸,基本稳定,15800.0,sample,true,true,modis,modis-tpdc-remote-2020-2024,MODIS_TPDC_REMOTE_2020_2024,false
naqu-anduo,2020-09-15,0.1421,0%,14%,0.0%,高寒草甸,基本稳定,15800.0,sample,true,true,modis,modis-tpdc-remote-2020-2024,MODIS_TPDC_REMOTE_2020_2024,false
naqu-anduo,2020-10-15,0.1087,0%,11%,0.0%,高寒草甸,基本稳定,15800.0,sample,true,true,modis,modis-tpdc-remote-2020-2024,MODIS_TPDC_REMOTE_2020_2024,false
naqu-anduo,2020-11-15,0.0791,0%,8%,0.0%,高寒草甸,基本稳定,15800.0,sample,true,true,modis,modis-tpdc-remote-2020-2024,MODIS_TPDC_REMOTE_2020_2024,false
naqu-anduo,2020-12-15,0.0743,0%,7%,0.0%,高寒草甸,基本稳定,15800.0,sample,true,true,modis,modis-tpdc-remote-2020-2024,MODIS_TPDC_REMOTE_2020_2024,false
naqu-anduo,2021-01-15,0.0524,+155.4%,5%,0.0%,高寒草甸,基本稳定,15800.0,sample,true,true,modis,modis-tpdc-remote-2020-2024,MODIS_TPDC_REMOTE_2020_2024,false
naqu-anduo,2021-02-15,0.0438,+31.1%,4%,0.0%,高寒草甸,基本稳定,15800.0,sample,true,true,modis,modis-tpdc-remote-2020-2024,MODIS_TPDC_REMOTE_2020_2024,false
naqu-anduo,2021-03-15,0.0255,0%,3%,0.0%,高寒草甸,基本稳定,15800.0,sample,true,true,modis,modis-tpdc-remote-2020-2024,MODIS_TPDC_REMOTE_2020_2024,false
naqu-anduo,2021-04-15,0.0803,+57.5%,8%,1.2%,高寒草甸,基本稳定,15800.0,sample,true,true,modis,modis-tpdc-remote-2020-2024,MODIS_TPDC_REMOTE_2020_2024,false
naqu-anduo,2021-05-15,0.1246,+24.5%,12%,7.3%,高寒草甸,基本稳定,15800.0,sample,true,true,modis,modis-tpdc-remote-2020-2024,MODIS_TPDC_REMOTE_2020_2024,false
naqu-anduo,2021-06-15,0.1671,+37.4%,17%,5.6%,高寒草甸,基本稳定,15800.0,sample,true,true,modis,modis-tpdc-remote-2020-2024,MODIS_TPDC_REMOTE_2020_2024,false
naqu-anduo,2021-07-15,0.1913,+22.7%,19%,0.0%,高寒草甸,基本稳定,15800.0,sample,true,true,modis,modis-tpdc-remote-2020-2024,MODIS_TPDC_REMOTE_2020_2024,false
naqu-anduo,2021-08-15,0.1774,+10.1%,18%,0.0%,高寒草甸,基本稳定,15800.0,sample,true,true,modis,modis-tpdc-remote-2020-2024,MODIS_TPDC_REMOTE_2020_2024,false
naqu-anduo,2021-09-15,0.1487,+4.6%,15%,0.0%,高寒草甸,基本稳定,15800.0,sample,true,true,modis,modis-tpdc-remote-2020-2024,MODIS_TPDC_REMOTE_2020_2024,false
naqu-anduo,2021-10-15,0.1042,-4.2%,10%,0.7%,高寒草甸,基本稳定,15800.0,sample,true,true,modis,modis-tpdc-remote-2020-2024,MODIS_TPDC_REMOTE_2020_2024,false
naqu-anduo,2021-11-15,0.0892,+12.7%,9%,0.0%,高寒草甸,基本稳定,15800.0,sample,true,true,modis,modis-tpdc-remote-2020-2024,MODIS_TPDC_REMOTE_2020_2024,false
naqu-anduo,2021-12-15,0.0539,-27.5%,5%,2.7%,高寒草甸,基本稳定,15800.0,sample,true,true,modis,modis-tpdc-remote-2020-2024,MODIS_TPDC_REMOTE_2020_2024,false
naqu-anduo,2022-01-15,0.0305,-41.7%,3%,2.9%,高寒草甸,基本稳定,15800.0,sample,true,true,modis,modis-tpdc-remote-2020-2024,MODIS_TPDC_REMOTE_2020_2024,false
naqu-anduo,2022-02-15,0.0411,-6.1%,4%,6.6%,高寒草甸,基本稳定,15800.0,sample,true,true,modis,modis-tpdc-remote-2020-2024,MODIS_TPDC_REMOTE_2020_2024,false
naqu-anduo,2022-03-15,0.0397,+55.2%,4%,0.0%,高寒草甸,基本稳定,15800.0,sample,true,true,modis,modis-tpdc-remote-2020-2024,MODIS_TPDC_REMOTE_2020_2024,false
naqu-anduo,2022-04-15,0.0738,-8.0%,7%,0.0%,高寒草甸,基本稳定,15800.0,sample,true,true,modis,modis-tpdc-remote-2020-2024,MODIS_TPDC_REMOTE_2020_2024,false
naqu-anduo,2022-05-15,0.115,-7.7%,12%,0.0%,高寒草甸,基本稳定,15800.0,sample,true,true,modis,modis-tpdc-remote-2020-2024,MODIS_TPDC_REMOTE_2020_2024,false
naqu-anduo,2022-06-15,0.1742,+4.2%,17%,0.0%,高寒草甸,基本稳定,15800.0,sample,true,true,modis,modis-tpdc-remote-2020-2024,MODIS_TPDC_REMOTE_2020_2024,false
naqu-anduo,2022-07-15,0.1671,-12.7%,17%,0.0%,高寒草甸,基本稳定,15800.0,sample,true,true,modis,modis-tpdc-remote-2020-2024,MODIS_TPDC_REMOTE_2020_2024,false
naqu-anduo,2022-08-15,0.1487,-16.2%,15%,0.0%,高寒草甸,基本稳定,15800.0,sample,true,true,modis,modis-tpdc-remote-2020-2024,MODIS_TPDC_REMOTE_2020_2024,false
naqu-anduo,2022-09-15,0.1787,+20.2%,18%,0.0%,高寒草甸,基本稳定,15800.0,sample,true,true,modis,modis-tpdc-remote-2020-2024,MODIS_TPDC_REMOTE_2020_2024,false
naqu-anduo,2022-10-15,0.1067,+2.4%,11%,1.6%,高寒草甸,基本稳定,15800.0,sample,true,true,modis,modis-tpdc-remote-2020-2024,MODIS_TPDC_REMOTE_2020_2024,false
naqu-anduo,2022-11-15,0.1055,+18.3%,11%,0.8%,高寒草甸,基本稳定,15800.0,sample,true,true,modis,modis-tpdc-remote-2020-2024,MODIS_TPDC_REMOTE_2020_2024,false
naqu-anduo,2022-12-15,0.0645,+19.9%,6%,0.0%,高寒草甸,基本稳定,15800.0,sample,true,true,modis,modis-tpdc-remote-2020-2024,MODIS_TPDC_REMOTE_2020_2024,false
naqu-anduo,2023-01-15,0.0483,+58.4%,5%,0.0%,高寒草甸,基本稳定,15800.0,sample,true,true,modis,modis-tpdc-remote-2020-2024,MODIS_TPDC_REMOTE_2020_2024,false
naqu-anduo,2023-02-15,0.0923,+124.3%,9%,0.6%,高寒草甸,基本稳定,15800.0,sample,true,true,modis,modis-tpdc-remote-2020-2024,MODIS_TPDC_REMOTE_2020_2024,false
naqu-anduo,2023-03-15,0.0459,+15.8%,5%,0.0%,高寒草甸,基本稳定,15800.0,sample,true,true,modis,modis-tpdc-remote-2020-2024,MODIS_TPDC_REMOTE_2020_2024,false
naqu-anduo,2023-04-15,0.0517,-30.1%,5%,8.4%,高寒草甸,基本稳定,15800.0,sample,true,true,modis,modis-tpdc-remote-2020-2024,MODIS_TPDC_REMOTE_2020_2024,false
naqu-anduo,2023-05-15,0.099,-13.9%,10%,6.2%,高寒草甸,基本稳定,15800.0,sample,true,true,modis,modis-tpdc-remote-2020-2024,MODIS_TPDC_REMOTE_2020_2024,false
naqu-anduo,2023-06-15,0.1656,-5.0%,17%,0.0%,高寒草甸,基本稳定,15800.0,sample,true,true,modis,modis-tpdc-remote-2020-2024,MODIS_TPDC_REMOTE_2020_2024,false
naqu-anduo,2023-07-15,0.1944,+16.4%,19%,0.0%,高寒草甸,基本稳定,15800.0,sample,true,true,modis,modis-tpdc-remote-2020-2024,MODIS_TPDC_REMOTE_2020_2024,false
naqu-anduo,2023-08-15,0.1848,+24.3%,18%,0.0%,高寒草甸,基本稳定,15800.0,sample,true,true,modis,modis-tpdc-remote-2020-2024,MODIS_TPDC_REMOTE_2020_2024,false
naqu-anduo,2023-09-15,0.1389,-22.3%,14%,0.0%,高寒草甸,基本稳定,15800.0,sample,true,true,modis,modis-tpdc-remote-2020-2024,MODIS_TPDC_REMOTE_2020_2024,false
naqu-anduo,2023-10-15,0.1012,-5.2%,10%,4.1%,高寒草甸,基本稳定,15800.0,sample,true,true,modis,modis-tpdc-remote-2020-2024,MODIS_TPDC_REMOTE_2020_2024,false
naqu-anduo,2023-11-15,0.098,-7.1%,10%,2.0%,高寒草甸,基本稳定,15800.0,sample,true,true,modis,modis-tpdc-remote-2020-2024,MODIS_TPDC_REMOTE_2020_2024,false
naqu-anduo,2023-12-15,0.0719,+11.4%,7%,1.1%,高寒草甸,基本稳定,15800.0,sample,true,true,modis,modis-tpdc-remote-2020-2024,MODIS_TPDC_REMOTE_2020_2024,false
naqu-anduo,2024-01-15,0.0111,-77.0%,1%,2.2%,高寒草甸,基本稳定,15800.0,sample,true,true,modis,modis-tpdc-remote-2020-2024,MODIS_TPDC_REMOTE_2020_2024,false
naqu-anduo,2024-02-15,0.0764,-17.2%,8%,3.2%,高寒草甸,基本稳定,15800.0,sample,true,true,modis,modis-tpdc-remote-2020-2024,MODIS_TPDC_REMOTE_2020_2024,false
naqu-anduo,2024-03-15,0.0503,+9.6%,5%,0.9%,高寒草甸,基本稳定,15800.0,sample,true,true,modis,modis-tpdc-remote-2020-2024,MODIS_TPDC_REMOTE_2020_2024,false
naqu-anduo,2024-04-15,0.0928,+79.7%,9%,0.0%,高寒草甸,基本稳定,15800.0,sample,true,true,modis,modis-tpdc-remote-2020-2024,MODIS_TPDC_REMOTE_2020_2024,false
naqu-anduo,2024-05-15,0.1344,+35.8%,13%,0.6%,高寒草甸,基本稳定,15800.0,sample,true,true,modis,modis-tpdc-remote-2020-2024,MODIS_TPDC_REMOTE_2020_2024,false
naqu-anduo,2024-06-15,0.1865,+12.6%,19%,0.0%,高寒草甸,基本稳定,15800.0,sample,true,true,modis,modis-tpdc-remote-2020-2024,MODIS_TPDC_REMOTE_2020_2024,false
naqu-anduo,2024-07-15,0.2083,+7.2%,21%,1.5%,高寒草甸,基本稳定,15800.0,sample,true,true,modis,modis-tpdc-remote-2020-2024,MODIS_TPDC_REMOTE_2020_2024,false
naqu-anduo,2024-08-15,0.1784,-3.5%,18%,0.0%,高寒草甸,基本稳定,15800.0,sample,true,true,modis,modis-tpdc-remote-2020-2024,MODIS_TPDC_REMOTE_2020_2024,false
naqu-anduo,2024-09-15,0.1657,+19.3%,17%,0.0%,高寒草甸,基本稳定,15800.0,sample,true,true,modis,modis-tpdc-remote-2020-2024,MODIS_TPDC_REMOTE_2020_2024,false
naqu-anduo,2024-10-15,0.1201,+18.7%,12%,0.0%,高寒草甸,基本稳定,15800.0,sample,true,true,modis,modis-tpdc-remote-2020-2024,MODIS_TPDC_REMOTE_2020_2024,false
naqu-anduo,2024-11-15,0.0828,-15.6%,8%,0.0%,高寒草甸,基本稳定,15800.0,sample,true,true,modis,modis-tpdc-remote-2020-2024,MODIS_TPDC_REMOTE_2020_2024,false
naqu-anduo,2024-12-15,0.0846,+17.7%,8%,0.0%,高寒草甸,基本稳定,15800.0,sample,true,true,modis,modis-tpdc-remote-2020-2024,MODIS_TPDC_REMOTE_2020_2024,false
naqu-bange,2020-01-15,0.1014,0%,10%,1.5%,高寒草甸,基本稳定,18200.0,sample,true,true,modis,modis-tpdc-remote-2020-2024,MODIS_TPDC_REMOTE_2020_2024,false
naqu-bange,2020-02-15,0.1238,0%,12%,1.8%,高寒草甸,基本稳定,18200.0,sample,true,true,modis,modis-tpdc-remote-2020-2024,MODIS_TPDC_REMOTE_2020_2024,false
naqu-bange,2020-03-15,0.1238,0%,12%,2.6%,高寒草甸,基本稳定,18200.0,sample,true,true,modis,modis-tpdc-remote-2020-2024,MODIS_TPDC_REMOTE_2020_2024,false
naqu-bange,2020-04-15,0.1213,0%,12%,1.2%,高寒草甸,基本稳定,18200.0,sample,true,true,modis,modis-tpdc-remote-2020-2024,MODIS_TPDC_REMOTE_2020_2024,false
naqu-bange,2020-05-15,0.1326,0%,13%,0.0%,高寒草甸,基本稳定,18200.0,sample,true,true,modis,modis-tpdc-remote-2020-2024,MODIS_TPDC_REMOTE_2020_2024,false
naqu-bange,2020-06-15,0.2094,0%,21%,3.7%,高寒草甸,基本稳定,18200.0,sample,true,true,modis,modis-tpdc-remote-2020-2024,MODIS_TPDC_REMOTE_2020_2024,false
naqu-bange,2020-07-15,0.3215,0%,32%,2.9%,高寒草甸,基本稳定,18200.0,sample,true,true,modis,modis-tpdc-remote-2020-2024,MODIS_TPDC_REMOTE_2020_2024,false
naqu-bange,2020-08-15,0.2295,0%,23%,0.0%,高寒草甸,基本稳定,18200.0,sample,true,true,modis,modis-tpdc-remote-2020-2024,MODIS_TPDC_REMOTE_2020_2024,false
naqu-bange,2020-09-15,0.208,0%,21%,0.0%,高寒草甸,基本稳定,18200.0,sample,true,true,modis,modis-tpdc-remote-2020-2024,MODIS_TPDC_REMOTE_2020_2024,false
naqu-bange,2020-10-15,0.1479,0%,15%,0.0%,高寒草甸,基本稳定,18200.0,sample,true,true,modis,modis-tpdc-remote-2020-2024,MODIS_TPDC_REMOTE_2020_2024,false
naqu-bange,2020-11-15,0.1592,0%,16%,1.7%,高寒草甸,基本稳定,18200.0,sample,true,true,modis,modis-tpdc-remote-2020-2024,MODIS_TPDC_REMOTE_2020_2024,false
naqu-bange,2020-12-15,0.1418,0%,14%,0.0%,高寒草甸,基本稳定,18200.0,sample,true,true,modis,modis-tpdc-remote-2020-2024,MODIS_TPDC_REMOTE_2020_2024,false
naqu-bange,2021-01-15,0.1401,+38.3%,14%,0.5%,高寒草甸,基本稳定,18200.0,sample,true,true,modis,modis-tpdc-remote-2020-2024,MODIS_TPDC_REMOTE_2020_2024,false
naqu-bange,2021-02-15,0.1288,+4.0%,13%,0.9%,高寒草甸,基本稳定,18200.0,sample,true,true,modis,modis-tpdc-remote-2020-2024,MODIS_TPDC_REMOTE_2020_2024,false
naqu-bange,2021-03-15,0.1369,+10.6%,14%,0.0%,高寒草甸,基本稳定,18200.0,sample,true,true,modis,modis-tpdc-remote-2020-2024,MODIS_TPDC_REMOTE_2020_2024,false
naqu-bange,2021-04-15,0.1335,+10.1%,13%,1.6%,高寒草甸,基本稳定,18200.0,sample,true,true,modis,modis-tpdc-remote-2020-2024,MODIS_TPDC_REMOTE_2020_2024,false
naqu-bange,2021-05-15,0.1465,+10.5%,15%,7.3%,高寒草甸,基本稳定,18200.0,sample,true,true,modis,modis-tpdc-remote-2020-2024,MODIS_TPDC_REMOTE_2020_2024,false
naqu-bange,2021-06-15,0.2137,+2.1%,21%,3.9%,高寒草甸,基本稳定,18200.0,sample,true,true,modis,modis-tpdc-remote-2020-2024,MODIS_TPDC_REMOTE_2020_2024,false
naqu-bange,2021-07-15,0.2211,-31.2%,22%,0.0%,高寒草甸,基本稳定,18200.0,sample,true,true,modis,modis-tpdc-remote-2020-2024,MODIS_TPDC_REMOTE_2020_2024,false
naqu-bange,2021-08-15,0.2578,+12.4%,26%,0.0%,高寒草甸,基本稳定,18200.0,sample,true,true,modis,modis-tpdc-remote-2020-2024,MODIS_TPDC_REMOTE_2020_2024,false
naqu-bange,2021-09-15,0.2006,-3.6%,20%,0.7%,高寒草甸,基本稳定,18200.0,sample,true,true,modis,modis-tpdc-remote-2020-2024,MODIS_TPDC_REMOTE_2020_2024,false
naqu-bange,2021-10-15,0.1588,+7.4%,16%,0.9%,高寒草甸,基本稳定,18200.0,sample,true,true,modis,modis-tpdc-remote-2020-2024,MODIS_TPDC_REMOTE_2020_2024,false
naqu-bange,2021-11-15,0.1401,-12.0%,14%,0.0%,高寒草甸,基本稳定,18200.0,sample,true,true,modis,modis-tpdc-remote-2020-2024,MODIS_TPDC_REMOTE_2020_2024,false
naqu-bange,2021-12-15,0.1366,-3.6%,14%,16.0%,高寒草甸,基本稳定,18200.0,sample,true,true,modis,modis-tpdc-remote-2020-2024,MODIS_TPDC_REMOTE_2020_2024,false
naqu-bange,2022-01-15,0.1343,-4.1%,13%,1.1%,高寒草甸,基本稳定,18200.0,sample,true,true,modis,modis-tpdc-remote-2020-2024,MODIS_TPDC_REMOTE_2020_2024,false
naqu-bange,2022-02-15,0.0738,-42.7%,7%,3.5%,高寒草甸,基本稳定,18200.0,sample,true,true,modis,modis-tpdc-remote-2020-2024,MODIS_TPDC_REMOTE_2020_2024,false
naqu-bange,2022-03-15,0.1279,-6.6%,13%,0.0%,高寒草甸,基本稳定,18200.0,sample,true,true,modis,modis-tpdc-remote-2020-2024,MODIS_TPDC_REMOTE_2020_2024,false
naqu-bange,2022-04-15,0.1265,-5.2%,13%,0.0%,高寒草甸,基本稳定,18200.0,sample,true,true,modis,modis-tpdc-remote-2020-2024,MODIS_TPDC_REMOTE_2020_2024,false
naqu-bange,2022-05-15,0.1474,+0.6%,15%,0.0%,高寒草甸,基本稳定,18200.0,sample,true,true,modis,modis-tpdc-remote-2020-2024,MODIS_TPDC_REMOTE_2020_2024,false
naqu-bange,2022-06-15,0.2292,+7.3%,23%,0.0%,高寒草甸,基本稳定,18200.0,sample,true,true,modis,modis-tpdc-remote-2020-2024,MODIS_TPDC_REMOTE_2020_2024,false
naqu-bange,2022-07-15,0.1907,-13.8%,19%,0.0%,高寒草甸,基本稳定,18200.0,sample,true,true,modis,modis-tpdc-remote-2020-2024,MODIS_TPDC_REMOTE_2020_2024,false
naqu-bange,2022-08-15,0.2562,-0.6%,26%,0.0%,高寒草甸,基本稳定,18200.0,sample,true,true,modis,modis-tpdc-remote-2020-2024,MODIS_TPDC_REMOTE_2020_2024,false
naqu-bange,2022-09-15,0.1784,-11.1%,18%,0.8%,高寒草甸,基本稳定,18200.0,sample,true,true,modis,modis-tpdc-remote-2020-2024,MODIS_TPDC_REMOTE_2020_2024,false
naqu-bange,2022-10-15,0.1415,-10.9%,14%,0.0%,高寒草甸,基本稳定,18200.0,sample,true,true,modis,modis-tpdc-remote-2020-2024,MODIS_TPDC_REMOTE_2020_2024,false
naqu-bange,2022-11-15,0.1362,-2.8%,14%,0.0%,高寒草甸,基本稳定,18200.0,sample,true,true,modis,modis-tpdc-remote-2020-2024,MODIS_TPDC_REMOTE_2020_2024,false
naqu-bange,2022-12-15,0.1303,-4.6%,13%,0.0%,高寒草甸,基本稳定,18200.0,sample,true,true,modis,modis-tpdc-remote-2020-2024,MODIS_TPDC_REMOTE_2020_2024,false
naqu-bange,2023-01-15,0.1374,+2.3%,14%,0.0%,高寒草甸,基本稳定,18200.0,sample,true,true,modis,modis-tpdc-remote-2020-2024,MODIS_TPDC_REMOTE_2020_2024,false
naqu-bange,2023-02-15,0.1287,+74.4%,13%,0.0%,高寒草甸,基本稳定,18200.0,sample,true,true,modis,modis-tpdc-remote-2020-2024,MODIS_TPDC_REMOTE_2020_2024,false
naqu-bange,2023-03-15,0.127,-0.6%,13%,0.0%,高寒草甸,基本稳定,18200.0,sample,true,true,modis,modis-tpdc-remote-2020-2024,MODIS_TPDC_REMOTE_2020_2024,false
naqu-bange,2023-04-15,0.127,+0.4%,13%,0.0%,高寒草甸,基本稳定,18200.0,sample,true,true,modis,modis-tpdc-remote-2020-2024,MODIS_TPDC_REMOTE_2020_2024,false
naqu-bange,2023-05-15,0.1386,-6.0%,14%,0.0%,高寒草甸,基本稳定,18200.0,sample,true,true,modis,modis-tpdc-remote-2020-2024,MODIS_TPDC_REMOTE_2020_2024,false
naqu-bange,2023-06-15,0.2433,+6.2%,24%,0.0%,高寒草甸,基本稳定,18200.0,sample,true,true,modis,modis-tpdc-remote-2020-2024,MODIS_TPDC_REMOTE_2020_2024,false
naqu-bange,2023-07-15,0.2134,+11.9%,21%,0.0%,高寒草甸,基本稳定,18200.0,sample,true,true,modis,modis-tpdc-remote-2020-2024,MODIS_TPDC_REMOTE_2020_2024,false
naqu-bange,2023-08-15,0.4162,+62.4%,42%,0.0%,高寒草甸,基本稳定,18200.0,sample,true,true,modis,modis-tpdc-remote-2020-2024,MODIS_TPDC_REMOTE_2020_2024,false
naqu-bange,2023-09-15,0.224,+25.6%,22%,0.0%,高寒草甸,基本稳定,18200.0,sample,true,true,modis,modis-tpdc-remote-2020-2024,MODIS_TPDC_REMOTE_2020_2024,false
naqu-bange,2023-10-15,0.145,+2.5%,14%,0.0%,高寒草甸,基本稳定,18200.0,sample,true,true,modis,modis-tpdc-remote-2020-2024,MODIS_TPDC_REMOTE_2020_2024,false
naqu-bange,2023-11-15,0.1451,+6.5%,15%,12.7%,高寒草甸,基本稳定,18200.0,sample,true,true,modis,modis-tpdc-remote-2020-2024,MODIS_TPDC_REMOTE_2020_2024,false
naqu-bange,2023-12-15,0.1373,+5.5%,14%,5.9%,高寒草甸,基本稳定,18200.0,sample,true,true,modis,modis-tpdc-remote-2020-2024,MODIS_TPDC_REMOTE_2020_2024,false
naqu-bange,2024-01-15,0.1336,-2.8%,13%,0.0%,高寒草甸,基本稳定,18200.0,sample,true,true,modis,modis-tpdc-remote-2020-2024,MODIS_TPDC_REMOTE_2020_2024,false
naqu-bange,2024-02-15,0.1328,+3.3%,13%,1.8%,高寒草甸,基本稳定,18200.0,sample,true,true,modis,modis-tpdc-remote-2020-2024,MODIS_TPDC_REMOTE_2020_2024,false
naqu-bange,2024-03-15,0.1293,+1.7%,13%,0.0%,高寒草甸,基本稳定,18200.0,sample,true,true,modis,modis-tpdc-remote-2020-2024,MODIS_TPDC_REMOTE_2020_2024,false
naqu-bange,2024-04-15,0.1327,+4.4%,13%,0.0%,高寒草甸,基本稳定,18200.0,sample,true,true,modis,modis-tpdc-remote-2020-2024,MODIS_TPDC_REMOTE_2020_2024,false
naqu-bange,2024-05-15,0.1757,+26.8%,18%,0.0%,高寒草甸,基本稳定,18200.0,sample,true,true,modis,modis-tpdc-remote-2020-2024,MODIS_TPDC_REMOTE_2020_2024,false
naqu-bange,2024-06-15,0.2106,-13.4%,21%,0.0%,高寒草甸,基本稳定,18200.0,sample,true,true,modis,modis-tpdc-remote-2020-2024,MODIS_TPDC_REMOTE_2020_2024,false
naqu-bange,2024-07-15,0.3297,+54.5%,33%,0.0%,高寒草甸,基本稳定,18200.0,sample,true,true,modis,modis-tpdc-remote-2020-2024,MODIS_TPDC_REMOTE_2020_2024,false
naqu-bange,2024-08-15,0.3951,-5.1%,40%,0.0%,高寒草甸,基本稳定,18200.0,sample,true,true,modis,modis-tpdc-remote-2020-2024,MODIS_TPDC_REMOTE_2020_2024,false
naqu-bange,2024-09-15,0.1941,-13.4%,19%,0.0%,高寒草甸,基本稳定,18200.0,sample,true,true,modis,modis-tpdc-remote-2020-2024,MODIS_TPDC_REMOTE_2020_2024,false
naqu-bange,2024-10-15,0.15,+3.4%,15%,0.0%,高寒草甸,基本稳定,18200.0,sample,true,true,modis,modis-tpdc-remote-2020-2024,MODIS_TPDC_REMOTE_2020_2024,false
naqu-bange,2024-11-15,0.1371,-5.5%,14%,0.0%,高寒草甸,基本稳定,18200.0,sample,true,true,modis,modis-tpdc-remote-2020-2024,MODIS_TPDC_REMOTE_2020_2024,false
naqu-bange,2024-12-15,0.1415,+3.0%,14%,0.0%,高寒草甸,基本稳定,18200.0,sample,true,true,modis,modis-tpdc-remote-2020-2024,MODIS_TPDC_REMOTE_2020_2024,false
naqu-nierong,2020-01-15,0.1676,0%,17%,3.4%,高寒草甸,中度退化,17100.0,sample,true,true,modis,modis-tpdc-remote-2020-2024,MODIS_TPDC_REMOTE_2020_2024,false
naqu-nierong,2020-02-15,0.1487,0%,15%,1.1%,高寒草甸,中度退化,17100.0,sample,true,true,modis,modis-tpdc-remote-2020-2024,MODIS_TPDC_REMOTE_2020_2024,false
naqu-nierong,2020-03-15,0.1638,0%,16%,1.2%,高寒草甸,中度退化,17100.0,sample,true,true,modis,modis-tpdc-remote-2020-2024,MODIS_TPDC_REMOTE_2020_2024,false
naqu-nierong,2020-04-15,0.2142,0%,21%,5.5%,高寒草甸,中度退化,17100.0,sample,true,true,modis,modis-tpdc-remote-2020-2024,MODIS_TPDC_REMOTE_2020_2024,false
naqu-nierong,2020-05-15,0.217,0%,22%,15.0%,高寒草甸,中度退化,17100.0,sample,true,true,modis,modis-tpdc-remote-2020-2024,MODIS_TPDC_REMOTE_2020_2024,false
naqu-nierong,2020-06-15,0.2978,0%,30%,0.0%,高寒草甸,中度退化,17100.0,sample,true,true,modis,modis-tpdc-remote-2020-2024,MODIS_TPDC_REMOTE_2020_2024,false
naqu-nierong,2020-07-15,0.5631,0%,56%,0.0%,高寒草甸,中度退化,17100.0,sample,true,true,modis,modis-tpdc-remote-2020-2024,MODIS_TPDC_REMOTE_2020_2024,false
naqu-nierong,2020-08-15,0.4622,0%,46%,0.0%,高寒草甸,中度退化,17100.0,sample,true,true,modis,modis-tpdc-remote-2020-2024,MODIS_TPDC_REMOTE_2020_2024,false
naqu-nierong,2020-09-15,0.4257,0%,43%,0.0%,高寒草甸,中度退化,17100.0,sample,true,true,modis,modis-tpdc-remote-2020-2024,MODIS_TPDC_REMOTE_2020_2024,false
naqu-nierong,2020-10-15,0.2612,0%,26%,0.0%,高寒草甸,中度退化,17100.0,sample,true,true,modis,modis-tpdc-remote-2020-2024,MODIS_TPDC_REMOTE_2020_2024,false
naqu-nierong,2020-11-15,0.2235,0%,22%,0.0%,高寒草甸,中度退化,17100.0,sample,true,true,modis,modis-tpdc-remote-2020-2024,MODIS_TPDC_REMOTE_2020_2024,false
naqu-nierong,2020-12-15,0.189,0%,19%,0.0%,高寒草甸,中度退化,17100.0,sample,true,true,modis,modis-tpdc-remote-2020-2024,MODIS_TPDC_REMOTE_2020_2024,false
naqu-nierong,2021-01-15,0.1835,+9.5%,18%,0.0%,高寒草甸,中度退化,17100.0,sample,true,true,modis,modis-tpdc-remote-2020-2024,MODIS_TPDC_REMOTE_2020_2024,false
naqu-nierong,2021-02-15,0.1678,+12.8%,17%,5.6%,高寒草甸,中度退化,17100.0,sample,true,true,modis,modis-tpdc-remote-2020-2024,MODIS_TPDC_REMOTE_2020_2024,false
naqu-nierong,2021-03-15,0.2011,+22.7%,20%,0.0%,高寒草甸,中度退化,17100.0,sample,true,true,modis,modis-tpdc-remote-2020-2024,MODIS_TPDC_REMOTE_2020_2024,false
naqu-nierong,2021-04-15,0.1987,-7.2%,20%,8.0%,高寒草甸,中度退化,17100.0,sample,true,true,modis,modis-tpdc-remote-2020-2024,MODIS_TPDC_REMOTE_2020_2024,false
naqu-nierong,2021-05-15,0.3194,+47.2%,32%,0.0%,高寒草甸,中度退化,17100.0,sample,true,true,modis,modis-tpdc-remote-2020-2024,MODIS_TPDC_REMOTE_2020_2024,false
naqu-nierong,2021-06-15,0.3462,+16.3%,35%,0.0%,高寒草甸,中度退化,17100.0,sample,true,true,modis,modis-tpdc-remote-2020-2024,MODIS_TPDC_REMOTE_2020_2024,false
naqu-nierong,2021-07-15,0.5687,+1.0%,57%,0.0%,高寒草甸,中度退化,17100.0,sample,true,true,modis,modis-tpdc-remote-2020-2024,MODIS_TPDC_REMOTE_2020_2024,false
naqu-nierong,2021-08-15,0.5252,+13.6%,53%,0.0%,高寒草甸,中度退化,17100.0,sample,true,true,modis,modis-tpdc-remote-2020-2024,MODIS_TPDC_REMOTE_2020_2024,false
naqu-nierong,2021-09-15,0.3848,-9.6%,38%,1.6%,高寒草甸,中度退化,17100.0,sample,true,true,modis,modis-tpdc-remote-2020-2024,MODIS_TPDC_REMOTE_2020_2024,false
naqu-nierong,2021-10-15,0.2573,-1.5%,26%,0.0%,高寒草甸,中度退化,17100.0,sample,true,true,modis,modis-tpdc-remote-2020-2024,MODIS_TPDC_REMOTE_2020_2024,false
naqu-nierong,2021-11-15,0.2219,-0.7%,22%,0.0%,高寒草甸,中度退化,17100.0,sample,true,true,modis,modis-tpdc-remote-2020-2024,MODIS_TPDC_REMOTE_2020_2024,false
naqu-nierong,2021-12-15,0.1595,-15.6%,16%,3.5%,高寒草甸,中度退化,17100.0,sample,true,true,modis,modis-tpdc-remote-2020-2024,MODIS_TPDC_REMOTE_2020_2024,false
naqu-nierong,2022-01-15,0.1676,-8.7%,17%,6.9%,高寒草甸,中度退化,17100.0,sample,true,true,modis,modis-tpdc-remote-2020-2024,MODIS_TPDC_REMOTE_2020_2024,false
naqu-nierong,2022-02-15,0.168,+0.1%,17%,14.9%,高寒草甸,中度退化,17100.0,sample,true,true,modis,modis-tpdc-remote-2020-2024,MODIS_TPDC_REMOTE_2020_2024,false
naqu-nierong,2022-03-15,0.187,-7.0%,19%,0.0%,高寒草甸,中度退化,17100.0,sample,true,true,modis,modis-tpdc-remote-2020-2024,MODIS_TPDC_REMOTE_2020_2024,false
naqu-nierong,2022-04-15,0.1787,-10.1%,18%,0.0%,高寒草甸,中度退化,17100.0,sample,true,true,modis,modis-tpdc-remote-2020-2024,MODIS_TPDC_REMOTE_2020_2024,false
naqu-nierong,2022-05-15,0.296,-7.3%,30%,0.0%,高寒草甸,中度退化,17100.0,sample,true,true,modis,modis-tpdc-remote-2020-2024,MODIS_TPDC_REMOTE_2020_2024,false
naqu-nierong,2022-06-15,0.496,+43.3%,50%,3.1%,高寒草甸,中度退化,17100.0,sample,true,true,modis,modis-tpdc-remote-2020-2024,MODIS_TPDC_REMOTE_2020_2024,false
naqu-nierong,2022-07-15,0.4617,-18.8%,46%,0.0%,高寒草甸,中度退化,17100.0,sample,true,true,modis,modis-tpdc-remote-2020-2024,MODIS_TPDC_REMOTE_2020_2024,false
naqu-nierong,2022-08-15,0.4175,-20.5%,42%,0.0%,高寒草甸,中度退化,17100.0,sample,true,true,modis,modis-tpdc-remote-2020-2024,MODIS_TPDC_REMOTE_2020_2024,false
naqu-nierong,2022-09-15,0.3493,-9.2%,35%,6.4%,高寒草甸,中度退化,17100.0,sample,true,true,modis,modis-tpdc-remote-2020-2024,MODIS_TPDC_REMOTE_2020_2024,false
naqu-nierong,2022-10-15,0.1219,-52.6%,12%,5.1%,高寒草甸,中度退化,17100.0,sample,true,true,modis,modis-tpdc-remote-2020-2024,MODIS_TPDC_REMOTE_2020_2024,false
naqu-nierong,2022-11-15,0.1618,-27.1%,16%,0.0%,高寒草甸,中度退化,17100.0,sample,true,true,modis,modis-tpdc-remote-2020-2024,MODIS_TPDC_REMOTE_2020_2024,false
naqu-nierong,2022-12-15,0.1599,+0.3%,16%,0.0%,高寒草甸,中度退化,17100.0,sample,true,true,modis,modis-tpdc-remote-2020-2024,MODIS_TPDC_REMOTE_2020_2024,false
naqu-nierong,2023-01-15,0.1458,-13.0%,15%,0.0%,高寒草甸,中度退化,17100.0,sample,true,true,modis,modis-tpdc-remote-2020-2024,MODIS_TPDC_REMOTE_2020_2024,false
naqu-nierong,2023-02-15,0.1464,-12.8%,15%,0.0%,高寒草甸,中度退化,17100.0,sample,true,true,modis,modis-tpdc-remote-2020-2024,MODIS_TPDC_REMOTE_2020_2024,false
naqu-nierong,2023-03-15,0.1031,-44.9%,10%,15.9%,高寒草甸,中度退化,17100.0,sample,true,true,modis,modis-tpdc-remote-2020-2024,MODIS_TPDC_REMOTE_2020_2024,false
naqu-nierong,2023-04-15,0.182,+1.9%,18%,7.3%,高寒草甸,中度退化,17100.0,sample,true,true,modis,modis-tpdc-remote-2020-2024,MODIS_TPDC_REMOTE_2020_2024,false
naqu-nierong,2023-05-15,0.2211,-25.3%,22%,0.0%,高寒草甸,中度退化,17100.0,sample,true,true,modis,modis-tpdc-remote-2020-2024,MODIS_TPDC_REMOTE_2020_2024,false
naqu-nierong,2023-06-15,0.3826,-22.9%,38%,0.0%,高寒草甸,中度退化,17100.0,sample,true,true,modis,modis-tpdc-remote-2020-2024,MODIS_TPDC_REMOTE_2020_2024,false
naqu-nierong,2023-07-15,0.5587,+21.0%,56%,0.0%,高寒草甸,中度退化,17100.0,sample,true,true,modis,modis-tpdc-remote-2020-2024,MODIS_TPDC_REMOTE_2020_2024,false
naqu-nierong,2023-08-15,0.5593,+34.0%,56%,0.0%,高寒草甸,中度退化,17100.0,sample,true,true,modis,modis-tpdc-remote-2020-2024,MODIS_TPDC_REMOTE_2020_2024,false
naqu-nierong,2023-09-15,0.405,+15.9%,40%,0.0%,高寒草甸,中度退化,17100.0,sample,true,true,modis,modis-tpdc-remote-2020-2024,MODIS_TPDC_REMOTE_2020_2024,false
naqu-nierong,2023-10-15,0.0402,-67.0%,4%,9.7%,高寒草甸,中度退化,17100.0,sample,true,true,modis,modis-tpdc-remote-2020-2024,MODIS_TPDC_REMOTE_2020_2024,false
naqu-nierong,2023-11-15,0.2292,+41.7%,23%,2.9%,高寒草甸,中度退化,17100.0,sample,true,true,modis,modis-tpdc-remote-2020-2024,MODIS_TPDC_REMOTE_2020_2024,false
naqu-nierong,2023-12-15,0.1866,+16.7%,19%,0.5%,高寒草甸,中度退化,17100.0,sample,true,true,modis,modis-tpdc-remote-2020-2024,MODIS_TPDC_REMOTE_2020_2024,false
naqu-nierong,2024-01-15,0.1868,+28.2%,19%,0.0%,高寒草甸,中度退化,17100.0,sample,true,true,modis,modis-tpdc-remote-2020-2024,MODIS_TPDC_REMOTE_2020_2024,false
naqu-nierong,2024-02-15,0.1817,+24.1%,18%,0.0%,高寒草甸,中度退化,17100.0,sample,true,true,modis,modis-tpdc-remote-2020-2024,MODIS_TPDC_REMOTE_2020_2024,false
naqu-nierong,2024-03-15,0.1845,+78.9%,18%,0.0%,高寒草甸,中度退化,17100.0,sample,true,true,modis,modis-tpdc-remote-2020-2024,MODIS_TPDC_REMOTE_2020_2024,false
naqu-nierong,2024-04-15,0.1663,-8.7%,17%,0.0%,高寒草甸,中度退化,17100.0,sample,true,true,modis,modis-tpdc-remote-2020-2024,MODIS_TPDC_REMOTE_2020_2024,false
naqu-nierong,2024-05-15,0.3338,+51.0%,33%,0.0%,高寒草甸,中度退化,17100.0,sample,true,true,modis,modis-tpdc-remote-2020-2024,MODIS_TPDC_REMOTE_2020_2024,false
naqu-nierong,2024-06-15,0.3607,-5.7%,36%,0.0%,高寒草甸,中度退化,17100.0,sample,true,true,modis,modis-tpdc-remote-2020-2024,MODIS_TPDC_REMOTE_2020_2024,false
naqu-nierong,2024-07-15,0.5957,+6.6%,60%,0.0%,高寒草甸,中度退化,17100.0,sample,true,true,modis,modis-tpdc-remote-2020-2024,MODIS_TPDC_REMOTE_2020_2024,false
naqu-nierong,2024-08-15,0.4338,-22.4%,43%,0.0%,高寒草甸,中度退化,17100.0,sample,true,true,modis,modis-tpdc-remote-2020-2024,MODIS_TPDC_REMOTE_2020_2024,false
naqu-nierong,2024-09-15,0.4337,+7.1%,43%,0.0%,高寒草甸,中度退化,17100.0,sample,true,true,modis,modis-tpdc-remote-2020-2024,MODIS_TPDC_REMOTE_2020_2024,false
naqu-nierong,2024-10-15,0.2589,+544.0%,26%,0.0%,高寒草甸,中度退化,17100.0,sample,true,true,modis,modis-tpdc-remote-2020-2024,MODIS_TPDC_REMOTE_2020_2024,false
naqu-nierong,2024-11-15,0.2109,-8.0%,21%,0.0%,高寒草甸,中度退化,17100.0,sample,true,true,modis,modis-tpdc-remote-2020-2024,MODIS_TPDC_REMOTE_2020_2024,false
naqu-nierong,2024-12-15,0.1998,+7.1%,20%,0.0%,高寒草甸,中度退化,17100.0,sample,true,true,modis,modis-tpdc-remote-2020-2024,MODIS_TPDC_REMOTE_2020_2024,false
naqu-seni,2020-01-15,0.0766,0%,8%,17.1%,高寒草甸,基本稳定,19600.0,sample,true,true,modis,modis-tpdc-remote-2020-2024,MODIS_TPDC_REMOTE_2020_2024,false
naqu-seni,2020-02-15,0.08,0%,8%,0.6%,高寒草甸,基本稳定,19600.0,sample,true,true,modis,modis-tpdc-remote-2020-2024,MODIS_TPDC_REMOTE_2020_2024,false
naqu-seni,2020-03-15,0.0933,0%,9%,1.8%,高寒草甸,基本稳定,19600.0,sample,true,true,modis,modis-tpdc-remote-2020-2024,MODIS_TPDC_REMOTE_2020_2024,false
naqu-seni,2020-04-15,0.1108,0%,11%,0.0%,高寒草甸,基本稳定,19600.0,sample,true,true,modis,modis-tpdc-remote-2020-2024,MODIS_TPDC_REMOTE_2020_2024,false
naqu-seni,2020-05-15,0.1252,0%,13%,0.0%,高寒草甸,基本稳定,19600.0,sample,true,true,modis,modis-tpdc-remote-2020-2024,MODIS_TPDC_REMOTE_2020_2024,false
naqu-seni,2020-06-15,0.2424,0%,24%,0.0%,高寒草甸,基本稳定,19600.0,sample,true,true,modis,modis-tpdc-remote-2020-2024,MODIS_TPDC_REMOTE_2020_2024,false
naqu-seni,2020-07-15,0.2994,0%,30%,0.0%,高寒草甸,基本稳定,19600.0,sample,true,true,modis,modis-tpdc-remote-2020-2024,MODIS_TPDC_REMOTE_2020_2024,false
naqu-seni,2020-08-15,0.2399,0%,24%,0.0%,高寒草甸,基本稳定,19600.0,sample,true,true,modis,modis-tpdc-remote-2020-2024,MODIS_TPDC_REMOTE_2020_2024,false
naqu-seni,2020-09-15,0.241,0%,24%,0.0%,高寒草甸,基本稳定,19600.0,sample,true,true,modis,modis-tpdc-remote-2020-2024,MODIS_TPDC_REMOTE_2020_2024,false
naqu-seni,2020-10-15,0.1575,0%,16%,0.0%,高寒草甸,基本稳定,19600.0,sample,true,true,modis,modis-tpdc-remote-2020-2024,MODIS_TPDC_REMOTE_2020_2024,false
naqu-seni,2020-11-15,0.1799,0%,18%,1.6%,高寒草甸,基本稳定,19600.0,sample,true,true,modis,modis-tpdc-remote-2020-2024,MODIS_TPDC_REMOTE_2020_2024,false
naqu-seni,2020-12-15,0.1223,0%,12%,0.0%,高寒草甸,基本稳定,19600.0,sample,true,true,modis,modis-tpdc-remote-2020-2024,MODIS_TPDC_REMOTE_2020_2024,false
naqu-seni,2021-01-15,0.0898,+17.4%,9%,0.0%,高寒草甸,基本稳定,19600.0,sample,true,true,modis,modis-tpdc-remote-2020-2024,MODIS_TPDC_REMOTE_2020_2024,false
naqu-seni,2021-02-15,0.0898,+12.2%,9%,2.4%,高寒草甸,基本稳定,19600.0,sample,true,true,modis,modis-tpdc-remote-2020-2024,MODIS_TPDC_REMOTE_2020_2024,false
naqu-seni,2021-03-15,0.1229,+31.7%,12%,0.0%,高寒草甸,基本稳定,19600.0,sample,true,true,modis,modis-tpdc-remote-2020-2024,MODIS_TPDC_REMOTE_2020_2024,false
naqu-seni,2021-04-15,0.1265,+14.2%,13%,0.8%,高寒草甸,基本稳定,19600.0,sample,true,true,modis,modis-tpdc-remote-2020-2024,MODIS_TPDC_REMOTE_2020_2024,false
naqu-seni,2021-05-15,0.1635,+30.6%,16%,0.0%,高寒草甸,基本稳定,19600.0,sample,true,true,modis,modis-tpdc-remote-2020-2024,MODIS_TPDC_REMOTE_2020_2024,false
naqu-seni,2021-06-15,0.2416,-0.4%,24%,0.0%,高寒草甸,基本稳定,19600.0,sample,true,true,modis,modis-tpdc-remote-2020-2024,MODIS_TPDC_REMOTE_2020_2024,false
naqu-seni,2021-07-15,0.1955,-34.7%,20%,0.0%,高寒草甸,基本稳定,19600.0,sample,true,true,modis,modis-tpdc-remote-2020-2024,MODIS_TPDC_REMOTE_2020_2024,false
naqu-seni,2021-08-15,0.281,+17.1%,28%,0.0%,高寒草甸,基本稳定,19600.0,sample,true,true,modis,modis-tpdc-remote-2020-2024,MODIS_TPDC_REMOTE_2020_2024,false
naqu-seni,2021-09-15,0.1802,-25.2%,18%,0.0%,高寒草甸,基本稳定,19600.0,sample,true,true,modis,modis-tpdc-remote-2020-2024,MODIS_TPDC_REMOTE_2020_2024,false
naqu-seni,2021-10-15,0.2184,+38.7%,22%,3.5%,高寒草甸,基本稳定,19600.0,sample,true,true,modis,modis-tpdc-remote-2020-2024,MODIS_TPDC_REMOTE_2020_2024,false
naqu-seni,2021-11-15,0.1131,-37.1%,11%,0.0%,高寒草甸,基本稳定,19600.0,sample,true,true,modis,modis-tpdc-remote-2020-2024,MODIS_TPDC_REMOTE_2020_2024,false
naqu-seni,2021-12-15,0.1195,-2.3%,12%,19.0%,高寒草甸,基本稳定,19600.0,sample,true,true,modis,modis-tpdc-remote-2020-2024,MODIS_TPDC_REMOTE_2020_2024,false
naqu-seni,2022-01-15,0.111,+23.5%,11%,10.3%,高寒草甸,基本稳定,19600.0,sample,true,true,modis,modis-tpdc-remote-2020-2024,MODIS_TPDC_REMOTE_2020_2024,false
naqu-seni,2022-02-15,0.128,+42.7%,13%,16.9%,高寒草甸,基本稳定,19600.0,sample,true,true,modis,modis-tpdc-remote-2020-2024,MODIS_TPDC_REMOTE_2020_2024,false
naqu-seni,2022-03-15,0.1328,+8.1%,13%,0.0%,高寒草甸,基本稳定,19600.0,sample,true,true,modis,modis-tpdc-remote-2020-2024,MODIS_TPDC_REMOTE_2020_2024,false
naqu-seni,2022-04-15,0.1399,+10.6%,14%,0.0%,高寒草甸,基本稳定,19600.0,sample,true,true,modis,modis-tpdc-remote-2020-2024,MODIS_TPDC_REMOTE_2020_2024,false
naqu-seni,2022-05-15,0.2001,+22.4%,20%,0.0%,高寒草甸,基本稳定,19600.0,sample,true,true,modis,modis-tpdc-remote-2020-2024,MODIS_TPDC_REMOTE_2020_2024,false
naqu-seni,2022-06-15,0.2054,-15.0%,21%,0.0%,高寒草甸,基本稳定,19600.0,sample,true,true,modis,modis-tpdc-remote-2020-2024,MODIS_TPDC_REMOTE_2020_2024,false
naqu-seni,2022-07-15,0.2694,+37.8%,27%,0.0%,高寒草甸,基本稳定,19600.0,sample,true,true,modis,modis-tpdc-remote-2020-2024,MODIS_TPDC_REMOTE_2020_2024,false
naqu-seni,2022-08-15,0.1998,-28.9%,20%,0.0%,高寒草甸,基本稳定,19600.0,sample,true,true,modis,modis-tpdc-remote-2020-2024,MODIS_TPDC_REMOTE_2020_2024,false
naqu-seni,2022-09-15,0.2475,+37.4%,25%,0.0%,高寒草甸,基本稳定,19600.0,sample,true,true,modis,modis-tpdc-remote-2020-2024,MODIS_TPDC_REMOTE_2020_2024,false
naqu-seni,2022-10-15,0.0102,-95.3%,1%,10.4%,高寒草甸,基本稳定,19600.0,sample,true,true,modis,modis-tpdc-remote-2020-2024,MODIS_TPDC_REMOTE_2020_2024,false
naqu-seni,2022-11-15,0.1366,+20.7%,14%,0.0%,高寒草甸,基本稳定,19600.0,sample,true,true,modis,modis-tpdc-remote-2020-2024,MODIS_TPDC_REMOTE_2020_2024,false
naqu-seni,2022-12-15,0.1042,-12.8%,10%,0.0%,高寒草甸,基本稳定,19600.0,sample,true,true,modis,modis-tpdc-remote-2020-2024,MODIS_TPDC_REMOTE_2020_2024,false
naqu-seni,2023-01-15,0.1035,-6.8%,10%,0.0%,高寒草甸,基本稳定,19600.0,sample,true,true,modis,modis-tpdc-remote-2020-2024,MODIS_TPDC_REMOTE_2020_2024,false
naqu-seni,2023-02-15,0.0961,-24.9%,10%,0.0%,高寒草甸,基本稳定,19600.0,sample,true,true,modis,modis-tpdc-remote-2020-2024,MODIS_TPDC_REMOTE_2020_2024,false
naqu-seni,2023-03-15,0.0627,-52.8%,6%,5.6%,高寒草甸,基本稳定,19600.0,sample,true,true,modis,modis-tpdc-remote-2020-2024,MODIS_TPDC_REMOTE_2020_2024,false
naqu-seni,2023-04-15,0.0457,-67.3%,5%,10.2%,高寒草甸,基本稳定,19600.0,sample,true,true,modis,modis-tpdc-remote-2020-2024,MODIS_TPDC_REMOTE_2020_2024,false
naqu-seni,2023-05-15,0.1343,-32.9%,13%,0.0%,高寒草甸,基本稳定,19600.0,sample,true,true,modis,modis-tpdc-remote-2020-2024,MODIS_TPDC_REMOTE_2020_2024,false
naqu-seni,2023-06-15,0.2467,+20.1%,25%,0.0%,高寒草甸,基本稳定,19600.0,sample,true,true,modis,modis-tpdc-remote-2020-2024,MODIS_TPDC_REMOTE_2020_2024,false
naqu-seni,2023-07-15,0.2217,-17.7%,22%,0.0%,高寒草甸,基本稳定,19600.0,sample,true,true,modis,modis-tpdc-remote-2020-2024,MODIS_TPDC_REMOTE_2020_2024,false
naqu-seni,2023-08-15,0.2291,+14.6%,23%,0.0%,高寒草甸,基本稳定,19600.0,sample,true,true,modis,modis-tpdc-remote-2020-2024,MODIS_TPDC_REMOTE_2020_2024,false
naqu-seni,2023-09-15,0.2051,-17.1%,21%,0.0%,高寒草甸,基本稳定,19600.0,sample,true,true,modis,modis-tpdc-remote-2020-2024,MODIS_TPDC_REMOTE_2020_2024,false
naqu-seni,2023-10-15,0.1363,+1236.3%,14%,4.2%,高寒草甸,基本稳定,19600.0,sample,true,true,modis,modis-tpdc-remote-2020-2024,MODIS_TPDC_REMOTE_2020_2024,false
naqu-seni,2023-11-15,0.098,-28.2%,10%,0.0%,高寒草甸,基本稳定,19600.0,sample,true,true,modis,modis-tpdc-remote-2020-2024,MODIS_TPDC_REMOTE_2020_2024,false
naqu-seni,2023-12-15,0.0844,-19.0%,8%,4.8%,高寒草甸,基本稳定,19600.0,sample,true,true,modis,modis-tpdc-remote-2020-2024,MODIS_TPDC_REMOTE_2020_2024,false
naqu-seni,2024-01-15,0.0901,-12.9%,9%,3.9%,高寒草甸,基本稳定,19600.0,sample,true,true,modis,modis-tpdc-remote-2020-2024,MODIS_TPDC_REMOTE_2020_2024,false
naqu-seni,2024-02-15,0.0994,+3.4%,10%,1.3%,高寒草甸,基本稳定,19600.0,sample,true,true,modis,modis-tpdc-remote-2020-2024,MODIS_TPDC_REMOTE_2020_2024,false
naqu-seni,2024-03-15,0.116,+85.0%,12%,0.0%,高寒草甸,基本稳定,19600.0,sample,true,true,modis,modis-tpdc-remote-2020-2024,MODIS_TPDC_REMOTE_2020_2024,false
naqu-seni,2024-04-15,0.1138,+149.0%,11%,2.1%,高寒草甸,基本稳定,19600.0,sample,true,true,modis,modis-tpdc-remote-2020-2024,MODIS_TPDC_REMOTE_2020_2024,false
naqu-seni,2024-05-15,0.1562,+16.3%,16%,0.0%,高寒草甸,基本稳定,19600.0,sample,true,true,modis,modis-tpdc-remote-2020-2024,MODIS_TPDC_REMOTE_2020_2024,false
naqu-seni,2024-06-15,0.2007,-18.7%,20%,0.0%,高寒草甸,基本稳定,19600.0,sample,true,true,modis,modis-tpdc-remote-2020-2024,MODIS_TPDC_REMOTE_2020_2024,false
naqu-seni,2024-07-15,0.2521,+13.8%,25%,0.0%,高寒草甸,基本稳定,19600.0,sample,true,true,modis,modis-tpdc-remote-2020-2024,MODIS_TPDC_REMOTE_2020_2024,false
naqu-seni,2024-08-15,0.2436,+6.3%,24%,0.0%,高寒草甸,基本稳定,19600.0,sample,true,true,modis,modis-tpdc-remote-2020-2024,MODIS_TPDC_REMOTE_2020_2024,false
naqu-seni,2024-09-15,0.1706,-16.8%,17%,0.0%,高寒草甸,基本稳定,19600.0,sample,true,true,modis,modis-tpdc-remote-2020-2024,MODIS_TPDC_REMOTE_2020_2024,false
naqu-seni,2024-10-15,0.1066,-21.8%,11%,0.0%,高寒草甸,基本稳定,19600.0,sample,true,true,modis,modis-tpdc-remote-2020-2024,MODIS_TPDC_REMOTE_2020_2024,false
naqu-seni,2024-11-15,0.1355,+38.2%,14%,0.0%,高寒草甸,基本稳定,19600.0,sample,true,true,modis,modis-tpdc-remote-2020-2024,MODIS_TPDC_REMOTE_2020_2024,false
naqu-seni,2024-12-15,0.1045,+23.8%,10%,0.0%,高寒草甸,基本稳定,19600.0,sample,true,true,modis,modis-tpdc-remote-2020-2024,MODIS_TPDC_REMOTE_2020_2024,false
naqu-shenzha,2020-01-15,0.095,0%,10%,1.2%,高寒草甸,基本稳定,14600.0,sample,true,true,modis,modis-tpdc-remote-2020-2024,MODIS_TPDC_REMOTE_2020_2024,false
naqu-shenzha,2020-02-15,0.0919,0%,9%,0.0%,高寒草甸,基本稳定,14600.0,sample,true,true,modis,modis-tpdc-remote-2020-2024,MODIS_TPDC_REMOTE_2020_2024,false
naqu-shenzha,2020-03-15,0.0943,0%,9%,0.0%,高寒草甸,基本稳定,14600.0,sample,true,true,modis,modis-tpdc-remote-2020-2024,MODIS_TPDC_REMOTE_2020_2024,false
naqu-shenzha,2020-04-15,0.1001,0%,10%,0.0%,高寒草甸,基本稳定,14600.0,sample,true,true,modis,modis-tpdc-remote-2020-2024,MODIS_TPDC_REMOTE_2020_2024,false
naqu-shenzha,2020-05-15,0.1042,0%,10%,0.0%,高寒草甸,基本稳定,14600.0,sample,true,true,modis,modis-tpdc-remote-2020-2024,MODIS_TPDC_REMOTE_2020_2024,false
naqu-shenzha,2020-06-15,0.1501,0%,15%,0.0%,高寒草甸,基本稳定,14600.0,sample,true,true,modis,modis-tpdc-remote-2020-2024,MODIS_TPDC_REMOTE_2020_2024,false
naqu-shenzha,2020-07-15,0.204,0%,20%,0.0%,高寒草甸,基本稳定,14600.0,sample,true,true,modis,modis-tpdc-remote-2020-2024,MODIS_TPDC_REMOTE_2020_2024,false
naqu-shenzha,2020-08-15,0.1711,0%,17%,0.0%,高寒草甸,基本稳定,14600.0,sample,true,true,modis,modis-tpdc-remote-2020-2024,MODIS_TPDC_REMOTE_2020_2024,false
naqu-shenzha,2020-09-15,0.1464,0%,15%,0.0%,高寒草甸,基本稳定,14600.0,sample,true,true,modis,modis-tpdc-remote-2020-2024,MODIS_TPDC_REMOTE_2020_2024,false
naqu-shenzha,2020-10-15,0.1204,0%,12%,0.0%,高寒草甸,基本稳定,14600.0,sample,true,true,modis,modis-tpdc-remote-2020-2024,MODIS_TPDC_REMOTE_2020_2024,false
naqu-shenzha,2020-11-15,0.1079,0%,11%,0.0%,高寒草甸,基本稳定,14600.0,sample,true,true,modis,modis-tpdc-remote-2020-2024,MODIS_TPDC_REMOTE_2020_2024,false
naqu-shenzha,2020-12-15,0.1003,0%,10%,0.0%,高寒草甸,基本稳定,14600.0,sample,true,true,modis,modis-tpdc-remote-2020-2024,MODIS_TPDC_REMOTE_2020_2024,false
naqu-shenzha,2021-01-15,0.1015,+6.9%,10%,2.3%,高寒草甸,基本稳定,14600.0,sample,true,true,modis,modis-tpdc-remote-2020-2024,MODIS_TPDC_REMOTE_2020_2024,false
naqu-shenzha,2021-02-15,0.1001,+9.0%,10%,3.5%,高寒草甸,基本稳定,14600.0,sample,true,true,modis,modis-tpdc-remote-2020-2024,MODIS_TPDC_REMOTE_2020_2024,false
naqu-shenzha,2021-03-15,0.1074,+13.9%,11%,0.0%,高寒草甸,基本稳定,14600.0,sample,true,true,modis,modis-tpdc-remote-2020-2024,MODIS_TPDC_REMOTE_2020_2024,false
naqu-shenzha,2021-04-15,0.0914,-8.7%,9%,0.0%,高寒草甸,基本稳定,14600.0,sample,true,true,modis,modis-tpdc-remote-2020-2024,MODIS_TPDC_REMOTE_2020_2024,false
naqu-shenzha,2021-05-15,0.109,+4.6%,11%,0.0%,高寒草甸,基本稳定,14600.0,sample,true,true,modis,modis-tpdc-remote-2020-2024,MODIS_TPDC_REMOTE_2020_2024,false
naqu-shenzha,2021-06-15,0.1455,-3.1%,15%,0.0%,高寒草甸,基本稳定,14600.0,sample,true,true,modis,modis-tpdc-remote-2020-2024,MODIS_TPDC_REMOTE_2020_2024,false
naqu-shenzha,2021-07-15,0.1731,-15.1%,17%,0.0%,高寒草甸,基本稳定,14600.0,sample,true,true,modis,modis-tpdc-remote-2020-2024,MODIS_TPDC_REMOTE_2020_2024,false
naqu-shenzha,2021-08-15,0.189,+10.5%,19%,0.0%,高寒草甸,基本稳定,14600.0,sample,true,true,modis,modis-tpdc-remote-2020-2024,MODIS_TPDC_REMOTE_2020_2024,false
naqu-shenzha,2021-09-15,0.1439,-1.7%,14%,0.0%,高寒草甸,基本稳定,14600.0,sample,true,true,modis,modis-tpdc-remote-2020-2024,MODIS_TPDC_REMOTE_2020_2024,false
naqu-shenzha,2021-10-15,0.1127,-6.4%,11%,0.0%,高寒草甸,基本稳定,14600.0,sample,true,true,modis,modis-tpdc-remote-2020-2024,MODIS_TPDC_REMOTE_2020_2024,false
naqu-shenzha,2021-11-15,0.1027,-4.9%,10%,0.0%,高寒草甸,基本稳定,14600.0,sample,true,true,modis,modis-tpdc-remote-2020-2024,MODIS_TPDC_REMOTE_2020_2024,false
naqu-shenzha,2021-12-15,0.1055,+5.2%,11%,14.9%,高寒草甸,基本稳定,14600.0,sample,true,true,modis,modis-tpdc-remote-2020-2024,MODIS_TPDC_REMOTE_2020_2024,false
naqu-shenzha,2022-01-15,0.0989,-2.6%,10%,1.9%,高寒草甸,基本稳定,14600.0,sample,true,true,modis,modis-tpdc-remote-2020-2024,MODIS_TPDC_REMOTE_2020_2024,false
naqu-shenzha,2022-02-15,0.099,-1.1%,10%,1.6%,高寒草甸,基本稳定,14600.0,sample,true,true,modis,modis-tpdc-remote-2020-2024,MODIS_TPDC_REMOTE_2020_2024,false
naqu-shenzha,2022-03-15,0.1012,-5.8%,10%,0.0%,高寒草甸,基本稳定,14600.0,sample,true,true,modis,modis-tpdc-remote-2020-2024,MODIS_TPDC_REMOTE_2020_2024,false
naqu-shenzha,2022-04-15,0.0905,-1.0%,9%,0.7%,高寒草甸,基本稳定,14600.0,sample,true,true,modis,modis-tpdc-remote-2020-2024,MODIS_TPDC_REMOTE_2020_2024,false
naqu-shenzha,2022-05-15,0.1135,+4.1%,11%,0.0%,高寒草甸,基本稳定,14600.0,sample,true,true,modis,modis-tpdc-remote-2020-2024,MODIS_TPDC_REMOTE_2020_2024,false
naqu-shenzha,2022-06-15,0.1411,-3.0%,14%,0.0%,高寒草甸,基本稳定,14600.0,sample,true,true,modis,modis-tpdc-remote-2020-2024,MODIS_TPDC_REMOTE_2020_2024,false
naqu-shenzha,2022-07-15,0.1454,-16.0%,15%,0.0%,高寒草甸,基本稳定,14600.0,sample,true,true,modis,modis-tpdc-remote-2020-2024,MODIS_TPDC_REMOTE_2020_2024,false
naqu-shenzha,2022-08-15,0.1498,-20.7%,15%,0.0%,高寒草甸,基本稳定,14600.0,sample,true,true,modis,modis-tpdc-remote-2020-2024,MODIS_TPDC_REMOTE_2020_2024,false
naqu-shenzha,2022-09-15,0.1421,-1.3%,14%,0.0%,高寒草甸,基本稳定,14600.0,sample,true,true,modis,modis-tpdc-remote-2020-2024,MODIS_TPDC_REMOTE_2020_2024,false
naqu-shenzha,2022-10-15,0.1068,-5.2%,11%,0.0%,高寒草甸,基本稳定,14600.0,sample,true,true,modis,modis-tpdc-remote-2020-2024,MODIS_TPDC_REMOTE_2020_2024,false
naqu-shenzha,2022-11-15,0.111,+8.1%,11%,0.0%,高寒草甸,基本稳定,14600.0,sample,true,true,modis,modis-tpdc-remote-2020-2024,MODIS_TPDC_REMOTE_2020_2024,false
naqu-shenzha,2022-12-15,0.1049,-0.5%,10%,0.0%,高寒草甸,基本稳定,14600.0,sample,true,true,modis,modis-tpdc-remote-2020-2024,MODIS_TPDC_REMOTE_2020_2024,false
naqu-shenzha,2023-01-15,0.0977,-1.2%,10%,0.0%,高寒草甸,基本稳定,14600.0,sample,true,true,modis,modis-tpdc-remote-2020-2024,MODIS_TPDC_REMOTE_2020_2024,false
naqu-shenzha,2023-02-15,0.0985,-0.5%,10%,0.0%,高寒草甸,基本稳定,14600.0,sample,true,true,modis,modis-tpdc-remote-2020-2024,MODIS_TPDC_REMOTE_2020_2024,false
naqu-shenzha,2023-03-15,0.0909,-10.2%,9%,6.3%,高寒草甸,基本稳定,14600.0,sample,true,true,modis,modis-tpdc-remote-2020-2024,MODIS_TPDC_REMOTE_2020_2024,false
naqu-shenzha,2023-04-15,0.0856,-5.4%,9%,0.0%,高寒草甸,基本稳定,14600.0,sample,true,true,modis,modis-tpdc-remote-2020-2024,MODIS_TPDC_REMOTE_2020_2024,false
naqu-shenzha,2023-05-15,0.1009,-11.0%,10%,6.3%,高寒草甸,基本稳定,14600.0,sample,true,true,modis,modis-tpdc-remote-2020-2024,MODIS_TPDC_REMOTE_2020_2024,false
naqu-shenzha,2023-06-15,0.1548,+9.7%,15%,0.0%,高寒草甸,基本稳定,14600.0,sample,true,true,modis,modis-tpdc-remote-2020-2024,MODIS_TPDC_REMOTE_2020_2024,false
naqu-shenzha,2023-07-15,0.1615,+11.0%,16%,0.9%,高寒草甸,基本稳定,14600.0,sample,true,true,modis,modis-tpdc-remote-2020-2024,MODIS_TPDC_REMOTE_2020_2024,false
naqu-shenzha,2023-08-15,0.1614,+7.7%,16%,0.0%,高寒草甸,基本稳定,14600.0,sample,true,true,modis,modis-tpdc-remote-2020-2024,MODIS_TPDC_REMOTE_2020_2024,false
naqu-shenzha,2023-09-15,0.1474,+3.7%,15%,3.6%,高寒草甸,基本稳定,14600.0,sample,true,true,modis,modis-tpdc-remote-2020-2024,MODIS_TPDC_REMOTE_2020_2024,false
naqu-shenzha,2023-10-15,0.1155,+8.1%,12%,1.0%,高寒草甸,基本稳定,14600.0,sample,true,true,modis,modis-tpdc-remote-2020-2024,MODIS_TPDC_REMOTE_2020_2024,false
naqu-shenzha,2023-11-15,0.1062,-4.4%,11%,0.0%,高寒草甸,基本稳定,14600.0,sample,true,true,modis,modis-tpdc-remote-2020-2024,MODIS_TPDC_REMOTE_2020_2024,false
naqu-shenzha,2023-12-15,0.098,-6.5%,10%,11.0%,高寒草甸,基本稳定,14600.0,sample,true,true,modis,modis-tpdc-remote-2020-2024,MODIS_TPDC_REMOTE_2020_2024,false
naqu-shenzha,2024-01-15,0.1002,+2.6%,10%,0.0%,高寒草甸,基本稳定,14600.0,sample,true,true,modis,modis-tpdc-remote-2020-2024,MODIS_TPDC_REMOTE_2020_2024,false
naqu-shenzha,2024-02-15,0.0992,+0.7%,10%,0.0%,高寒草甸,基本稳定,14600.0,sample,true,true,modis,modis-tpdc-remote-2020-2024,MODIS_TPDC_REMOTE_2020_2024,false
naqu-shenzha,2024-03-15,0.0919,+1.1%,9%,0.0%,高寒草甸,基本稳定,14600.0,sample,true,true,modis,modis-tpdc-remote-2020-2024,MODIS_TPDC_REMOTE_2020_2024,false
naqu-shenzha,2024-04-15,0.099,+15.7%,10%,1.9%,高寒草甸,基本稳定,14600.0,sample,true,true,modis,modis-tpdc-remote-2020-2024,MODIS_TPDC_REMOTE_2020_2024,false
naqu-shenzha,2024-05-15,0.0864,-14.4%,9%,0.0%,高寒草甸,基本稳定,14600.0,sample,true,true,modis,modis-tpdc-remote-2020-2024,MODIS_TPDC_REMOTE_2020_2024,false
naqu-shenzha,2024-06-15,0.1265,-18.2%,13%,0.0%,高寒草甸,基本稳定,14600.0,sample,true,true,modis,modis-tpdc-remote-2020-2024,MODIS_TPDC_REMOTE_2020_2024,false
naqu-shenzha,2024-07-15,0.161,-0.3%,16%,1.2%,高寒草甸,基本稳定,14600.0,sample,true,true,modis,modis-tpdc-remote-2020-2024,MODIS_TPDC_REMOTE_2020_2024,false
naqu-shenzha,2024-08-15,0.1664,+3.1%,17%,0.0%,高寒草甸,基本稳定,14600.0,sample,true,true,modis,modis-tpdc-remote-2020-2024,MODIS_TPDC_REMOTE_2020_2024,false
naqu-shenzha,2024-09-15,0.1436,-2.5%,14%,0.0%,高寒草甸,基本稳定,14600.0,sample,true,true,modis,modis-tpdc-remote-2020-2024,MODIS_TPDC_REMOTE_2020_2024,false
naqu-shenzha,2024-10-15,0.1231,+6.6%,12%,0.0%,高寒草甸,基本稳定,14600.0,sample,true,true,modis,modis-tpdc-remote-2020-2024,MODIS_TPDC_REMOTE_2020_2024,false
naqu-shenzha,2024-11-15,0.123,+15.9%,12%,0.0%,高寒草甸,基本稳定,14600.0,sample,true,true,modis,modis-tpdc-remote-2020-2024,MODIS_TPDC_REMOTE_2020_2024,false
naqu-shenzha,2024-12-15,0.0966,-1.4%,10%,0.0%,高寒草甸,基本稳定,14600.0,sample,true,true,modis,modis-tpdc-remote-2020-2024,MODIS_TPDC_REMOTE_2020_2024,false
rikaze-jiangzi,2020-01-15,0.0954,0%,10%,0.0%,河谷草地,基本稳定,21800.0,sample,true,true,modis,modis-tpdc-remote-2020-2024,MODIS_TPDC_REMOTE_2020_2024,false
rikaze-jiangzi,2020-02-15,0.0973,0%,10%,0.0%,河谷草地,基本稳定,21800.0,sample,true,true,modis,modis-tpdc-remote-2020-2024,MODIS_TPDC_REMOTE_2020_2024,false
rikaze-jiangzi,2020-03-15,0.0974,0%,10%,0.0%,河谷草地,基本稳定,21800.0,sample,true,true,modis,modis-tpdc-remote-2020-2024,MODIS_TPDC_REMOTE_2020_2024,false
rikaze-jiangzi,2020-04-15,0.1039,0%,10%,0.0%,河谷草地,基本稳定,21800.0,sample,true,true,modis,modis-tpdc-remote-2020-2024,MODIS_TPDC_REMOTE_2020_2024,false
rikaze-jiangzi,2020-05-15,0.135,0%,14%,0.0%,河谷草地,基本稳定,21800.0,sample,true,true,modis,modis-tpdc-remote-2020-2024,MODIS_TPDC_REMOTE_2020_2024,false
rikaze-jiangzi,2020-06-15,0.1709,0%,17%,0.0%,河谷草地,基本稳定,21800.0,sample,true,true,modis,modis-tpdc-remote-2020-2024,MODIS_TPDC_REMOTE_2020_2024,false
rikaze-jiangzi,2020-07-15,0.1782,0%,18%,0.0%,河谷草地,基本稳定,21800.0,sample,true,true,modis,modis-tpdc-remote-2020-2024,MODIS_TPDC_REMOTE_2020_2024,false
rikaze-jiangzi,2020-08-15,0.2389,0%,24%,0.0%,河谷草地,基本稳定,21800.0,sample,true,true,modis,modis-tpdc-remote-2020-2024,MODIS_TPDC_REMOTE_2020_2024,false
rikaze-jiangzi,2020-09-15,0.1693,0%,17%,0.0%,河谷草地,基本稳定,21800.0,sample,true,true,modis,modis-tpdc-remote-2020-2024,MODIS_TPDC_REMOTE_2020_2024,false
rikaze-jiangzi,2020-10-15,0.1325,0%,13%,0.0%,河谷草地,基本稳定,21800.0,sample,true,true,modis,modis-tpdc-remote-2020-2024,MODIS_TPDC_REMOTE_2020_2024,false
rikaze-jiangzi,2020-11-15,0.1158,0%,12%,0.0%,河谷草地,基本稳定,21800.0,sample,true,true,modis,modis-tpdc-remote-2020-2024,MODIS_TPDC_REMOTE_2020_2024,false
rikaze-jiangzi,2020-12-15,0.1121,0%,11%,0.0%,河谷草地,基本稳定,21800.0,sample,true,true,modis,modis-tpdc-remote-2020-2024,MODIS_TPDC_REMOTE_2020_2024,false
rikaze-jiangzi,2021-01-15,0.1074,+12.6%,11%,0.0%,河谷草地,基本稳定,21800.0,sample,true,true,modis,modis-tpdc-remote-2020-2024,MODIS_TPDC_REMOTE_2020_2024,false
rikaze-jiangzi,2021-02-15,0.0977,+0.4%,10%,0.0%,河谷草地,基本稳定,21800.0,sample,true,true,modis,modis-tpdc-remote-2020-2024,MODIS_TPDC_REMOTE_2020_2024,false
rikaze-jiangzi,2021-03-15,0.1,+2.7%,10%,0.5%,河谷草地,基本稳定,21800.0,sample,true,true,modis,modis-tpdc-remote-2020-2024,MODIS_TPDC_REMOTE_2020_2024,false
rikaze-jiangzi,2021-04-15,0.1113,+7.2%,11%,0.0%,河谷草地,基本稳定,21800.0,sample,true,true,modis,modis-tpdc-remote-2020-2024,MODIS_TPDC_REMOTE_2020_2024,false
rikaze-jiangzi,2021-05-15,0.1222,-9.5%,12%,0.0%,河谷草地,基本稳定,21800.0,sample,true,true,modis,modis-tpdc-remote-2020-2024,MODIS_TPDC_REMOTE_2020_2024,false
rikaze-jiangzi,2021-06-15,0.2177,+27.4%,22%,0.0%,河谷草地,基本稳定,21800.0,sample,true,true,modis,modis-tpdc-remote-2020-2024,MODIS_TPDC_REMOTE_2020_2024,false
rikaze-jiangzi,2021-07-15,0.2278,+27.9%,23%,0.0%,河谷草地,基本稳定,21800.0,sample,true,true,modis,modis-tpdc-remote-2020-2024,MODIS_TPDC_REMOTE_2020_2024,false
rikaze-jiangzi,2021-08-15,0.2717,+13.7%,27%,0.0%,河谷草地,基本稳定,21800.0,sample,true,true,modis,modis-tpdc-remote-2020-2024,MODIS_TPDC_REMOTE_2020_2024,false
rikaze-jiangzi,2021-09-15,0.2147,+26.8%,21%,0.0%,河谷草地,基本稳定,21800.0,sample,true,true,modis,modis-tpdc-remote-2020-2024,MODIS_TPDC_REMOTE_2020_2024,false
rikaze-jiangzi,2021-10-15,0.1339,+1.1%,13%,0.0%,河谷草地,基本稳定,21800.0,sample,true,true,modis,modis-tpdc-remote-2020-2024,MODIS_TPDC_REMOTE_2020_2024,false
rikaze-jiangzi,2021-11-15,0.1172,+1.2%,12%,0.0%,河谷草地,基本稳定,21800.0,sample,true,true,modis,modis-tpdc-remote-2020-2024,MODIS_TPDC_REMOTE_2020_2024,false
rikaze-jiangzi,2021-12-15,0.1005,-10.4%,10%,0.0%,河谷草地,基本稳定,21800.0,sample,true,true,modis,modis-tpdc-remote-2020-2024,MODIS_TPDC_REMOTE_2020_2024,false
rikaze-jiangzi,2022-01-15,0.1012,-5.8%,10%,0.0%,河谷草地,基本稳定,21800.0,sample,true,true,modis,modis-tpdc-remote-2020-2024,MODIS_TPDC_REMOTE_2020_2024,false
rikaze-jiangzi,2022-02-15,0.0939,-3.9%,9%,0.0%,河谷草地,基本稳定,21800.0,sample,true,true,modis,modis-tpdc-remote-2020-2024,MODIS_TPDC_REMOTE_2020_2024,false
rikaze-jiangzi,2022-03-15,0.0914,-8.6%,9%,0.0%,河谷草地,基本稳定,21800.0,sample,true,true,modis,modis-tpdc-remote-2020-2024,MODIS_TPDC_REMOTE_2020_2024,false
rikaze-jiangzi,2022-04-15,0.1066,-4.3%,11%,0.0%,河谷草地,基本稳定,21800.0,sample,true,true,modis,modis-tpdc-remote-2020-2024,MODIS_TPDC_REMOTE_2020_2024,false
rikaze-jiangzi,2022-05-15,0.1203,-1.5%,12%,0.0%,河谷草地,基本稳定,21800.0,sample,true,true,modis,modis-tpdc-remote-2020-2024,MODIS_TPDC_REMOTE_2020_2024,false
rikaze-jiangzi,2022-06-15,0.1854,-14.8%,19%,0.0%,河谷草地,基本稳定,21800.0,sample,true,true,modis,modis-tpdc-remote-2020-2024,MODIS_TPDC_REMOTE_2020_2024,false
rikaze-jiangzi,2022-07-15,0.2826,+24.0%,28%,0.0%,河谷草地,基本稳定,21800.0,sample,true,true,modis,modis-tpdc-remote-2020-2024,MODIS_TPDC_REMOTE_2020_2024,false
rikaze-jiangzi,2022-08-15,0.2295,-15.5%,23%,0.0%,河谷草地,基本稳定,21800.0,sample,true,true,modis,modis-tpdc-remote-2020-2024,MODIS_TPDC_REMOTE_2020_2024,false
rikaze-jiangzi,2022-09-15,0.1762,-17.9%,18%,0.0%,河谷草地,基本稳定,21800.0,sample,true,true,modis,modis-tpdc-remote-2020-2024,MODIS_TPDC_REMOTE_2020_2024,false
rikaze-jiangzi,2022-10-15,0.1142,-14.7%,11%,0.0%,河谷草地,基本稳定,21800.0,sample,true,true,modis,modis-tpdc-remote-2020-2024,MODIS_TPDC_REMOTE_2020_2024,false
rikaze-jiangzi,2022-11-15,0.1063,-9.3%,11%,0.0%,河谷草地,基本稳定,21800.0,sample,true,true,modis,modis-tpdc-remote-2020-2024,MODIS_TPDC_REMOTE_2020_2024,false
rikaze-jiangzi,2022-12-15,0.1053,+4.9%,11%,0.0%,河谷草地,基本稳定,21800.0,sample,true,true,modis,modis-tpdc-remote-2020-2024,MODIS_TPDC_REMOTE_2020_2024,false
rikaze-jiangzi,2023-01-15,0.1073,+6.0%,11%,0.0%,河谷草地,基本稳定,21800.0,sample,true,true,modis,modis-tpdc-remote-2020-2024,MODIS_TPDC_REMOTE_2020_2024,false
rikaze-jiangzi,2023-02-15,0.096,+2.3%,10%,0.0%,河谷草地,基本稳定,21800.0,sample,true,true,modis,modis-tpdc-remote-2020-2024,MODIS_TPDC_REMOTE_2020_2024,false
rikaze-jiangzi,2023-03-15,0.0921,+0.8%,9%,0.0%,河谷草地,基本稳定,21800.0,sample,true,true,modis,modis-tpdc-remote-2020-2024,MODIS_TPDC_REMOTE_2020_2024,false
rikaze-jiangzi,2023-04-15,0.0901,-15.4%,9%,0.0%,河谷草地,基本稳定,21800.0,sample,true,true,modis,modis-tpdc-remote-2020-2024,MODIS_TPDC_REMOTE_2020_2024,false
rikaze-jiangzi,2023-05-15,0.112,-6.9%,11%,0.0%,河谷草地,基本稳定,21800.0,sample,true,true,modis,modis-tpdc-remote-2020-2024,MODIS_TPDC_REMOTE_2020_2024,false
rikaze-jiangzi,2023-06-15,0.124,-33.1%,12%,0.0%,河谷草地,基本稳定,21800.0,sample,true,true,modis,modis-tpdc-remote-2020-2024,MODIS_TPDC_REMOTE_2020_2024,false
rikaze-jiangzi,2023-07-15,0.1963,-30.5%,20%,0.0%,河谷草地,基本稳定,21800.0,sample,true,true,modis,modis-tpdc-remote-2020-2024,MODIS_TPDC_REMOTE_2020_2024,false
rikaze-jiangzi,2023-08-15,0.2277,-0.8%,23%,0.0%,河谷草地,基本稳定,21800.0,sample,true,true,modis,modis-tpdc-remote-2020-2024,MODIS_TPDC_REMOTE_2020_2024,false
rikaze-jiangzi,2023-09-15,0.1503,-14.7%,15%,0.0%,河谷草地,基本稳定,21800.0,sample,true,true,modis,modis-tpdc-remote-2020-2024,MODIS_TPDC_REMOTE_2020_2024,false
rikaze-jiangzi,2023-10-15,0.1459,+27.8%,15%,0.0%,河谷草地,基本稳定,21800.0,sample,true,true,modis,modis-tpdc-remote-2020-2024,MODIS_TPDC_REMOTE_2020_2024,false
rikaze-jiangzi,2023-11-15,0.1028,-3.2%,10%,0.0%,河谷草地,基本稳定,21800.0,sample,true,true,modis,modis-tpdc-remote-2020-2024,MODIS_TPDC_REMOTE_2020_2024,false
rikaze-jiangzi,2023-12-15,0.0981,-6.9%,10%,1.8%,河谷草地,基本稳定,21800.0,sample,true,true,modis,modis-tpdc-remote-2020-2024,MODIS_TPDC_REMOTE_2020_2024,false
rikaze-jiangzi,2024-01-15,0.1054,-1.7%,11%,0.0%,河谷草地,基本稳定,21800.0,sample,true,true,modis,modis-tpdc-remote-2020-2024,MODIS_TPDC_REMOTE_2020_2024,false
rikaze-jiangzi,2024-02-15,0.0998,+4.0%,10%,0.0%,河谷草地,基本稳定,21800.0,sample,true,true,modis,modis-tpdc-remote-2020-2024,MODIS_TPDC_REMOTE_2020_2024,false
rikaze-jiangzi,2024-03-15,0.0951,+3.2%,10%,0.0%,河谷草地,基本稳定,21800.0,sample,true,true,modis,modis-tpdc-remote-2020-2024,MODIS_TPDC_REMOTE_2020_2024,false
rikaze-jiangzi,2024-04-15,0.0998,+10.8%,10%,0.0%,河谷草地,基本稳定,21800.0,sample,true,true,modis,modis-tpdc-remote-2020-2024,MODIS_TPDC_REMOTE_2020_2024,false
rikaze-jiangzi,2024-05-15,0.1162,+3.8%,12%,0.0%,河谷草地,基本稳定,21800.0,sample,true,true,modis,modis-tpdc-remote-2020-2024,MODIS_TPDC_REMOTE_2020_2024,false
rikaze-jiangzi,2024-06-15,0.2377,+91.8%,24%,0.0%,河谷草地,基本稳定,21800.0,sample,true,true,modis,modis-tpdc-remote-2020-2024,MODIS_TPDC_REMOTE_2020_2024,false
rikaze-jiangzi,2024-07-15,0.2214,+12.8%,22%,0.0%,河谷草地,基本稳定,21800.0,sample,true,true,modis,modis-tpdc-remote-2020-2024,MODIS_TPDC_REMOTE_2020_2024,false
rikaze-jiangzi,2024-08-15,0.2434,+6.9%,24%,0.0%,河谷草地,基本稳定,21800.0,sample,true,true,modis,modis-tpdc-remote-2020-2024,MODIS_TPDC_REMOTE_2020_2024,false
rikaze-jiangzi,2024-09-15,0.156,+3.8%,16%,0.0%,河谷草地,基本稳定,21800.0,sample,true,true,modis,modis-tpdc-remote-2020-2024,MODIS_TPDC_REMOTE_2020_2024,false
rikaze-jiangzi,2024-10-15,0.1572,+7.7%,16%,0.0%,河谷草地,基本稳定,21800.0,sample,true,true,modis,modis-tpdc-remote-2020-2024,MODIS_TPDC_REMOTE_2020_2024,false
rikaze-jiangzi,2024-11-15,0.1014,-1.4%,10%,0.0%,河谷草地,基本稳定,21800.0,sample,true,true,modis,modis-tpdc-remote-2020-2024,MODIS_TPDC_REMOTE_2020_2024,false
rikaze-jiangzi,2024-12-15,0.1021,+4.0%,10%,0.0%,河谷草地,基本稳定,21800.0,sample,true,true,modis,modis-tpdc-remote-2020-2024,MODIS_TPDC_REMOTE_2020_2024,false
rikaze-kangma,2020-01-15,0.1002,0%,10%,0.0%,高寒草甸,中度退化,18400.0,sample,true,true,modis,modis-tpdc-remote-2020-2024,MODIS_TPDC_REMOTE_2020_2024,false
rikaze-kangma,2020-02-15,0.0908,0%,9%,0.4%,高寒草甸,中度退化,18400.0,sample,true,true,modis,modis-tpdc-remote-2020-2024,MODIS_TPDC_REMOTE_2020_2024,false
rikaze-kangma,2020-03-15,0.0841,0%,8%,2.5%,高寒草甸,中度退化,18400.0,sample,true,true,modis,modis-tpdc-remote-2020-2024,MODIS_TPDC_REMOTE_2020_2024,false
rikaze-kangma,2020-04-15,0.0931,0%,9%,0.6%,高寒草甸,中度退化,18400.0,sample,true,true,modis,modis-tpdc-remote-2020-2024,MODIS_TPDC_REMOTE_2020_2024,false
rikaze-kangma,2020-05-15,0.0821,0%,8%,0.0%,高寒草甸,中度退化,18400.0,sample,true,true,modis,modis-tpdc-remote-2020-2024,MODIS_TPDC_REMOTE_2020_2024,false
rikaze-kangma,2020-06-15,0.1794,0%,18%,0.0%,高寒草甸,中度退化,18400.0,sample,true,true,modis,modis-tpdc-remote-2020-2024,MODIS_TPDC_REMOTE_2020_2024,false
rikaze-kangma,2020-07-15,0.228,0%,23%,0.0%,高寒草甸,中度退化,18400.0,sample,true,true,modis,modis-tpdc-remote-2020-2024,MODIS_TPDC_REMOTE_2020_2024,false
rikaze-kangma,2020-08-15,0.1987,0%,20%,0.0%,高寒草甸,中度退化,18400.0,sample,true,true,modis,modis-tpdc-remote-2020-2024,MODIS_TPDC_REMOTE_2020_2024,false
rikaze-kangma,2020-09-15,0.1935,0%,19%,0.0%,高寒草甸,中度退化,18400.0,sample,true,true,modis,modis-tpdc-remote-2020-2024,MODIS_TPDC_REMOTE_2020_2024,false
rikaze-kangma,2020-10-15,0.145,0%,14%,0.0%,高寒草甸,中度退化,18400.0,sample,true,true,modis,modis-tpdc-remote-2020-2024,MODIS_TPDC_REMOTE_2020_2024,false
rikaze-kangma,2020-11-15,0.1029,0%,10%,0.0%,高寒草甸,中度退化,18400.0,sample,true,true,modis,modis-tpdc-remote-2020-2024,MODIS_TPDC_REMOTE_2020_2024,false
rikaze-kangma,2020-12-15,0.1028,0%,10%,0.0%,高寒草甸,中度退化,18400.0,sample,true,true,modis,modis-tpdc-remote-2020-2024,MODIS_TPDC_REMOTE_2020_2024,false
rikaze-kangma,2021-01-15,0.0961,-4.1%,10%,0.0%,高寒草甸,中度退化,18400.0,sample,true,true,modis,modis-tpdc-remote-2020-2024,MODIS_TPDC_REMOTE_2020_2024,false
rikaze-kangma,2021-02-15,0.0927,+2.1%,9%,0.0%,高寒草甸,中度退化,18400.0,sample,true,true,modis,modis-tpdc-remote-2020-2024,MODIS_TPDC_REMOTE_2020_2024,false
rikaze-kangma,2021-03-15,0.0995,+18.3%,10%,0.0%,高寒草甸,中度退化,18400.0,sample,true,true,modis,modis-tpdc-remote-2020-2024,MODIS_TPDC_REMOTE_2020_2024,false
rikaze-kangma,2021-04-15,0.082,-12.0%,8%,0.0%,高寒草甸,中度退化,18400.0,sample,true,true,modis,modis-tpdc-remote-2020-2024,MODIS_TPDC_REMOTE_2020_2024,false
rikaze-kangma,2021-05-15,0.1137,+38.4%,11%,1.6%,高寒草甸,中度退化,18400.0,sample,true,true,modis,modis-tpdc-remote-2020-2024,MODIS_TPDC_REMOTE_2020_2024,false
rikaze-kangma,2021-06-15,0.1567,-12.7%,16%,0.0%,高寒草甸,中度退化,18400.0,sample,true,true,modis,modis-tpdc-remote-2020-2024,MODIS_TPDC_REMOTE_2020_2024,false
rikaze-kangma,2021-07-15,0.2764,+21.2%,28%,0.0%,高寒草甸,中度退化,18400.0,sample,true,true,modis,modis-tpdc-remote-2020-2024,MODIS_TPDC_REMOTE_2020_2024,false
rikaze-kangma,2021-08-15,0.219,+10.2%,22%,0.0%,高寒草甸,中度退化,18400.0,sample,true,true,modis,modis-tpdc-remote-2020-2024,MODIS_TPDC_REMOTE_2020_2024,false
rikaze-kangma,2021-09-15,0.1733,-10.5%,17%,0.0%,高寒草甸,中度退化,18400.0,sample,true,true,modis,modis-tpdc-remote-2020-2024,MODIS_TPDC_REMOTE_2020_2024,false
rikaze-kangma,2021-10-15,0.1489,+2.7%,15%,0.0%,高寒草甸,中度退化,18400.0,sample,true,true,modis,modis-tpdc-remote-2020-2024,MODIS_TPDC_REMOTE_2020_2024,false
rikaze-kangma,2021-11-15,0.1247,+21.1%,12%,0.0%,高寒草甸,中度退化,18400.0,sample,true,true,modis,modis-tpdc-remote-2020-2024,MODIS_TPDC_REMOTE_2020_2024,false
rikaze-kangma,2021-12-15,0.0999,-2.8%,10%,1.4%,高寒草甸,中度退化,18400.0,sample,true,true,modis,modis-tpdc-remote-2020-2024,MODIS_TPDC_REMOTE_2020_2024,false
rikaze-kangma,2022-01-15,0.1021,+6.2%,10%,0.0%,高寒草甸,中度退化,18400.0,sample,true,true,modis,modis-tpdc-remote-2020-2024,MODIS_TPDC_REMOTE_2020_2024,false
rikaze-kangma,2022-02-15,0.0886,-4.4%,9%,0.0%,高寒草甸,中度退化,18400.0,sample,true,true,modis,modis-tpdc-remote-2020-2024,MODIS_TPDC_REMOTE_2020_2024,false
rikaze-kangma,2022-03-15,0.0947,-4.8%,9%,0.5%,高寒草甸,中度退化,18400.0,sample,true,true,modis,modis-tpdc-remote-2020-2024,MODIS_TPDC_REMOTE_2020_2024,false
rikaze-kangma,2022-04-15,0.1049,+28.0%,10%,0.0%,高寒草甸,中度退化,18400.0,sample,true,true,modis,modis-tpdc-remote-2020-2024,MODIS_TPDC_REMOTE_2020_2024,false
rikaze-kangma,2022-05-15,0.1233,+8.5%,12%,0.0%,高寒草甸,中度退化,18400.0,sample,true,true,modis,modis-tpdc-remote-2020-2024,MODIS_TPDC_REMOTE_2020_2024,false
rikaze-kangma,2022-06-15,0.2191,+39.8%,22%,0.0%,高寒草甸,中度退化,18400.0,sample,true,true,modis,modis-tpdc-remote-2020-2024,MODIS_TPDC_REMOTE_2020_2024,false
rikaze-kangma,2022-07-15,0.1767,-36.1%,18%,0.0%,高寒草甸,中度退化,18400.0,sample,true,true,modis,modis-tpdc-remote-2020-2024,MODIS_TPDC_REMOTE_2020_2024,false
rikaze-kangma,2022-08-15,0.2694,+23.0%,27%,0.0%,高寒草甸,中度退化,18400.0,sample,true,true,modis,modis-tpdc-remote-2020-2024,MODIS_TPDC_REMOTE_2020_2024,false
rikaze-kangma,2022-09-15,0.1725,-0.4%,17%,1.1%,高寒草甸,中度退化,18400.0,sample,true,true,modis,modis-tpdc-remote-2020-2024,MODIS_TPDC_REMOTE_2020_2024,false
rikaze-kangma,2022-10-15,0.149,+0.1%,15%,0.0%,高寒草甸,中度退化,18400.0,sample,true,true,modis,modis-tpdc-remote-2020-2024,MODIS_TPDC_REMOTE_2020_2024,false
rikaze-kangma,2022-11-15,0.1265,+1.5%,13%,0.0%,高寒草甸,中度退化,18400.0,sample,true,true,modis,modis-tpdc-remote-2020-2024,MODIS_TPDC_REMOTE_2020_2024,false
rikaze-kangma,2022-12-15,0.1157,+15.8%,12%,0.0%,高寒草甸,中度退化,18400.0,sample,true,true,modis,modis-tpdc-remote-2020-2024,MODIS_TPDC_REMOTE_2020_2024,false
rikaze-kangma,2023-01-15,0.115,+12.6%,12%,0.0%,高寒草甸,中度退化,18400.0,sample,true,true,modis,modis-tpdc-remote-2020-2024,MODIS_TPDC_REMOTE_2020_2024,false
rikaze-kangma,2023-02-15,0.0903,+2.0%,9%,0.0%,高寒草甸,中度退化,18400.0,sample,true,true,modis,modis-tpdc-remote-2020-2024,MODIS_TPDC_REMOTE_2020_2024,false
rikaze-kangma,2023-03-15,0.0888,-6.3%,9%,0.0%,高寒草甸,中度退化,18400.0,sample,true,true,modis,modis-tpdc-remote-2020-2024,MODIS_TPDC_REMOTE_2020_2024,false
rikaze-kangma,2023-04-15,0.09,-14.2%,9%,0.0%,高寒草甸,中度退化,18400.0,sample,true,true,modis,modis-tpdc-remote-2020-2024,MODIS_TPDC_REMOTE_2020_2024,false
rikaze-kangma,2023-05-15,0.1037,-15.9%,10%,0.0%,高寒草甸,中度退化,18400.0,sample,true,true,modis,modis-tpdc-remote-2020-2024,MODIS_TPDC_REMOTE_2020_2024,false
rikaze-kangma,2023-06-15,0.157,-28.3%,16%,0.5%,高寒草甸,中度退化,18400.0,sample,true,true,modis,modis-tpdc-remote-2020-2024,MODIS_TPDC_REMOTE_2020_2024,false
rikaze-kangma,2023-07-15,0.3112,+76.1%,31%,1.0%,高寒草甸,中度退化,18400.0,sample,true,true,modis,modis-tpdc-remote-2020-2024,MODIS_TPDC_REMOTE_2020_2024,false
rikaze-kangma,2023-08-15,0.2354,-12.6%,24%,0.7%,高寒草甸,中度退化,18400.0,sample,true,true,modis,modis-tpdc-remote-2020-2024,MODIS_TPDC_REMOTE_2020_2024,false
rikaze-kangma,2023-09-15,0.1846,+7.0%,18%,0.0%,高寒草甸,中度退化,18400.0,sample,true,true,modis,modis-tpdc-remote-2020-2024,MODIS_TPDC_REMOTE_2020_2024,false
rikaze-kangma,2023-10-15,0.1438,-3.5%,14%,0.0%,高寒草甸,中度退化,18400.0,sample,true,true,modis,modis-tpdc-remote-2020-2024,MODIS_TPDC_REMOTE_2020_2024,false
rikaze-kangma,2023-11-15,0.1173,-7.3%,12%,0.0%,高寒草甸,中度退化,18400.0,sample,true,true,modis,modis-tpdc-remote-2020-2024,MODIS_TPDC_REMOTE_2020_2024,false
rikaze-kangma,2023-12-15,0.0854,-26.1%,9%,4.2%,高寒草甸,中度退化,18400.0,sample,true,true,modis,modis-tpdc-remote-2020-2024,MODIS_TPDC_REMOTE_2020_2024,false
rikaze-kangma,2024-01-15,0.1022,-11.1%,10%,0.0%,高寒草甸,中度退化,18400.0,sample,true,true,modis,modis-tpdc-remote-2020-2024,MODIS_TPDC_REMOTE_2020_2024,false
rikaze-kangma,2024-02-15,0.0849,-6.0%,8%,0.0%,高寒草甸,中度退化,18400.0,sample,true,true,modis,modis-tpdc-remote-2020-2024,MODIS_TPDC_REMOTE_2020_2024,false
rikaze-kangma,2024-03-15,0.0923,+4.0%,9%,1.5%,高寒草甸,中度退化,18400.0,sample,true,true,modis,modis-tpdc-remote-2020-2024,MODIS_TPDC_REMOTE_2020_2024,false
rikaze-kangma,2024-04-15,0.088,-2.3%,9%,0.0%,高寒草甸,中度退化,18400.0,sample,true,true,modis,modis-tpdc-remote-2020-2024,MODIS_TPDC_REMOTE_2020_2024,false
rikaze-kangma,2024-05-15,0.1177,+13.6%,12%,0.0%,高寒草甸,中度退化,18400.0,sample,true,true,modis,modis-tpdc-remote-2020-2024,MODIS_TPDC_REMOTE_2020_2024,false
rikaze-kangma,2024-06-15,0.1959,+24.8%,20%,0.0%,高寒草甸,中度退化,18400.0,sample,true,true,modis,modis-tpdc-remote-2020-2024,MODIS_TPDC_REMOTE_2020_2024,false
rikaze-kangma,2024-07-15,0.2329,-25.2%,23%,0.0%,高寒草甸,中度退化,18400.0,sample,true,true,modis,modis-tpdc-remote-2020-2024,MODIS_TPDC_REMOTE_2020_2024,false
rikaze-kangma,2024-08-15,0.2081,-11.6%,21%,0.0%,高寒草甸,中度退化,18400.0,sample,true,true,modis,modis-tpdc-remote-2020-2024,MODIS_TPDC_REMOTE_2020_2024,false
rikaze-kangma,2024-09-15,0.2224,+20.5%,22%,0.0%,高寒草甸,中度退化,18400.0,sample,true,true,modis,modis-tpdc-remote-2020-2024,MODIS_TPDC_REMOTE_2020_2024,false
rikaze-kangma,2024-10-15,0.1629,+13.3%,16%,0.0%,高寒草甸,中度退化,18400.0,sample,true,true,modis,modis-tpdc-remote-2020-2024,MODIS_TPDC_REMOTE_2020_2024,false
rikaze-kangma,2024-11-15,0.105,-10.4%,10%,0.5%,高寒草甸,中度退化,18400.0,sample,true,true,modis,modis-tpdc-remote-2020-2024,MODIS_TPDC_REMOTE_2020_2024,false
rikaze-kangma,2024-12-15,0.1103,+29.1%,11%,0.5%,高寒草甸,中度退化,18400.0,sample,true,true,modis,modis-tpdc-remote-2020-2024,MODIS_TPDC_REMOTE_2020_2024,false
rikaze-xietongmen,2020-01-15,0.1218,0%,12%,0.0%,河谷草地,基本稳定,20500.0,sample,true,true,modis,modis-tpdc-remote-2020-2024,MODIS_TPDC_REMOTE_2020_2024,false
rikaze-xietongmen,2020-02-15,0.109,0%,11%,0.0%,河谷草地,基本稳定,20500.0,sample,true,true,modis,modis-tpdc-remote-2020-2024,MODIS_TPDC_REMOTE_2020_2024,false
rikaze-xietongmen,2020-03-15,0.1055,0%,11%,0.0%,河谷草地,基本稳定,20500.0,sample,true,true,modis,modis-tpdc-remote-2020-2024,MODIS_TPDC_REMOTE_2020_2024,false
rikaze-xietongmen,2020-04-15,0.1178,0%,12%,0.7%,河谷草地,基本稳定,20500.0,sample,true,true,modis,modis-tpdc-remote-2020-2024,MODIS_TPDC_REMOTE_2020_2024,false
rikaze-xietongmen,2020-05-15,0.1308,0%,13%,1.8%,河谷草地,基本稳定,20500.0,sample,true,true,modis,modis-tpdc-remote-2020-2024,MODIS_TPDC_REMOTE_2020_2024,false
rikaze-xietongmen,2020-06-15,0.1421,0%,14%,0.0%,河谷草地,基本稳定,20500.0,sample,true,true,modis,modis-tpdc-remote-2020-2024,MODIS_TPDC_REMOTE_2020_2024,false
rikaze-xietongmen,2020-07-15,0.2273,0%,23%,0.0%,河谷草地,基本稳定,20500.0,sample,true,true,modis,modis-tpdc-remote-2020-2024,MODIS_TPDC_REMOTE_2020_2024,false
rikaze-xietongmen,2020-08-15,0.2066,0%,21%,0.0%,河谷草地,基本稳定,20500.0,sample,true,true,modis,modis-tpdc-remote-2020-2024,MODIS_TPDC_REMOTE_2020_2024,false
rikaze-xietongmen,2020-09-15,0.1935,0%,19%,0.0%,河谷草地,基本稳定,20500.0,sample,true,true,modis,modis-tpdc-remote-2020-2024,MODIS_TPDC_REMOTE_2020_2024,false
rikaze-xietongmen,2020-10-15,0.1496,0%,15%,0.0%,河谷草地,基本稳定,20500.0,sample,true,true,modis,modis-tpdc-remote-2020-2024,MODIS_TPDC_REMOTE_2020_2024,false
rikaze-xietongmen,2020-11-15,0.1303,0%,13%,0.0%,河谷草地,基本稳定,20500.0,sample,true,true,modis,modis-tpdc-remote-2020-2024,MODIS_TPDC_REMOTE_2020_2024,false
rikaze-xietongmen,2020-12-15,0.1226,0%,12%,0.0%,河谷草地,基本稳定,20500.0,sample,true,true,modis,modis-tpdc-remote-2020-2024,MODIS_TPDC_REMOTE_2020_2024,false
rikaze-xietongmen,2021-01-15,0.1187,-2.6%,12%,0.0%,河谷草地,基本稳定,20500.0,sample,true,true,modis,modis-tpdc-remote-2020-2024,MODIS_TPDC_REMOTE_2020_2024,false
rikaze-xietongmen,2021-02-15,0.1134,+4.1%,11%,0.0%,河谷草地,基本稳定,20500.0,sample,true,true,modis,modis-tpdc-remote-2020-2024,MODIS_TPDC_REMOTE_2020_2024,false
rikaze-xietongmen,2021-03-15,0.0995,-5.6%,10%,0.0%,河谷草地,基本稳定,20500.0,sample,true,true,modis,modis-tpdc-remote-2020-2024,MODIS_TPDC_REMOTE_2020_2024,false
rikaze-xietongmen,2021-04-15,0.1087,-7.7%,11%,0.0%,河谷草地,基本稳定,20500.0,sample,true,true,modis,modis-tpdc-remote-2020-2024,MODIS_TPDC_REMOTE_2020_2024,false
rikaze-xietongmen,2021-05-15,0.1405,+7.4%,14%,0.0%,河谷草地,基本稳定,20500.0,sample,true,true,modis,modis-tpdc-remote-2020-2024,MODIS_TPDC_REMOTE_2020_2024,false
rikaze-xietongmen,2021-06-15,0.16,+12.6%,16%,0.0%,河谷草地,基本稳定,20500.0,sample,true,true,modis,modis-tpdc-remote-2020-2024,MODIS_TPDC_REMOTE_2020_2024,false
rikaze-xietongmen,2021-07-15,0.2294,+0.9%,23%,0.0%,河谷草地,基本稳定,20500.0,sample,true,true,modis,modis-tpdc-remote-2020-2024,MODIS_TPDC_REMOTE_2020_2024,false
rikaze-xietongmen,2021-08-15,0.2589,+25.3%,26%,0.0%,河谷草地,基本稳定,20500.0,sample,true,true,modis,modis-tpdc-remote-2020-2024,MODIS_TPDC_REMOTE_2020_2024,false
rikaze-xietongmen,2021-09-15,0.1955,+1.1%,20%,3.0%,河谷草地,基本稳定,20500.0,sample,true,true,modis,modis-tpdc-remote-2020-2024,MODIS_TPDC_REMOTE_2020_2024,false
rikaze-xietongmen,2021-10-15,0.163,+9.0%,16%,0.0%,河谷草地,基本稳定,20500.0,sample,true,true,modis,modis-tpdc-remote-2020-2024,MODIS_TPDC_REMOTE_2020_2024,false
rikaze-xietongmen,2021-11-15,0.1356,+4.1%,14%,0.0%,河谷草地,基本稳定,20500.0,sample,true,true,modis,modis-tpdc-remote-2020-2024,MODIS_TPDC_REMOTE_2020_2024,false
rikaze-xietongmen,2021-12-15,0.1204,-1.8%,12%,0.0%,河谷草地,基本稳定,20500.0,sample,true,true,modis,modis-tpdc-remote-2020-2024,MODIS_TPDC_REMOTE_2020_2024,false
rikaze-xietongmen,2022-01-15,0.1162,-2.1%,12%,0.0%,河谷草地,基本稳定,20500.0,sample,true,true,modis,modis-tpdc-remote-2020-2024,MODIS_TPDC_REMOTE_2020_2024,false
rikaze-xietongmen,2022-02-15,0.1124,-0.9%,11%,0.7%,河谷草地,基本稳定,20500.0,sample,true,true,modis,modis-tpdc-remote-2020-2024,MODIS_TPDC_REMOTE_2020_2024,false
rikaze-xietongmen,2022-03-15,0.0968,-2.7%,10%,0.0%,河谷草地,基本稳定,20500.0,sample,true,true,modis,modis-tpdc-remote-2020-2024,MODIS_TPDC_REMOTE_2020_2024,false
rikaze-xietongmen,2022-04-15,0.1239,+14.0%,12%,0.0%,河谷草地,基本稳定,20500.0,sample,true,true,modis,modis-tpdc-remote-2020-2024,MODIS_TPDC_REMOTE_2020_2024,false
rikaze-xietongmen,2022-05-15,0.1492,+6.2%,15%,0.9%,河谷草地,基本稳定,20500.0,sample,true,true,modis,modis-tpdc-remote-2020-2024,MODIS_TPDC_REMOTE_2020_2024,false
rikaze-xietongmen,2022-06-15,0.1588,-0.8%,16%,0.0%,河谷草地,基本稳定,20500.0,sample,true,true,modis,modis-tpdc-remote-2020-2024,MODIS_TPDC_REMOTE_2020_2024,false
rikaze-xietongmen,2022-07-15,0.1779,-22.5%,18%,0.0%,河谷草地,基本稳定,20500.0,sample,true,true,modis,modis-tpdc-remote-2020-2024,MODIS_TPDC_REMOTE_2020_2024,false
rikaze-xietongmen,2022-08-15,0.2075,-19.9%,21%,0.0%,河谷草地,基本稳定,20500.0,sample,true,true,modis,modis-tpdc-remote-2020-2024,MODIS_TPDC_REMOTE_2020_2024,false
rikaze-xietongmen,2022-09-15,0.1678,-14.2%,17%,0.0%,河谷草地,基本稳定,20500.0,sample,true,true,modis,modis-tpdc-remote-2020-2024,MODIS_TPDC_REMOTE_2020_2024,false
rikaze-xietongmen,2022-10-15,0.1518,-6.9%,15%,0.0%,河谷草地,基本稳定,20500.0,sample,true,true,modis,modis-tpdc-remote-2020-2024,MODIS_TPDC_REMOTE_2020_2024,false
rikaze-xietongmen,2022-11-15,0.1273,-6.2%,13%,0.0%,河谷草地,基本稳定,20500.0,sample,true,true,modis,modis-tpdc-remote-2020-2024,MODIS_TPDC_REMOTE_2020_2024,false
rikaze-xietongmen,2022-12-15,0.1247,+3.6%,12%,0.0%,河谷草地,基本稳定,20500.0,sample,true,true,modis,modis-tpdc-remote-2020-2024,MODIS_TPDC_REMOTE_2020_2024,false
rikaze-xietongmen,2023-01-15,0.115,-1.1%,12%,0.0%,河谷草地,基本稳定,20500.0,sample,true,true,modis,modis-tpdc-remote-2020-2024,MODIS_TPDC_REMOTE_2020_2024,false
rikaze-xietongmen,2023-02-15,0.1076,-4.3%,11%,0.0%,河谷草地,基本稳定,20500.0,sample,true,true,modis,modis-tpdc-remote-2020-2024,MODIS_TPDC_REMOTE_2020_2024,false
rikaze-xietongmen,2023-03-15,0.115,+18.7%,12%,0.0%,河谷草地,基本稳定,20500.0,sample,true,true,modis,modis-tpdc-remote-2020-2024,MODIS_TPDC_REMOTE_2020_2024,false
rikaze-xietongmen,2023-04-15,0.1124,-9.3%,11%,0.0%,河谷草地,基本稳定,20500.0,sample,true,true,modis,modis-tpdc-remote-2020-2024,MODIS_TPDC_REMOTE_2020_2024,false
rikaze-xietongmen,2023-05-15,0.1218,-18.3%,12%,0.0%,河谷草地,基本稳定,20500.0,sample,true,true,modis,modis-tpdc-remote-2020-2024,MODIS_TPDC_REMOTE_2020_2024,false
rikaze-xietongmen,2023-06-15,0.1386,-12.7%,14%,0.0%,河谷草地,基本稳定,20500.0,sample,true,true,modis,modis-tpdc-remote-2020-2024,MODIS_TPDC_REMOTE_2020_2024,false
rikaze-xietongmen,2023-07-15,0.2124,+19.5%,21%,0.0%,河谷草地,基本稳定,20500.0,sample,true,true,modis,modis-tpdc-remote-2020-2024,MODIS_TPDC_REMOTE_2020_2024,false
rikaze-xietongmen,2023-08-15,0.2048,-1.3%,20%,0.0%,河谷草地,基本稳定,20500.0,sample,true,true,modis,modis-tpdc-remote-2020-2024,MODIS_TPDC_REMOTE_2020_2024,false
rikaze-xietongmen,2023-09-15,0.1749,+4.3%,17%,0.0%,河谷草地,基本稳定,20500.0,sample,true,true,modis,modis-tpdc-remote-2020-2024,MODIS_TPDC_REMOTE_2020_2024,false
rikaze-xietongmen,2023-10-15,0.1509,-0.6%,15%,0.0%,河谷草地,基本稳定,20500.0,sample,true,true,modis,modis-tpdc-remote-2020-2024,MODIS_TPDC_REMOTE_2020_2024,false
rikaze-xietongmen,2023-11-15,0.129,+1.4%,13%,0.0%,河谷草地,基本稳定,20500.0,sample,true,true,modis,modis-tpdc-remote-2020-2024,MODIS_TPDC_REMOTE_2020_2024,false
rikaze-xietongmen,2023-12-15,0.1092,-12.5%,11%,0.0%,河谷草地,基本稳定,20500.0,sample,true,true,modis,modis-tpdc-remote-2020-2024,MODIS_TPDC_REMOTE_2020_2024,false
rikaze-xietongmen,2024-01-15,0.1164,+1.2%,12%,0.0%,河谷草地,基本稳定,20500.0,sample,true,true,modis,modis-tpdc-remote-2020-2024,MODIS_TPDC_REMOTE_2020_2024,false
rikaze-xietongmen,2024-02-15,0.099,-7.9%,10%,0.0%,河谷草地,基本稳定,20500.0,sample,true,true,modis,modis-tpdc-remote-2020-2024,MODIS_TPDC_REMOTE_2020_2024,false
rikaze-xietongmen,2024-03-15,0.1008,-12.4%,10%,0.0%,河谷草地,基本稳定,20500.0,sample,true,true,modis,modis-tpdc-remote-2020-2024,MODIS_TPDC_REMOTE_2020_2024,false
rikaze-xietongmen,2024-04-15,0.1218,+8.4%,12%,0.0%,河谷草地,基本稳定,20500.0,sample,true,true,modis,modis-tpdc-remote-2020-2024,MODIS_TPDC_REMOTE_2020_2024,false
rikaze-xietongmen,2024-05-15,0.1459,+19.7%,15%,0.0%,河谷草地,基本稳定,20500.0,sample,true,true,modis,modis-tpdc-remote-2020-2024,MODIS_TPDC_REMOTE_2020_2024,false
rikaze-xietongmen,2024-06-15,0.1743,+25.7%,17%,0.0%,河谷草地,基本稳定,20500.0,sample,true,true,modis,modis-tpdc-remote-2020-2024,MODIS_TPDC_REMOTE_2020_2024,false
rikaze-xietongmen,2024-07-15,0.2299,+8.2%,23%,0.0%,河谷草地,基本稳定,20500.0,sample,true,true,modis,modis-tpdc-remote-2020-2024,MODIS_TPDC_REMOTE_2020_2024,false
rikaze-xietongmen,2024-08-15,0.2344,+14.4%,23%,0.0%,河谷草地,基本稳定,20500.0,sample,true,true,modis,modis-tpdc-remote-2020-2024,MODIS_TPDC_REMOTE_2020_2024,false
rikaze-xietongmen,2024-09-15,0.181,+3.5%,18%,0.0%,河谷草地,基本稳定,20500.0,sample,true,true,modis,modis-tpdc-remote-2020-2024,MODIS_TPDC_REMOTE_2020_2024,false
rikaze-xietongmen,2024-10-15,0.1568,+3.9%,16%,0.0%,河谷草地,基本稳定,20500.0,sample,true,true,modis,modis-tpdc-remote-2020-2024,MODIS_TPDC_REMOTE_2020_2024,false
rikaze-xietongmen,2024-11-15,0.1288,-0.2%,13%,0.0%,河谷草地,基本稳定,20500.0,sample,true,true,modis,modis-tpdc-remote-2020-2024,MODIS_TPDC_REMOTE_2020_2024,false
rikaze-xietongmen,2024-12-15,0.1123,+2.8%,11%,0.0%,河谷草地,基本稳定,20500.0,sample,true,true,modis,modis-tpdc-remote-2020-2024,MODIS_TPDC_REMOTE_2020_2024,false
rikaze-zhongba,2020-01-15,0.1364,0%,14%,2.7%,高寒草甸,基本稳定,13200.0,sample,true,true,modis,modis-tpdc-remote-2020-2024,MODIS_TPDC_REMOTE_2020_2024,false
rikaze-zhongba,2020-02-15,0.1261,0%,13%,2.3%,高寒草甸,基本稳定,13200.0,sample,true,true,modis,modis-tpdc-remote-2020-2024,MODIS_TPDC_REMOTE_2020_2024,false
rikaze-zhongba,2020-03-15,0.1211,0%,12%,3.3%,高寒草甸,基本稳定,13200.0,sample,true,true,modis,modis-tpdc-remote-2020-2024,MODIS_TPDC_REMOTE_2020_2024,false
rikaze-zhongba,2020-04-15,0.1179,0%,12%,0.0%,高寒草甸,基本稳定,13200.0,sample,true,true,modis,modis-tpdc-remote-2020-2024,MODIS_TPDC_REMOTE_2020_2024,false
rikaze-zhongba,2020-05-15,0.1291,0%,13%,0.0%,高寒草甸,基本稳定,13200.0,sample,true,true,modis,modis-tpdc-remote-2020-2024,MODIS_TPDC_REMOTE_2020_2024,false
rikaze-zhongba,2020-06-15,0.1467,0%,15%,0.0%,高寒草甸,基本稳定,13200.0,sample,true,true,modis,modis-tpdc-remote-2020-2024,MODIS_TPDC_REMOTE_2020_2024,false
rikaze-zhongba,2020-07-15,0.1802,0%,18%,0.0%,高寒草甸,基本稳定,13200.0,sample,true,true,modis,modis-tpdc-remote-2020-2024,MODIS_TPDC_REMOTE_2020_2024,false
rikaze-zhongba,2020-08-15,0.1927,0%,19%,0.0%,高寒草甸,基本稳定,13200.0,sample,true,true,modis,modis-tpdc-remote-2020-2024,MODIS_TPDC_REMOTE_2020_2024,false
rikaze-zhongba,2020-09-15,0.1573,0%,16%,0.0%,高寒草甸,基本稳定,13200.0,sample,true,true,modis,modis-tpdc-remote-2020-2024,MODIS_TPDC_REMOTE_2020_2024,false
rikaze-zhongba,2020-10-15,0.1308,0%,13%,0.0%,高寒草甸,基本稳定,13200.0,sample,true,true,modis,modis-tpdc-remote-2020-2024,MODIS_TPDC_REMOTE_2020_2024,false
rikaze-zhongba,2020-11-15,0.1217,0%,12%,0.0%,高寒草甸,基本稳定,13200.0,sample,true,true,modis,modis-tpdc-remote-2020-2024,MODIS_TPDC_REMOTE_2020_2024,false
rikaze-zhongba,2020-12-15,0.1318,0%,13%,0.0%,高寒草甸,基本稳定,13200.0,sample,true,true,modis,modis-tpdc-remote-2020-2024,MODIS_TPDC_REMOTE_2020_2024,false
rikaze-zhongba,2021-01-15,0.1179,-13.6%,12%,0.0%,高寒草甸,基本稳定,13200.0,sample,true,true,modis,modis-tpdc-remote-2020-2024,MODIS_TPDC_REMOTE_2020_2024,false
rikaze-zhongba,2021-02-15,0.1181,-6.3%,12%,0.0%,高寒草甸,基本稳定,13200.0,sample,true,true,modis,modis-tpdc-remote-2020-2024,MODIS_TPDC_REMOTE_2020_2024,false
rikaze-zhongba,2021-03-15,0.1244,+2.7%,12%,0.0%,高寒草甸,基本稳定,13200.0,sample,true,true,modis,modis-tpdc-remote-2020-2024,MODIS_TPDC_REMOTE_2020_2024,false
rikaze-zhongba,2021-04-15,0.1171,-0.7%,12%,0.0%,高寒草甸,基本稳定,13200.0,sample,true,true,modis,modis-tpdc-remote-2020-2024,MODIS_TPDC_REMOTE_2020_2024,false
rikaze-zhongba,2021-05-15,0.1132,-12.4%,11%,0.0%,高寒草甸,基本稳定,13200.0,sample,true,true,modis,modis-tpdc-remote-2020-2024,MODIS_TPDC_REMOTE_2020_2024,false
rikaze-zhongba,2021-06-15,0.1378,-6.0%,14%,0.0%,高寒草甸,基本稳定,13200.0,sample,true,true,modis,modis-tpdc-remote-2020-2024,MODIS_TPDC_REMOTE_2020_2024,false
rikaze-zhongba,2021-07-15,0.1838,+2.0%,18%,0.0%,高寒草甸,基本稳定,13200.0,sample,true,true,modis,modis-tpdc-remote-2020-2024,MODIS_TPDC_REMOTE_2020_2024,false
rikaze-zhongba,2021-08-15,0.2787,+44.7%,28%,0.0%,高寒草甸,基本稳定,13200.0,sample,true,true,modis,modis-tpdc-remote-2020-2024,MODIS_TPDC_REMOTE_2020_2024,false
rikaze-zhongba,2021-09-15,0.2299,+46.2%,23%,0.0%,高寒草甸,基本稳定,13200.0,sample,true,true,modis,modis-tpdc-remote-2020-2024,MODIS_TPDC_REMOTE_2020_2024,false
rikaze-zhongba,2021-10-15,0.1567,+19.8%,16%,0.0%,高寒草甸,基本稳定,13200.0,sample,true,true,modis,modis-tpdc-remote-2020-2024,MODIS_TPDC_REMOTE_2020_2024,false
rikaze-zhongba,2021-11-15,0.1401,+15.1%,14%,0.0%,高寒草甸,基本稳定,13200.0,sample,true,true,modis,modis-tpdc-remote-2020-2024,MODIS_TPDC_REMOTE_2020_2024,false
rikaze-zhongba,2021-12-15,0.1313,-0.3%,13%,2.1%,高寒草甸,基本稳定,13200.0,sample,true,true,modis,modis-tpdc-remote-2020-2024,MODIS_TPDC_REMOTE_2020_2024,false
rikaze-zhongba,2022-01-15,0.1076,-8.7%,11%,1.8%,高寒草甸,基本稳定,13200.0,sample,true,true,modis,modis-tpdc-remote-2020-2024,MODIS_TPDC_REMOTE_2020_2024,false
rikaze-zhongba,2022-02-15,0.1338,+13.3%,13%,0.0%,高寒草甸,基本稳定,13200.0,sample,true,true,modis,modis-tpdc-remote-2020-2024,MODIS_TPDC_REMOTE_2020_2024,false
rikaze-zhongba,2022-03-15,0.1259,+1.2%,13%,0.0%,高寒草甸,基本稳定,13200.0,sample,true,true,modis,modis-tpdc-remote-2020-2024,MODIS_TPDC_REMOTE_2020_2024,false
rikaze-zhongba,2022-04-15,0.125,+6.8%,12%,0.0%,高寒草甸,基本稳定,13200.0,sample,true,true,modis,modis-tpdc-remote-2020-2024,MODIS_TPDC_REMOTE_2020_2024,false
rikaze-zhongba,2022-05-15,0.1415,+25.0%,14%,0.0%,高寒草甸,基本稳定,13200.0,sample,true,true,modis,modis-tpdc-remote-2020-2024,MODIS_TPDC_REMOTE_2020_2024,false
rikaze-zhongba,2022-06-15,0.1754,+27.3%,18%,0.0%,高寒草甸,基本稳定,13200.0,sample,true,true,modis,modis-tpdc-remote-2020-2024,MODIS_TPDC_REMOTE_2020_2024,false
rikaze-zhongba,2022-07-15,0.2077,+13.0%,21%,0.0%,高寒草甸,基本稳定,13200.0,sample,true,true,modis,modis-tpdc-remote-2020-2024,MODIS_TPDC_REMOTE_2020_2024,false
rikaze-zhongba,2022-08-15,0.247,-11.4%,25%,0.0%,高寒草甸,基本稳定,13200.0,sample,true,true,modis,modis-tpdc-remote-2020-2024,MODIS_TPDC_REMOTE_2020_2024,false
rikaze-zhongba,2022-09-15,0.1978,-13.9%,20%,0.0%,高寒草甸,基本稳定,13200.0,sample,true,true,modis,modis-tpdc-remote-2020-2024,MODIS_TPDC_REMOTE_2020_2024,false
rikaze-zhongba,2022-10-15,0.1344,-14.2%,13%,0.0%,高寒草甸,基本稳定,13200.0,sample,true,true,modis,modis-tpdc-remote-2020-2024,MODIS_TPDC_REMOTE_2020_2024,false
rikaze-zhongba,2022-11-15,0.1411,+0.7%,14%,0.0%,高寒草甸,基本稳定,13200.0,sample,true,true,modis,modis-tpdc-remote-2020-2024,MODIS_TPDC_REMOTE_2020_2024,false
rikaze-zhongba,2022-12-15,0.1323,+0.8%,13%,0.0%,高寒草甸,基本稳定,13200.0,sample,true,true,modis,modis-tpdc-remote-2020-2024,MODIS_TPDC_REMOTE_2020_2024,false
rikaze-zhongba,2023-01-15,0.1262,+17.3%,13%,0.0%,高寒草甸,基本稳定,13200.0,sample,true,true,modis,modis-tpdc-remote-2020-2024,MODIS_TPDC_REMOTE_2020_2024,false
rikaze-zhongba,2023-02-15,0.1194,-10.7%,12%,0.0%,高寒草甸,基本稳定,13200.0,sample,true,true,modis,modis-tpdc-remote-2020-2024,MODIS_TPDC_REMOTE_2020_2024,false
rikaze-zhongba,2023-03-15,0.1253,-0.5%,13%,0.0%,高寒草甸,基本稳定,13200.0,sample,true,true,modis,modis-tpdc-remote-2020-2024,MODIS_TPDC_REMOTE_2020_2024,false
rikaze-zhongba,2023-04-15,0.1247,-0.2%,12%,3.9%,高寒草甸,基本稳定,13200.0,sample,true,true,modis,modis-tpdc-remote-2020-2024,MODIS_TPDC_REMOTE_2020_2024,false
rikaze-zhongba,2023-05-15,0.121,-14.5%,12%,0.0%,高寒草甸,基本稳定,13200.0,sample,true,true,modis,modis-tpdc-remote-2020-2024,MODIS_TPDC_REMOTE_2020_2024,false
rikaze-zhongba,2023-06-15,0.1366,-22.2%,14%,0.0%,高寒草甸,基本稳定,13200.0,sample,true,true,modis,modis-tpdc-remote-2020-2024,MODIS_TPDC_REMOTE_2020_2024,false
rikaze-zhongba,2023-07-15,0.179,-13.8%,18%,0.0%,高寒草甸,基本稳定,13200.0,sample,true,true,modis,modis-tpdc-remote-2020-2024,MODIS_TPDC_REMOTE_2020_2024,false
rikaze-zhongba,2023-08-15,0.3114,+26.1%,31%,0.0%,高寒草甸,基本稳定,13200.0,sample,true,true,modis,modis-tpdc-remote-2020-2024,MODIS_TPDC_REMOTE_2020_2024,false
rikaze-zhongba,2023-09-15,0.2411,+21.9%,24%,0.0%,高寒草甸,基本稳定,13200.0,sample,true,true,modis,modis-tpdc-remote-2020-2024,MODIS_TPDC_REMOTE_2020_2024,false
rikaze-zhongba,2023-10-15,0.1595,+18.7%,16%,0.0%,高寒草甸,基本稳定,13200.0,sample,true,true,modis,modis-tpdc-remote-2020-2024,MODIS_TPDC_REMOTE_2020_2024,false
rikaze-zhongba,2023-11-15,0.1394,-1.2%,14%,0.0%,高寒草甸,基本稳定,13200.0,sample,true,true,modis,modis-tpdc-remote-2020-2024,MODIS_TPDC_REMOTE_2020_2024,false
rikaze-zhongba,2023-12-15,0.1192,-9.9%,12%,5.0%,高寒草甸,基本稳定,13200.0,sample,true,true,modis,modis-tpdc-remote-2020-2024,MODIS_TPDC_REMOTE_2020_2024,false
rikaze-zhongba,2024-01-15,0.1239,-1.8%,12%,0.0%,高寒草甸,基本稳定,13200.0,sample,true,true,modis,modis-tpdc-remote-2020-2024,MODIS_TPDC_REMOTE_2020_2024,false
rikaze-zhongba,2024-02-15,0.1478,+23.8%,15%,0.0%,高寒草甸,基本稳定,13200.0,sample,true,true,modis,modis-tpdc-remote-2020-2024,MODIS_TPDC_REMOTE_2020_2024,false
rikaze-zhongba,2024-03-15,0.1285,+2.6%,13%,0.0%,高寒草甸,基本稳定,13200.0,sample,true,true,modis,modis-tpdc-remote-2020-2024,MODIS_TPDC_REMOTE_2020_2024,false
rikaze-zhongba,2024-04-15,0.1266,+1.5%,13%,0.0%,高寒草甸,基本稳定,13200.0,sample,true,true,modis,modis-tpdc-remote-2020-2024,MODIS_TPDC_REMOTE_2020_2024,false
rikaze-zhongba,2024-05-15,0.1317,+8.8%,13%,0.0%,高寒草甸,基本稳定,13200.0,sample,true,true,modis,modis-tpdc-remote-2020-2024,MODIS_TPDC_REMOTE_2020_2024,false
rikaze-zhongba,2024-06-15,0.1496,+9.5%,15%,0.0%,高寒草甸,基本稳定,13200.0,sample,true,true,modis,modis-tpdc-remote-2020-2024,MODIS_TPDC_REMOTE_2020_2024,false
rikaze-zhongba,2024-07-15,0.1734,-3.2%,17%,0.0%,高寒草甸,基本稳定,13200.0,sample,true,true,modis,modis-tpdc-remote-2020-2024,MODIS_TPDC_REMOTE_2020_2024,false
rikaze-zhongba,2024-08-15,0.3003,-3.5%,30%,0.0%,高寒草甸,基本稳定,13200.0,sample,true,true,modis,modis-tpdc-remote-2020-2024,MODIS_TPDC_REMOTE_2020_2024,false
rikaze-zhongba,2024-09-15,0.2609,+8.2%,26%,0.9%,高寒草甸,基本稳定,13200.0,sample,true,true,modis,modis-tpdc-remote-2020-2024,MODIS_TPDC_REMOTE_2020_2024,false
rikaze-zhongba,2024-10-15,0.1721,+7.9%,17%,0.0%,高寒草甸,基本稳定,13200.0,sample,true,true,modis,modis-tpdc-remote-2020-2024,MODIS_TPDC_REMOTE_2020_2024,false
rikaze-zhongba,2024-11-15,0.1405,+0.8%,14%,0.0%,高寒草甸,基本稳定,13200.0,sample,true,true,modis,modis-tpdc-remote-2020-2024,MODIS_TPDC_REMOTE_2020_2024,false
rikaze-zhongba,2024-12-15,0.1349,+13.2%,13%,0.0%,高寒草甸,基本稳定,13200.0,sample,true,true,modis,modis-tpdc-remote-2020-2024,MODIS_TPDC_REMOTE_2020_2024,false
shannan-cuona,2020-01-15,0.0884,0%,9%,15.4%,高寒草甸,基本稳定,23600.0,sample,true,true,modis,modis-tpdc-remote-2020-2024,MODIS_TPDC_REMOTE_2020_2024,false
shannan-cuona,2020-02-15,0.2218,0%,22%,3.0%,高寒草甸,基本稳定,23600.0,sample,true,true,modis,modis-tpdc-remote-2020-2024,MODIS_TPDC_REMOTE_2020_2024,false
shannan-cuona,2020-03-15,0.0532,0%,5%,8.7%,高寒草甸,基本稳定,23600.0,sample,true,true,modis,modis-tpdc-remote-2020-2024,MODIS_TPDC_REMOTE_2020_2024,false
shannan-cuona,2020-04-15,0.1808,0%,18%,10.0%,高寒草甸,基本稳定,23600.0,sample,true,true,modis,modis-tpdc-remote-2020-2024,MODIS_TPDC_REMOTE_2020_2024,false
shannan-cuona,2020-05-15,0.4842,0%,48%,0.0%,高寒草甸,基本稳定,23600.0,sample,true,true,modis,modis-tpdc-remote-2020-2024,MODIS_TPDC_REMOTE_2020_2024,false
shannan-cuona,2020-06-15,0.4983,0%,50%,0.0%,高寒草甸,基本稳定,23600.0,sample,true,true,modis,modis-tpdc-remote-2020-2024,MODIS_TPDC_REMOTE_2020_2024,false
shannan-cuona,2020-07-15,0.5958,0%,60%,0.0%,高寒草甸,基本稳定,23600.0,sample,true,true,modis,modis-tpdc-remote-2020-2024,MODIS_TPDC_REMOTE_2020_2024,false
shannan-cuona,2020-08-15,0.3003,0%,30%,0.0%,高寒草甸,基本稳定,23600.0,sample,true,true,modis,modis-tpdc-remote-2020-2024,MODIS_TPDC_REMOTE_2020_2024,false
shannan-cuona,2020-09-15,0.4299,0%,43%,0.0%,高寒草甸,基本稳定,23600.0,sample,true,true,modis,modis-tpdc-remote-2020-2024,MODIS_TPDC_REMOTE_2020_2024,false
shannan-cuona,2020-10-15,0.2676,0%,27%,0.5%,高寒草甸,基本稳定,23600.0,sample,true,true,modis,modis-tpdc-remote-2020-2024,MODIS_TPDC_REMOTE_2020_2024,false
shannan-cuona,2020-11-15,0.1807,0%,18%,0.5%,高寒草甸,基本稳定,23600.0,sample,true,true,modis,modis-tpdc-remote-2020-2024,MODIS_TPDC_REMOTE_2020_2024,false
shannan-cuona,2020-12-15,0.2103,0%,21%,0.4%,高寒草甸,基本稳定,23600.0,sample,true,true,modis,modis-tpdc-remote-2020-2024,MODIS_TPDC_REMOTE_2020_2024,false
shannan-cuona,2021-01-15,0.1818,+105.7%,18%,0.0%,高寒草甸,基本稳定,23600.0,sample,true,true,modis,modis-tpdc-remote-2020-2024,MODIS_TPDC_REMOTE_2020_2024,false
shannan-cuona,2021-02-15,0.1193,-46.2%,12%,0.0%,高寒草甸,基本稳定,23600.0,sample,true,true,modis,modis-tpdc-remote-2020-2024,MODIS_TPDC_REMOTE_2020_2024,false
shannan-cuona,2021-03-15,0.1208,+127.2%,12%,3.0%,高寒草甸,基本稳定,23600.0,sample,true,true,modis,modis-tpdc-remote-2020-2024,MODIS_TPDC_REMOTE_2020_2024,false
shannan-cuona,2021-04-15,0.0747,-58.6%,7%,14.0%,高寒草甸,基本稳定,23600.0,sample,true,true,modis,modis-tpdc-remote-2020-2024,MODIS_TPDC_REMOTE_2020_2024,false
shannan-cuona,2021-05-15,0.2361,-51.2%,24%,0.0%,高寒草甸,基本稳定,23600.0,sample,true,true,modis,modis-tpdc-remote-2020-2024,MODIS_TPDC_REMOTE_2020_2024,false
shannan-cuona,2021-06-15,0.4441,-10.9%,44%,0.0%,高寒草甸,基本稳定,23600.0,sample,true,true,modis,modis-tpdc-remote-2020-2024,MODIS_TPDC_REMOTE_2020_2024,false
shannan-cuona,2021-07-15,0.6753,+13.3%,68%,0.0%,高寒草甸,基本稳定,23600.0,sample,true,true,modis,modis-tpdc-remote-2020-2024,MODIS_TPDC_REMOTE_2020_2024,false
shannan-cuona,2021-08-15,0.3873,+29.0%,39%,1.8%,高寒草甸,基本稳定,23600.0,sample,true,true,modis,modis-tpdc-remote-2020-2024,MODIS_TPDC_REMOTE_2020_2024,false
shannan-cuona,2021-09-15,0.4583,+6.6%,46%,0.0%,高寒草甸,基本稳定,23600.0,sample,true,true,modis,modis-tpdc-remote-2020-2024,MODIS_TPDC_REMOTE_2020_2024,false
shannan-cuona,2021-10-15,0.2673,-0.1%,27%,0.0%,高寒草甸,基本稳定,23600.0,sample,true,true,modis,modis-tpdc-remote-2020-2024,MODIS_TPDC_REMOTE_2020_2024,false
shannan-cuona,2021-11-15,0.1469,-18.7%,15%,0.0%,高寒草甸,基本稳定,23600.0,sample,true,true,modis,modis-tpdc-remote-2020-2024,MODIS_TPDC_REMOTE_2020_2024,false
shannan-cuona,2021-12-15,0.1823,-13.3%,18%,6.7%,高寒草甸,基本稳定,23600.0,sample,true,true,modis,modis-tpdc-remote-2020-2024,MODIS_TPDC_REMOTE_2020_2024,false
shannan-cuona,2022-01-15,-0.0212,-111.7%,-2%,69.2%,高寒草甸,基本稳定,23600.0,sample,true,true,modis,modis-tpdc-remote-2020-2024,MODIS_TPDC_REMOTE_2020_2024,false
shannan-cuona,2022-02-15,-0.0168,-114.0%,-2%,61.9%,高寒草甸,基本稳定,23600.0,sample,true,true,modis,modis-tpdc-remote-2020-2024,MODIS_TPDC_REMOTE_2020_2024,false
shannan-cuona,2022-03-15,0.097,-19.7%,10%,39.7%,高寒草甸,基本稳定,23600.0,sample,true,true,modis,modis-tpdc-remote-2020-2024,MODIS_TPDC_REMOTE_2020_2024,false
shannan-cuona,2022-04-15,0.2387,+219.3%,24%,8.1%,高寒草甸,基本稳定,23600.0,sample,true,true,modis,modis-tpdc-remote-2020-2024,MODIS_TPDC_REMOTE_2020_2024,false
shannan-cuona,2022-05-15,0.4065,+72.2%,41%,0.0%,高寒草甸,基本稳定,23600.0,sample,true,true,modis,modis-tpdc-remote-2020-2024,MODIS_TPDC_REMOTE_2020_2024,false
shannan-cuona,2022-06-15,0.311,-30.0%,31%,6.8%,高寒草甸,基本稳定,23600.0,sample,true,true,modis,modis-tpdc-remote-2020-2024,MODIS_TPDC_REMOTE_2020_2024,false
shannan-cuona,2022-07-15,0.368,-45.5%,37%,0.0%,高寒草甸,基本稳定,23600.0,sample,true,true,modis,modis-tpdc-remote-2020-2024,MODIS_TPDC_REMOTE_2020_2024,false
shannan-cuona,2022-08-15,0.2928,-24.4%,29%,0.0%,高寒草甸,基本稳定,23600.0,sample,true,true,modis,modis-tpdc-remote-2020-2024,MODIS_TPDC_REMOTE_2020_2024,false
shannan-cuona,2022-09-15,0.2591,-43.5%,26%,0.0%,高寒草甸,基本稳定,23600.0,sample,true,true,modis,modis-tpdc-remote-2020-2024,MODIS_TPDC_REMOTE_2020_2024,false
shannan-cuona,2022-10-15,-0.0692,-125.9%,-7%,45.5%,高寒草甸,基本稳定,23600.0,sample,true,true,modis,modis-tpdc-remote-2020-2024,MODIS_TPDC_REMOTE_2020_2024,false
shannan-cuona,2022-11-15,0.0065,-95.6%,1%,58.0%,高寒草甸,基本稳定,23600.0,sample,true,true,modis,modis-tpdc-remote-2020-2024,MODIS_TPDC_REMOTE_2020_2024,false
shannan-cuona,2022-12-15,0.0256,-86.0%,3%,30.2%,高寒草甸,基本稳定,23600.0,sample,true,true,modis,modis-tpdc-remote-2020-2024,MODIS_TPDC_REMOTE_2020_2024,false
shannan-cuona,2023-01-15,0.0583,0%,6%,24.1%,高寒草甸,基本稳定,23600.0,sample,true,true,modis,modis-tpdc-remote-2020-2024,MODIS_TPDC_REMOTE_2020_2024,false
shannan-cuona,2023-02-15,0.114,0%,11%,18.2%,高寒草甸,基本稳定,23600.0,sample,true,true,modis,modis-tpdc-remote-2020-2024,MODIS_TPDC_REMOTE_2020_2024,false
shannan-cuona,2023-03-15,0.0317,-67.4%,3%,19.3%,高寒草甸,基本稳定,23600.0,sample,true,true,modis,modis-tpdc-remote-2020-2024,MODIS_TPDC_REMOTE_2020_2024,false
shannan-cuona,2023-04-15,0.2558,+7.2%,26%,6.9%,高寒草甸,基本稳定,23600.0,sample,true,true,modis,modis-tpdc-remote-2020-2024,MODIS_TPDC_REMOTE_2020_2024,false
shannan-cuona,2023-05-15,0.4247,+4.5%,42%,0.0%,高寒草甸,基本稳定,23600.0,sample,true,true,modis,modis-tpdc-remote-2020-2024,MODIS_TPDC_REMOTE_2020_2024,false
shannan-cuona,2023-06-15,0.4229,+36.0%,42%,0.0%,高寒草甸,基本稳定,23600.0,sample,true,true,modis,modis-tpdc-remote-2020-2024,MODIS_TPDC_REMOTE_2020_2024,false
shannan-cuona,2023-07-15,0.5321,+44.6%,53%,0.0%,高寒草甸,基本稳定,23600.0,sample,true,true,modis,modis-tpdc-remote-2020-2024,MODIS_TPDC_REMOTE_2020_2024,false
shannan-cuona,2023-08-15,0.5022,+71.5%,50%,0.0%,高寒草甸,基本稳定,23600.0,sample,true,true,modis,modis-tpdc-remote-2020-2024,MODIS_TPDC_REMOTE_2020_2024,false
shannan-cuona,2023-09-15,0.3808,+47.0%,38%,0.0%,高寒草甸,基本稳定,23600.0,sample,true,true,modis,modis-tpdc-remote-2020-2024,MODIS_TPDC_REMOTE_2020_2024,false
shannan-cuona,2023-10-15,0.2814,0%,28%,0.0%,高寒草甸,基本稳定,23600.0,sample,true,true,modis,modis-tpdc-remote-2020-2024,MODIS_TPDC_REMOTE_2020_2024,false
shannan-cuona,2023-11-15,0.2171,+3265.9%,22%,1.2%,高寒草甸,基本稳定,23600.0,sample,true,true,modis,modis-tpdc-remote-2020-2024,MODIS_TPDC_REMOTE_2020_2024,false
shannan-cuona,2023-12-15,0.1545,+503.5%,15%,18.5%,高寒草甸,基本稳定,23600.0,sample,true,true,modis,modis-tpdc-remote-2020-2024,MODIS_TPDC_REMOTE_2020_2024,false
shannan-cuona,2024-01-15,0.2346,+302.8%,23%,0.5%,高寒草甸,基本稳定,23600.0,sample,true,true,modis,modis-tpdc-remote-2020-2024,MODIS_TPDC_REMOTE_2020_2024,false
shannan-cuona,2024-02-15,0.2054,+80.1%,21%,1.8%,高寒草甸,基本稳定,23600.0,sample,true,true,modis,modis-tpdc-remote-2020-2024,MODIS_TPDC_REMOTE_2020_2024,false
shannan-cuona,2024-03-15,0.0876,+176.8%,9%,6.7%,高寒草甸,基本稳定,23600.0,sample,true,true,modis,modis-tpdc-remote-2020-2024,MODIS_TPDC_REMOTE_2020_2024,false
shannan-cuona,2024-04-15,0.055,-78.5%,6%,9.8%,高寒草甸,基本稳定,23600.0,sample,true,true,modis,modis-tpdc-remote-2020-2024,MODIS_TPDC_REMOTE_2020_2024,false
shannan-cuona,2024-05-15,0.3477,-18.1%,35%,8.9%,高寒草甸,基本稳定,23600.0,sample,true,true,modis,modis-tpdc-remote-2020-2024,MODIS_TPDC_REMOTE_2020_2024,false
shannan-cuona,2024-06-15,0.3971,-6.1%,40%,0.0%,高寒草甸,基本稳定,23600.0,sample,true,true,modis,modis-tpdc-remote-2020-2024,MODIS_TPDC_REMOTE_2020_2024,false
shannan-cuona,2024-07-15,0.6747,+26.8%,67%,0.0%,高寒草甸,基本稳定,23600.0,sample,true,true,modis,modis-tpdc-remote-2020-2024,MODIS_TPDC_REMOTE_2020_2024,false
shannan-cuona,2024-08-15,0.585,+16.5%,58%,0.0%,高寒草甸,基本稳定,23600.0,sample,true,true,modis,modis-tpdc-remote-2020-2024,MODIS_TPDC_REMOTE_2020_2024,false
shannan-cuona,2024-09-15,0.3205,-15.8%,32%,0.0%,高寒草甸,基本稳定,23600.0,sample,true,true,modis,modis-tpdc-remote-2020-2024,MODIS_TPDC_REMOTE_2020_2024,false
shannan-cuona,2024-10-15,0.2172,-22.8%,22%,0.0%,高寒草甸,基本稳定,23600.0,sample,true,true,modis,modis-tpdc-remote-2020-2024,MODIS_TPDC_REMOTE_2020_2024,false
shannan-cuona,2024-11-15,0.2242,+3.3%,22%,0.0%,高寒草甸,基本稳定,23600.0,sample,true,true,modis,modis-tpdc-remote-2020-2024,MODIS_TPDC_REMOTE_2020_2024,false
shannan-cuona,2024-12-15,0.1653,+7.0%,17%,2.0%,高寒草甸,基本稳定,23600.0,sample,true,true,modis,modis-tpdc-remote-2020-2024,MODIS_TPDC_REMOTE_2020_2024,false
yushu-chengduo,2020-01-15,0.0679,0%,7%,5.8%,高寒草甸,基本稳定,22400.0,sample,true,true,modis,modis-tpdc-remote-2020-2024,MODIS_TPDC_REMOTE_2020_2024,false
yushu-chengduo,2020-02-15,0.0864,0%,9%,3.9%,高寒草甸,基本稳定,22400.0,sample,true,true,modis,modis-tpdc-remote-2020-2024,MODIS_TPDC_REMOTE_2020_2024,false
yushu-chengduo,2020-03-15,0.1083,0%,11%,0.0%,高寒草甸,基本稳定,22400.0,sample,true,true,modis,modis-tpdc-remote-2020-2024,MODIS_TPDC_REMOTE_2020_2024,false
yushu-chengduo,2020-04-15,0.0951,0%,10%,0.0%,高寒草甸,基本稳定,22400.0,sample,true,true,modis,modis-tpdc-remote-2020-2024,MODIS_TPDC_REMOTE_2020_2024,false
yushu-chengduo,2020-05-15,0.156,0%,16%,0.0%,高寒草甸,基本稳定,22400.0,sample,true,true,modis,modis-tpdc-remote-2020-2024,MODIS_TPDC_REMOTE_2020_2024,false
yushu-chengduo,2020-06-15,0.2747,0%,27%,0.0%,高寒草甸,基本稳定,22400.0,sample,true,true,modis,modis-tpdc-remote-2020-2024,MODIS_TPDC_REMOTE_2020_2024,false
yushu-chengduo,2020-07-15,0.3205,0%,32%,0.0%,高寒草甸,基本稳定,22400.0,sample,true,true,modis,modis-tpdc-remote-2020-2024,MODIS_TPDC_REMOTE_2020_2024,false
yushu-chengduo,2020-08-15,0.2108,0%,21%,0.0%,高寒草甸,基本稳定,22400.0,sample,true,true,modis,modis-tpdc-remote-2020-2024,MODIS_TPDC_REMOTE_2020_2024,false
yushu-chengduo,2020-09-15,0.2374,0%,24%,0.0%,高寒草甸,基本稳定,22400.0,sample,true,true,modis,modis-tpdc-remote-2020-2024,MODIS_TPDC_REMOTE_2020_2024,false
yushu-chengduo,2020-10-15,0.1482,0%,15%,0.0%,高寒草甸,基本稳定,22400.0,sample,true,true,modis,modis-tpdc-remote-2020-2024,MODIS_TPDC_REMOTE_2020_2024,false
yushu-chengduo,2020-11-15,0.0866,0%,9%,0.6%,高寒草甸,基本稳定,22400.0,sample,true,true,modis,modis-tpdc-remote-2020-2024,MODIS_TPDC_REMOTE_2020_2024,false
yushu-chengduo,2020-12-15,0.0912,0%,9%,1.8%,高寒草甸,基本稳定,22400.0,sample,true,true,modis,modis-tpdc-remote-2020-2024,MODIS_TPDC_REMOTE_2020_2024,false
yushu-chengduo,2021-01-15,0.0927,+36.6%,9%,0.0%,高寒草甸,基本稳定,22400.0,sample,true,true,modis,modis-tpdc-remote-2020-2024,MODIS_TPDC_REMOTE_2020_2024,false
yushu-chengduo,2021-02-15,0.1169,+35.2%,12%,0.0%,高寒草甸,基本稳定,22400.0,sample,true,true,modis,modis-tpdc-remote-2020-2024,MODIS_TPDC_REMOTE_2020_2024,false
yushu-chengduo,2021-03-15,0.0954,-12.0%,10%,0.0%,高寒草甸,基本稳定,22400.0,sample,true,true,modis,modis-tpdc-remote-2020-2024,MODIS_TPDC_REMOTE_2020_2024,false
yushu-chengduo,2021-04-15,0.1098,+15.5%,11%,0.0%,高寒草甸,基本稳定,22400.0,sample,true,true,modis,modis-tpdc-remote-2020-2024,MODIS_TPDC_REMOTE_2020_2024,false
yushu-chengduo,2021-05-15,0.1905,+22.2%,19%,0.0%,高寒草甸,基本稳定,22400.0,sample,true,true,modis,modis-tpdc-remote-2020-2024,MODIS_TPDC_REMOTE_2020_2024,false
yushu-chengduo,2021-06-15,0.1857,-32.4%,19%,0.0%,高寒草甸,基本稳定,22400.0,sample,true,true,modis,modis-tpdc-remote-2020-2024,MODIS_TPDC_REMOTE_2020_2024,false
yushu-chengduo,2021-07-15,0.2479,-22.6%,25%,0.0%,高寒草甸,基本稳定,22400.0,sample,true,true,modis,modis-tpdc-remote-2020-2024,MODIS_TPDC_REMOTE_2020_2024,false
yushu-chengduo,2021-08-15,0.1946,-7.7%,19%,0.0%,高寒草甸,基本稳定,22400.0,sample,true,true,modis,modis-tpdc-remote-2020-2024,MODIS_TPDC_REMOTE_2020_2024,false
yushu-chengduo,2021-09-15,0.2063,-13.1%,21%,0.0%,高寒草甸,基本稳定,22400.0,sample,true,true,modis,modis-tpdc-remote-2020-2024,MODIS_TPDC_REMOTE_2020_2024,false
yushu-chengduo,2021-10-15,0.1182,-20.2%,12%,0.0%,高寒草甸,基本稳定,22400.0,sample,true,true,modis,modis-tpdc-remote-2020-2024,MODIS_TPDC_REMOTE_2020_2024,false
yushu-chengduo,2021-11-15,0.128,+47.7%,13%,0.0%,高寒草甸,基本稳定,22400.0,sample,true,true,modis,modis-tpdc-remote-2020-2024,MODIS_TPDC_REMOTE_2020_2024,false
yushu-chengduo,2021-12-15,0.0983,+7.8%,10%,2.1%,高寒草甸,基本稳定,22400.0,sample,true,true,modis,modis-tpdc-remote-2020-2024,MODIS_TPDC_REMOTE_2020_2024,false
yushu-chengduo,2022-01-15,0.0828,-10.8%,8%,3.9%,高寒草甸,基本稳定,22400.0,sample,true,true,modis,modis-tpdc-remote-2020-2024,MODIS_TPDC_REMOTE_2020_2024,false
yushu-chengduo,2022-02-15,0.0956,-18.3%,10%,0.0%,高寒草甸,基本稳定,22400.0,sample,true,true,modis,modis-tpdc-remote-2020-2024,MODIS_TPDC_REMOTE_2020_2024,false
yushu-chengduo,2022-03-15,0.0908,-4.8%,9%,0.0%,高寒草甸,基本稳定,22400.0,sample,true,true,modis,modis-tpdc-remote-2020-2024,MODIS_TPDC_REMOTE_2020_2024,false
yushu-chengduo,2022-04-15,0.0997,-9.2%,10%,0.0%,高寒草甸,基本稳定,22400.0,sample,true,true,modis,modis-tpdc-remote-2020-2024,MODIS_TPDC_REMOTE_2020_2024,false
yushu-chengduo,2022-05-15,0.147,-22.9%,15%,0.0%,高寒草甸,基本稳定,22400.0,sample,true,true,modis,modis-tpdc-remote-2020-2024,MODIS_TPDC_REMOTE_2020_2024,false
yushu-chengduo,2022-06-15,0.2717,+46.4%,27%,5.8%,高寒草甸,基本稳定,22400.0,sample,true,true,modis,modis-tpdc-remote-2020-2024,MODIS_TPDC_REMOTE_2020_2024,false
yushu-chengduo,2022-07-15,0.1997,-19.5%,20%,0.0%,高寒草甸,基本稳定,22400.0,sample,true,true,modis,modis-tpdc-remote-2020-2024,MODIS_TPDC_REMOTE_2020_2024,false
yushu-chengduo,2022-08-15,0.1975,+1.5%,20%,0.0%,高寒草甸,基本稳定,22400.0,sample,true,true,modis,modis-tpdc-remote-2020-2024,MODIS_TPDC_REMOTE_2020_2024,false
yushu-chengduo,2022-09-15,0.2376,+15.2%,24%,4.8%,高寒草甸,基本稳定,22400.0,sample,true,true,modis,modis-tpdc-remote-2020-2024,MODIS_TPDC_REMOTE_2020_2024,false
yushu-chengduo,2022-10-15,0.126,+6.6%,13%,0.0%,高寒草甸,基本稳定,22400.0,sample,true,true,modis,modis-tpdc-remote-2020-2024,MODIS_TPDC_REMOTE_2020_2024,false
yushu-chengduo,2022-11-15,0.0985,-23.0%,10%,1.6%,高寒草甸,基本稳定,22400.0,sample,true,true,modis,modis-tpdc-remote-2020-2024,MODIS_TPDC_REMOTE_2020_2024,false
yushu-chengduo,2022-12-15,0.0972,-1.1%,10%,0.0%,高寒草甸,基本稳定,22400.0,sample,true,true,modis,modis-tpdc-remote-2020-2024,MODIS_TPDC_REMOTE_2020_2024,false
yushu-chengduo,2023-01-15,0.0731,-11.7%,7%,1.5%,高寒草甸,基本稳定,22400.0,sample,true,true,modis,modis-tpdc-remote-2020-2024,MODIS_TPDC_REMOTE_2020_2024,false
yushu-chengduo,2023-02-15,0.0713,-25.3%,7%,5.6%,高寒草甸,基本稳定,22400.0,sample,true,true,modis,modis-tpdc-remote-2020-2024,MODIS_TPDC_REMOTE_2020_2024,false
yushu-chengduo,2023-03-15,0.0588,-35.2%,6%,5.4%,高寒草甸,基本稳定,22400.0,sample,true,true,modis,modis-tpdc-remote-2020-2024,MODIS_TPDC_REMOTE_2020_2024,false
yushu-chengduo,2023-04-15,0.0791,-20.6%,8%,0.9%,高寒草甸,基本稳定,22400.0,sample,true,true,modis,modis-tpdc-remote-2020-2024,MODIS_TPDC_REMOTE_2020_2024,false
yushu-chengduo,2023-05-15,0.1685,+14.6%,17%,2.8%,高寒草甸,基本稳定,22400.0,sample,true,true,modis,modis-tpdc-remote-2020-2024,MODIS_TPDC_REMOTE_2020_2024,false
yushu-chengduo,2023-06-15,0.2285,-15.9%,23%,0.0%,高寒草甸,基本稳定,22400.0,sample,true,true,modis,modis-tpdc-remote-2020-2024,MODIS_TPDC_REMOTE_2020_2024,false
yushu-chengduo,2023-07-15,0.2613,+30.9%,26%,0.0%,高寒草甸,基本稳定,22400.0,sample,true,true,modis,modis-tpdc-remote-2020-2024,MODIS_TPDC_REMOTE_2020_2024,false
yushu-chengduo,2023-08-15,0.2991,+51.4%,30%,0.0%,高寒草甸,基本稳定,22400.0,sample,true,true,modis,modis-tpdc-remote-2020-2024,MODIS_TPDC_REMOTE_2020_2024,false
yushu-chengduo,2023-09-15,0.2143,-9.8%,21%,0.0%,高寒草甸,基本稳定,22400.0,sample,true,true,modis,modis-tpdc-remote-2020-2024,MODIS_TPDC_REMOTE_2020_2024,false
yushu-chengduo,2023-10-15,0.1532,+21.6%,15%,3.1%,高寒草甸,基本稳定,22400.0,sample,true,true,modis,modis-tpdc-remote-2020-2024,MODIS_TPDC_REMOTE_2020_2024,false
yushu-chengduo,2023-11-15,0.1577,+60.1%,16%,0.0%,高寒草甸,基本稳定,22400.0,sample,true,true,modis,modis-tpdc-remote-2020-2024,MODIS_TPDC_REMOTE_2020_2024,false
yushu-chengduo,2023-12-15,0.0721,-25.8%,7%,0.0%,高寒草甸,基本稳定,22400.0,sample,true,true,modis,modis-tpdc-remote-2020-2024,MODIS_TPDC_REMOTE_2020_2024,false
yushu-chengduo,2024-01-15,0.0832,+13.7%,8%,0.0%,高寒草甸,基本稳定,22400.0,sample,true,true,modis,modis-tpdc-remote-2020-2024,MODIS_TPDC_REMOTE_2020_2024,false
yushu-chengduo,2024-02-15,0.0796,+11.6%,8%,6.2%,高寒草甸,基本稳定,22400.0,sample,true,true,modis,modis-tpdc-remote-2020-2024,MODIS_TPDC_REMOTE_2020_2024,false
yushu-chengduo,2024-03-15,0.0829,+41.0%,8%,0.0%,高寒草甸,基本稳定,22400.0,sample,true,true,modis,modis-tpdc-remote-2020-2024,MODIS_TPDC_REMOTE_2020_2024,false
yushu-chengduo,2024-04-15,0.1024,+29.5%,10%,0.0%,高寒草甸,基本稳定,22400.0,sample,true,true,modis,modis-tpdc-remote-2020-2024,MODIS_TPDC_REMOTE_2020_2024,false
yushu-chengduo,2024-05-15,0.1557,-7.5%,16%,0.0%,高寒草甸,基本稳定,22400.0,sample,true,true,modis,modis-tpdc-remote-2020-2024,MODIS_TPDC_REMOTE_2020_2024,false
yushu-chengduo,2024-06-15,0.2017,-11.7%,20%,0.0%,高寒草甸,基本稳定,22400.0,sample,true,true,modis,modis-tpdc-remote-2020-2024,MODIS_TPDC_REMOTE_2020_2024,false
yushu-chengduo,2024-07-15,0.1836,-29.8%,18%,0.0%,高寒草甸,基本稳定,22400.0,sample,true,true,modis,modis-tpdc-remote-2020-2024,MODIS_TPDC_REMOTE_2020_2024,false
yushu-chengduo,2024-08-15,0.2179,-27.1%,22%,0.0%,高寒草甸,基本稳定,22400.0,sample,true,true,modis,modis-tpdc-remote-2020-2024,MODIS_TPDC_REMOTE_2020_2024,false
yushu-chengduo,2024-09-15,0.199,-7.2%,20%,0.0%,高寒草甸,基本稳定,22400.0,sample,true,true,modis,modis-tpdc-remote-2020-2024,MODIS_TPDC_REMOTE_2020_2024,false
yushu-chengduo,2024-10-15,0.1413,-7.8%,14%,0.0%,高寒草甸,基本稳定,22400.0,sample,true,true,modis,modis-tpdc-remote-2020-2024,MODIS_TPDC_REMOTE_2020_2024,false
yushu-chengduo,2024-11-15,0.0708,-55.1%,7%,0.0%,高寒草甸,基本稳定,22400.0,sample,true,true,modis,modis-tpdc-remote-2020-2024,MODIS_TPDC_REMOTE_2020_2024,false
yushu-chengduo,2024-12-15,0.1006,+39.5%,10%,6.7%,高寒草甸,基本稳定,22400.0,sample,true,true,modis,modis-tpdc-remote-2020-2024,MODIS_TPDC_REMOTE_2020_2024,false
yushu-zaduo,2020-01-15,0.1036,0%,10%,24.4%,高寒草甸,重度退化,19800.0,sample,true,true,modis,modis-tpdc-remote-2020-2024,MODIS_TPDC_REMOTE_2020_2024,false
yushu-zaduo,2020-02-15,0.2863,0%,29%,6.8%,高寒草甸,重度退化,19800.0,sample,true,true,modis,modis-tpdc-remote-2020-2024,MODIS_TPDC_REMOTE_2020_2024,false
yushu-zaduo,2020-03-15,0.1641,0%,16%,0.0%,高寒草甸,重度退化,19800.0,sample,true,true,modis,modis-tpdc-remote-2020-2024,MODIS_TPDC_REMOTE_2020_2024,false
yushu-zaduo,2020-04-15,0.1643,0%,16%,0.0%,高寒草甸,重度退化,19800.0,sample,true,true,modis,modis-tpdc-remote-2020-2024,MODIS_TPDC_REMOTE_2020_2024,false
yushu-zaduo,2020-05-15,0.2274,0%,23%,0.0%,高寒草甸,重度退化,19800.0,sample,true,true,modis,modis-tpdc-remote-2020-2024,MODIS_TPDC_REMOTE_2020_2024,false
yushu-zaduo,2020-06-15,0.2864,0%,29%,0.0%,高寒草甸,重度退化,19800.0,sample,true,true,modis,modis-tpdc-remote-2020-2024,MODIS_TPDC_REMOTE_2020_2024,false
yushu-zaduo,2020-07-15,0.3765,0%,38%,0.0%,高寒草甸,重度退化,19800.0,sample,true,true,modis,modis-tpdc-remote-2020-2024,MODIS_TPDC_REMOTE_2020_2024,false
yushu-zaduo,2020-08-15,0.3357,0%,34%,0.0%,高寒草甸,重度退化,19800.0,sample,true,true,modis,modis-tpdc-remote-2020-2024,MODIS_TPDC_REMOTE_2020_2024,false
yushu-zaduo,2020-09-15,0.2487,0%,25%,0.0%,高寒草甸,重度退化,19800.0,sample,true,true,modis,modis-tpdc-remote-2020-2024,MODIS_TPDC_REMOTE_2020_2024,false
yushu-zaduo,2020-10-15,0.2286,0%,23%,0.0%,高寒草甸,重度退化,19800.0,sample,true,true,modis,modis-tpdc-remote-2020-2024,MODIS_TPDC_REMOTE_2020_2024,false
yushu-zaduo,2020-11-15,0.1912,0%,19%,0.0%,高寒草甸,重度退化,19800.0,sample,true,true,modis,modis-tpdc-remote-2020-2024,MODIS_TPDC_REMOTE_2020_2024,false
yushu-zaduo,2020-12-15,0.1466,0%,15%,0.0%,高寒草甸,重度退化,19800.0,sample,true,true,modis,modis-tpdc-remote-2020-2024,MODIS_TPDC_REMOTE_2020_2024,false
yushu-zaduo,2021-01-15,0.1392,+34.4%,14%,0.0%,高寒草甸,重度退化,19800.0,sample,true,true,modis,modis-tpdc-remote-2020-2024,MODIS_TPDC_REMOTE_2020_2024,false
yushu-zaduo,2021-02-15,0.1382,-51.7%,14%,0.0%,高寒草甸,重度退化,19800.0,sample,true,true,modis,modis-tpdc-remote-2020-2024,MODIS_TPDC_REMOTE_2020_2024,false
yushu-zaduo,2021-03-15,0.1658,+1.1%,17%,0.0%,高寒草甸,重度退化,19800.0,sample,true,true,modis,modis-tpdc-remote-2020-2024,MODIS_TPDC_REMOTE_2020_2024,false
yushu-zaduo,2021-04-15,0.1475,-10.3%,15%,0.0%,高寒草甸,重度退化,19800.0,sample,true,true,modis,modis-tpdc-remote-2020-2024,MODIS_TPDC_REMOTE_2020_2024,false
yushu-zaduo,2021-05-15,0.2633,+15.8%,26%,0.0%,高寒草甸,重度退化,19800.0,sample,true,true,modis,modis-tpdc-remote-2020-2024,MODIS_TPDC_REMOTE_2020_2024,false
yushu-zaduo,2021-06-15,0.2863,-0.0%,29%,0.0%,高寒草甸,重度退化,19800.0,sample,true,true,modis,modis-tpdc-remote-2020-2024,MODIS_TPDC_REMOTE_2020_2024,false
yushu-zaduo,2021-07-15,0.3482,-7.5%,35%,0.0%,高寒草甸,重度退化,19800.0,sample,true,true,modis,modis-tpdc-remote-2020-2024,MODIS_TPDC_REMOTE_2020_2024,false
yushu-zaduo,2021-08-15,0.433,+29.0%,43%,0.0%,高寒草甸,重度退化,19800.0,sample,true,true,modis,modis-tpdc-remote-2020-2024,MODIS_TPDC_REMOTE_2020_2024,false
yushu-zaduo,2021-09-15,0.3593,+44.4%,36%,0.0%,高寒草甸,重度退化,19800.0,sample,true,true,modis,modis-tpdc-remote-2020-2024,MODIS_TPDC_REMOTE_2020_2024,false
yushu-zaduo,2021-10-15,0.1924,-15.8%,19%,0.0%,高寒草甸,重度退化,19800.0,sample,true,true,modis,modis-tpdc-remote-2020-2024,MODIS_TPDC_REMOTE_2020_2024,false
yushu-zaduo,2021-11-15,0.1886,-1.4%,19%,2.2%,高寒草甸,重度退化,19800.0,sample,true,true,modis,modis-tpdc-remote-2020-2024,MODIS_TPDC_REMOTE_2020_2024,false
yushu-zaduo,2021-12-15,0.171,+16.7%,17%,0.0%,高寒草甸,重度退化,19800.0,sample,true,true,modis,modis-tpdc-remote-2020-2024,MODIS_TPDC_REMOTE_2020_2024,false
yushu-zaduo,2022-01-15,0.131,-5.9%,13%,5.2%,高寒草甸,重度退化,19800.0,sample,true,true,modis,modis-tpdc-remote-2020-2024,MODIS_TPDC_REMOTE_2020_2024,false
yushu-zaduo,2022-02-15,0.1654,+19.7%,17%,4.6%,高寒草甸,重度退化,19800.0,sample,true,true,modis,modis-tpdc-remote-2020-2024,MODIS_TPDC_REMOTE_2020_2024,false
yushu-zaduo,2022-03-15,0.1489,-10.2%,15%,0.7%,高寒草甸,重度退化,19800.0,sample,true,true,modis,modis-tpdc-remote-2020-2024,MODIS_TPDC_REMOTE_2020_2024,false
yushu-zaduo,2022-04-15,0.1883,+27.7%,19%,0.0%,高寒草甸,重度退化,19800.0,sample,true,true,modis,modis-tpdc-remote-2020-2024,MODIS_TPDC_REMOTE_2020_2024,false
yushu-zaduo,2022-05-15,0.1982,-24.7%,20%,0.0%,高寒草甸,重度退化,19800.0,sample,true,true,modis,modis-tpdc-remote-2020-2024,MODIS_TPDC_REMOTE_2020_2024,false
yushu-zaduo,2022-06-15,0.3828,+33.7%,38%,0.0%,高寒草甸,重度退化,19800.0,sample,true,true,modis,modis-tpdc-remote-2020-2024,MODIS_TPDC_REMOTE_2020_2024,false
yushu-zaduo,2022-07-15,0.3775,+8.4%,38%,0.0%,高寒草甸,重度退化,19800.0,sample,true,true,modis,modis-tpdc-remote-2020-2024,MODIS_TPDC_REMOTE_2020_2024,false
yushu-zaduo,2022-08-15,0.296,-31.6%,30%,0.0%,高寒草甸,重度退化,19800.0,sample,true,true,modis,modis-tpdc-remote-2020-2024,MODIS_TPDC_REMOTE_2020_2024,false
yushu-zaduo,2022-09-15,0.2868,-20.2%,29%,0.0%,高寒草甸,重度退化,19800.0,sample,true,true,modis,modis-tpdc-remote-2020-2024,MODIS_TPDC_REMOTE_2020_2024,false
yushu-zaduo,2022-10-15,0.2506,+30.2%,25%,0.0%,高寒草甸,重度退化,19800.0,sample,true,true,modis,modis-tpdc-remote-2020-2024,MODIS_TPDC_REMOTE_2020_2024,false
yushu-zaduo,2022-11-15,0.1803,-4.4%,18%,0.0%,高寒草甸,重度退化,19800.0,sample,true,true,modis,modis-tpdc-remote-2020-2024,MODIS_TPDC_REMOTE_2020_2024,false
yushu-zaduo,2022-12-15,0.1365,-20.2%,14%,0.0%,高寒草甸,重度退化,19800.0,sample,true,true,modis,modis-tpdc-remote-2020-2024,MODIS_TPDC_REMOTE_2020_2024,false
yushu-zaduo,2023-01-15,0.1499,+14.4%,15%,0.0%,高寒草甸,重度退化,19800.0,sample,true,true,modis,modis-tpdc-remote-2020-2024,MODIS_TPDC_REMOTE_2020_2024,false
yushu-zaduo,2023-02-15,0.1625,-1.8%,16%,0.0%,高寒草甸,重度退化,19800.0,sample,true,true,modis,modis-tpdc-remote-2020-2024,MODIS_TPDC_REMOTE_2020_2024,false
yushu-zaduo,2023-03-15,0.1051,-29.4%,11%,1.6%,高寒草甸,重度退化,19800.0,sample,true,true,modis,modis-tpdc-remote-2020-2024,MODIS_TPDC_REMOTE_2020_2024,false
yushu-zaduo,2023-04-15,0.1474,-21.7%,15%,0.0%,高寒草甸,重度退化,19800.0,sample,true,true,modis,modis-tpdc-remote-2020-2024,MODIS_TPDC_REMOTE_2020_2024,false
yushu-zaduo,2023-05-15,0.2293,+15.7%,23%,0.0%,高寒草甸,重度退化,19800.0,sample,true,true,modis,modis-tpdc-remote-2020-2024,MODIS_TPDC_REMOTE_2020_2024,false
yushu-zaduo,2023-06-15,0.3722,-2.8%,37%,0.0%,高寒草甸,重度退化,19800.0,sample,true,true,modis,modis-tpdc-remote-2020-2024,MODIS_TPDC_REMOTE_2020_2024,false
yushu-zaduo,2023-07-15,0.3757,-0.5%,38%,0.0%,高寒草甸,重度退化,19800.0,sample,true,true,modis,modis-tpdc-remote-2020-2024,MODIS_TPDC_REMOTE_2020_2024,false
yushu-zaduo,2023-08-15,0.3155,+6.6%,32%,0.0%,高寒草甸,重度退化,19800.0,sample,true,true,modis,modis-tpdc-remote-2020-2024,MODIS_TPDC_REMOTE_2020_2024,false
yushu-zaduo,2023-09-15,0.3008,+4.9%,30%,0.0%,高寒草甸,重度退化,19800.0,sample,true,true,modis,modis-tpdc-remote-2020-2024,MODIS_TPDC_REMOTE_2020_2024,false
yushu-zaduo,2023-10-15,0.1943,-22.5%,19%,0.0%,高寒草甸,重度退化,19800.0,sample,true,true,modis,modis-tpdc-remote-2020-2024,MODIS_TPDC_REMOTE_2020_2024,false
yushu-zaduo,2023-11-15,0.2141,+18.7%,21%,2.1%,高寒草甸,重度退化,19800.0,sample,true,true,modis,modis-tpdc-remote-2020-2024,MODIS_TPDC_REMOTE_2020_2024,false
yushu-zaduo,2023-12-15,0.1721,+26.2%,17%,3.7%,高寒草甸,重度退化,19800.0,sample,true,true,modis,modis-tpdc-remote-2020-2024,MODIS_TPDC_REMOTE_2020_2024,false
yushu-zaduo,2024-01-15,0.2619,+74.7%,26%,4.6%,高寒草甸,重度退化,19800.0,sample,true,true,modis,modis-tpdc-remote-2020-2024,MODIS_TPDC_REMOTE_2020_2024,false
yushu-zaduo,2024-02-15,0.1818,+11.9%,18%,2.3%,高寒草甸,重度退化,19800.0,sample,true,true,modis,modis-tpdc-remote-2020-2024,MODIS_TPDC_REMOTE_2020_2024,false
yushu-zaduo,2024-03-15,0.1368,+30.2%,14%,0.0%,高寒草甸,重度退化,19800.0,sample,true,true,modis,modis-tpdc-remote-2020-2024,MODIS_TPDC_REMOTE_2020_2024,false
yushu-zaduo,2024-04-15,0.142,-3.7%,14%,0.0%,高寒草甸,重度退化,19800.0,sample,true,true,modis,modis-tpdc-remote-2020-2024,MODIS_TPDC_REMOTE_2020_2024,false
yushu-zaduo,2024-05-15,0.2429,+5.9%,24%,0.0%,高寒草甸,重度退化,19800.0,sample,true,true,modis,modis-tpdc-remote-2020-2024,MODIS_TPDC_REMOTE_2020_2024,false
yushu-zaduo,2024-06-15,0.3696,-0.7%,37%,0.0%,高寒草甸,重度退化,19800.0,sample,true,true,modis,modis-tpdc-remote-2020-2024,MODIS_TPDC_REMOTE_2020_2024,false
yushu-zaduo,2024-07-15,0.4644,+23.6%,46%,0.0%,高寒草甸,重度退化,19800.0,sample,true,true,modis,modis-tpdc-remote-2020-2024,MODIS_TPDC_REMOTE_2020_2024,false
yushu-zaduo,2024-08-15,0.2969,-5.9%,30%,0.0%,高寒草甸,重度退化,19800.0,sample,true,true,modis,modis-tpdc-remote-2020-2024,MODIS_TPDC_REMOTE_2020_2024,false
yushu-zaduo,2024-09-15,0.26,-13.6%,26%,0.0%,高寒草甸,重度退化,19800.0,sample,true,true,modis,modis-tpdc-remote-2020-2024,MODIS_TPDC_REMOTE_2020_2024,false
yushu-zaduo,2024-10-15,0.223,+14.8%,22%,0.0%,高寒草甸,重度退化,19800.0,sample,true,true,modis,modis-tpdc-remote-2020-2024,MODIS_TPDC_REMOTE_2020_2024,false
yushu-zaduo,2024-11-15,0.1819,-15.0%,18%,2.4%,高寒草甸,重度退化,19800.0,sample,true,true,modis,modis-tpdc-remote-2020-2024,MODIS_TPDC_REMOTE_2020_2024,false
yushu-zaduo,2024-12-15,0.1807,+4.9%,18%,0.9%,高寒草甸,重度退化,19800.0,sample,true,true,modis,modis-tpdc-remote-2020-2024,MODIS_TPDC_REMOTE_2020_2024,false
