region_id,station,observed_at,temperature_c,precipitation_mm_24h,wind_speed_mps,snow_depth_cm,cold_wave_risk,snowstorm_risk,drought_risk,data_source,source_id,dataset_name,is_sample,imported_at,n_grid_cells
naqu-bange,CMFD_regional_naqu-bange,2015-01-01 00:00,-13.3,5.6,3.4,0,高,低,中,tpdc,cmfd-regional-v0106,CMFD_V0106_regional,False,2026-06-28T16:29:29.309298+00:00,529
naqu-seni,CMFD_regional_naqu-seni,2015-01-01 00:00,-14.4,7.8,2.3,0,高,低,中,tpdc,cmfd-regional-v0106,CMFD_V0106_regional,False,2026-06-28T16:29:29.309701+00:00,280
naqu-nierong,CMFD_regional_naqu-nierong,2015-01-01 00:00,-16.4,5.9,2.6,0,高,低,中,tpdc,cmfd-regional-v0106,CMFD_V0106_regional,False,2026-06-28T16:29:29.309891+00:00,187
naqu-anduo,CMFD_regional_naqu-anduo,2015-01-01 00:00,-19.2,3.9,4.0,0,高,低,高,tpdc,cmfd-regional-v0106,CMFD_V0106_regional,False,2026-06-28T16:29:29.310157+00:00,1872
naqu-shenzha,CMFD_regional_naqu-shenzha,2015-01-01 00:00,-14.6,5.6,3.5,0,高,低,中,tpdc,cmfd-regional-v0106,CMFD_V0106_regional,False,2026-06-28T16:29:29.310321+00:00,440
changdu-karuo,CMFD_regional_changdu-karuo,2015-01-01 00:00,-9.6,4.2,1.6,0,中,低,高,tpdc,cmfd-regional-v0106,CMFD_V0106_regional,False,2026-06-28T16:29:29.310465+00:00,208
changdu-luolong,CMFD_regional_changdu-luolong,2015-01-01 00:00,-10.5,5.9,2.8,0,高,低,中,tpdc,cmfd-regional-v0106,CMFD_V0106_regional,False,2026-06-28T16:29:29.310592+00:00,140
changdu-leiwuqi,CMFD_regional_changdu-leiwuqi,2015-01-01 00:00,-10.3,3.9,2.0,0,高,低,高,tpdc,cmfd-regional-v0106,CMFD_V0106_regional,False,2026-06-28T16:29:29.310727+00:00,120
changdu-jiangda,CMFD_regional_changdu-jiangda,2015-01-01 00:00,-10.1,3.1,1.6,0,高,低,高,tpdc,cmfd-regional-v0106,CMFD_V0106_regional,False,2026-06-28T16:29:29.310874+00:00,256
rikaze-xietongmen,CMFD_regional_rikaze-xietongmen,2015-01-01 00:00,-12.1,4.1,2.6,0,高,低,高,tpdc,cmfd-regional-v0106,CMFD_V0106_regional,False,2026-06-28T16:29:29.311022+00:00,209
rikaze-jiangzi,CMFD_regional_rikaze-jiangzi,2015-01-01 00:00,-9.2,1.3,3.1,0,中,低,高,tpdc,cmfd-regional-v0106,CMFD_V0106_regional,False,2026-06-28T16:29:29.311158+00:00,77
rikaze-kangma,CMFD_regional_rikaze-kangma,2015-01-01 00:00,-11.0,1.4,3.8,0,高,低,高,tpdc,cmfd-regional-v0106,CMFD_V0106_regional,False,2026-06-28T16:29:29.311287+00:00,84
rikaze-zhongba,CMFD_regional_rikaze-zhongba,2015-01-01 00:00,-17.7,54.9,3.5,0,高,高,低,tpdc,cmfd-regional-v0106,CMFD_V0106_regional,False,2026-06-28T16:29:29.311494+00:00,702
shannan-cuona,CMFD_regional_shannan-cuona,2015-01-01 00:00,1.1,20.4,1.8,0,低,低,低,tpdc,cmfd-regional-v0106,CMFD_V0106_regional,False,2026-06-28T16:29:29.311678+00:00,480
ali-gaize,CMFD_regional_ali-gaize,2015-01-01 00:00,-22.4,8.8,3.2,0,高,低,中,tpdc,cmfd-regional-v0106,CMFD_V0106_regional,False,2026-06-28T16:29:29.311927+00:00,1892
yushu-chengduo,CMFD_regional_yushu-chengduo,2015-01-01 00:00,-14.7,10.6,2.6,0,高,低,中,tpdc,cmfd-regional-v0106,CMFD_V0106_regional,False,2026-06-28T16:29:29.312063+00:00,323
yushu-zaduo,CMFD_regional_yushu-zaduo,2015-01-01 00:00,-16.0,5.2,2.6,0,高,低,中,tpdc,cmfd-regional-v0106,CMFD_V0106_regional,False,2026-06-28T16:29:29.312202+00:00,578
guoluo-maqin,CMFD_regional_guoluo-maqin,2015-01-01 00:00,-15.7,6.5,2.3,0,高,低,中,tpdc,cmfd-regional-v0106,CMFD_V0106_regional,False,2026-06-28T16:29:29.312331+00:00,352
guoluo-jiuzhi,CMFD_regional_guoluo-jiuzhi,2015-01-01 00:00,-13.9,14.3,2.4,0,高,低,中,tpdc,cmfd-regional-v0106,CMFD_V0106_regional,False,2026-06-28T16:29:29.312458+00:00,150
haibei-gangcha,CMFD_regional_haibei-gangcha,2015-01-01 00:00,-13.2,3.3,2.2,0,高,低,高,tpdc,cmfd-regional-v0106,CMFD_V0106_regional,False,2026-06-28T16:29:29.312593+00:00,144
huangnan-zeku,CMFD_regional_huangnan-zeku,2015-01-01 00:00,-13.3,12.4,1.7,0,高,低,中,tpdc,cmfd-regional-v0106,CMFD_V0106_regional,False,2026-06-28T16:29:29.312710+00:00,112
ganzi-shiqu,CMFD_regional_ganzi-shiqu,2015-01-01 00:00,-16.1,11.9,2.0,0,高,低,中,tpdc,cmfd-regional-v0106,CMFD_V0106_regional,False,2026-06-28T16:29:29.312850+00:00,380
ganzi-seda,CMFD_regional_ganzi-seda,2015-01-01 00:00,-12.4,4.2,2.2,0,高,低,高,tpdc,cmfd-regional-v0106,CMFD_V0106_regional,False,2026-06-28T16:29:29.312972+00:00,208
aba-hongyuan,CMFD_regional_aba-hongyuan,2015-01-01 00:00,-8.7,10.6,1.9,0,中,低,中,tpdc,cmfd-regional-v0106,CMFD_V0106_regional,False,2026-06-28T16:29:29.313090+00:00,196
gannan-luqu,CMFD_regional_gannan-luqu,2015-01-01 00:00,-10.5,13.4,1.8,0,高,低,中,tpdc,cmfd-regional-v0106,CMFD_V0106_regional,False,2026-06-28T16:29:29.313203+00:00,80
linzhi-bayi,CMFD_regional_linzhi-bayi,2015-01-01 00:00,-7.4,8.4,2.2,0,中,低,中,tpdc,cmfd-regional-v0106,CMFD_V0106_regional,False,2026-06-28T16:29:29.313312+00:00,144
naqu-bange,CMFD_regional_naqu-bange,2015-02-01 00:00,-9.0,3.0,4.1,0,中,低,高,tpdc,cmfd-regional-v0106,CMFD_V0106_regional,False,2026-06-28T16:29:29.328000+00:00,529
naqu-seni,CMFD_regional_naqu-seni,2015-02-01 00:00,-10.0,3.3,2.6,0,高,低,高,tpdc,cmfd-regional-v0106,CMFD_V0106_regional,False,2026-06-28T16:29:29.328265+00:00,280
naqu-nierong,CMFD_regional_naqu-nierong,2015-02-01 00:00,-10.7,1.6,3.4,0,高,低,高,tpdc,cmfd-regional-v0106,CMFD_V0106_regional,False,2026-06-28T16:29:29.328495+00:00,187
naqu-anduo,CMFD_regional_naqu-anduo,2015-02-01 00:00,-13.8,2.1,4.9,0,高,低,高,tpdc,cmfd-regional-v0106,CMFD_V0106_regional,False,2026-06-28T16:29:29.328839+00:00,1872
naqu-shenzha,CMFD_regional_naqu-shenzha,2015-02-01 00:00,-9.9,1.7,4.2,0,中,低,高,tpdc,cmfd-regional-v0106,CMFD_V0106_regional,False,2026-06-28T16:29:29.329087+00:00,440
changdu-karuo,CMFD_regional_changdu-karuo,2015-02-01 00:00,-6.0,2.5,1.8,0,中,低,高,tpdc,cmfd-regional-v0106,CMFD_V0106_regional,False,2026-06-28T16:29:29.329314+00:00,208
changdu-luolong,CMFD_regional_changdu-luolong,2015-02-01 00:00,-8.8,6.7,2.6,0,中,低,中,tpdc,cmfd-regional-v0106,CMFD_V0106_regional,False,2026-06-28T16:29:29.329508+00:00,140
changdu-leiwuqi,CMFD_regional_changdu-leiwuqi,2015-02-01 00:00,-5.6,2.5,2.3,0,中,低,高,tpdc,cmfd-regional-v0106,CMFD_V0106_regional,False,2026-06-28T16:29:29.329698+00:00,120
changdu-jiangda,CMFD_regional_changdu-jiangda,2015-02-01 00:00,-6.8,2.2,1.7,0,中,低,高,tpdc,cmfd-regional-v0106,CMFD_V0106_regional,False,2026-06-28T16:29:29.329909+00:00,256
rikaze-xietongmen,CMFD_regional_rikaze-xietongmen,2015-02-01 00:00,-9.0,1.9,2.8,0,中,低,高,tpdc,cmfd-regional-v0106,CMFD_V0106_regional,False,2026-06-28T16:29:29.330118+00:00,209
rikaze-jiangzi,CMFD_regional_rikaze-jiangzi,2015-02-01 00:00,-6.4,3.5,2.8,0,中,低,高,tpdc,cmfd-regional-v0106,CMFD_V0106_regional,False,2026-06-28T16:29:29.330364+00:00,77
rikaze-kangma,CMFD_regional_rikaze-kangma,2015-02-01 00:00,-8.5,5.0,3.2,0,中,低,高,tpdc,cmfd-regional-v0106,CMFD_V0106_regional,False,2026-06-28T16:29:29.330488+00:00,84
rikaze-zhongba,CMFD_regional_rikaze-zhongba,2015-02-01 00:00,-15.4,35.2,3.3,0,高,中,低,tpdc,cmfd-regional-v0106,CMFD_V0106_regional,False,2026-06-28T16:29:29.330618+00:00,702
shannan-cuona,CMFD_regional_shannan-cuona,2015-02-01 00:00,2.3,15.8,1.5,0,低,低,中,tpdc,cmfd-regional-v0106,CMFD_V0106_regional,False,2026-06-28T16:29:29.330737+00:00,480
ali-gaize,CMFD_regional_ali-gaize,2015-02-01 00:00,-15.0,9.2,4.2,0,高,低,中,tpdc,cmfd-regional-v0106,CMFD_V0106_regional,False,2026-06-28T16:29:29.330860+00:00,1892
yushu-chengduo,CMFD_regional_yushu-chengduo,2015-02-01 00:00,-10.8,2.0,3.4,0,高,低,高,tpdc,cmfd-regional-v0106,CMFD_V0106_regional,False,2026-06-28T16:29:29.330944+00:00,323
yushu-zaduo,CMFD_regional_yushu-zaduo,2015-02-01 00:00,-10.8,1.6,3.1,0,高,低,高,tpdc,cmfd-regional-v0106,CMFD_V0106_regional,False,2026-06-28T16:29:29.331037+00:00,578
guoluo-maqin,CMFD_regional_guoluo-maqin,2015-02-01 00:00,-9.9,1.7,2.5,0,中,低,高,tpdc,cmfd-regional-v0106,CMFD_V0106_regional,False,2026-06-28T16:29:29.331114+00:00,352
guoluo-jiuzhi,CMFD_regional_guoluo-jiuzhi,2015-02-01 00:00,-8.3,1.7,2.8,0,中,低,高,tpdc,cmfd-regional-v0106,CMFD_V0106_regional,False,2026-06-28T16:29:29.331181+00:00,150
haibei-gangcha,CMFD_regional_haibei-gangcha,2015-02-01 00:00,-10.2,2.0,3.0,0,高,低,高,tpdc,cmfd-regional-v0106,CMFD_V0106_regional,False,2026-06-28T16:29:29.331251+00:00,144
huangnan-zeku,CMFD_regional_huangnan-zeku,2015-02-01 00:00,-8.5,1.5,2.4,0,中,低,高,tpdc,cmfd-regional-v0106,CMFD_V0106_regional,False,2026-06-28T16:29:29.331334+00:00,112
ganzi-shiqu,CMFD_regional_ganzi-shiqu,2015-02-01 00:00,-11.4,1.9,2.6,0,高,低,高,tpdc,cmfd-regional-v0106,CMFD_V0106_regional,False,2026-06-28T16:29:29.331424+00:00,380
ganzi-seda,CMFD_regional_ganzi-seda,2015-02-01 00:00,-8.6,0.9,2.5,0,中,低,高,tpdc,cmfd-regional-v0106,CMFD_V0106_regional,False,2026-06-28T16:29:29.331495+00:00,208
aba-hongyuan,CMFD_regional_aba-hongyuan,2015-02-01 00:00,-4.5,1.3,2.3,0,中,低,高,tpdc,cmfd-regional-v0106,CMFD_V0106_regional,False,2026-06-28T16:29:29.331560+00:00,196
gannan-luqu,CMFD_regional_gannan-luqu,2015-02-01 00:00,-5.7,3.1,2.5,0,中,低,高,tpdc,cmfd-regional-v0106,CMFD_V0106_regional,False,2026-06-28T16:29:29.331627+00:00,80
linzhi-bayi,CMFD_regional_linzhi-bayi,2015-02-01 00:00,-5.4,8.1,2.2,0,中,低,中,tpdc,cmfd-regional-v0106,CMFD_V0106_regional,False,2026-06-28T16:29:29.331693+00:00,144
naqu-bange,CMFD_regional_naqu-bange,2015-03-01 00:00,-4.2,4.7,4.3,0,中,低,高,tpdc,cmfd-regional-v0106,CMFD_V0106_regional,False,2026-06-28T16:29:29.341988+00:00,529
naqu-seni,CMFD_regional_naqu-seni,2015-03-01 00:00,-4.5,5.7,3.0,0,中,低,中,tpdc,cmfd-regional-v0106,CMFD_V0106_regional,False,2026-06-28T16:29:29.342102+00:00,280
naqu-nierong,CMFD_regional_naqu-nierong,2015-03-01 00:00,-6.5,5.4,3.8,0,中,低,中,tpdc,cmfd-regional-v0106,CMFD_V0106_regional,False,2026-06-28T16:29:29.342175+00:00,187
naqu-anduo,CMFD_regional_naqu-anduo,2015-03-01 00:00,-10.0,4.1,4.6,0,高,低,高,tpdc,cmfd-regional-v0106,CMFD_V0106_regional,False,2026-06-28T16:29:29.342298+00:00,1872
naqu-shenzha,CMFD_regional_naqu-shenzha,2015-03-01 00:00,-5.6,6.1,4.7,0,中,低,中,tpdc,cmfd-regional-v0106,CMFD_V0106_regional,False,2026-06-28T16:29:29.342372+00:00,440
changdu-karuo,CMFD_regional_changdu-karuo,2015-03-01 00:00,-0.8,10.1,2.0,0,中,低,中,tpdc,cmfd-regional-v0106,CMFD_V0106_regional,False,2026-06-28T16:29:29.342454+00:00,208
changdu-luolong,CMFD_regional_changdu-luolong,2015-03-01 00:00,-3.7,27.8,3.0,0,中,中,低,tpdc,cmfd-regional-v0106,CMFD_V0106_regional,False,2026-06-28T16:29:29.342518+00:00,140
changdu-leiwuqi,CMFD_regional_changdu-leiwuqi,2015-03-01 00:00,-1.8,19.9,2.3,0,中,低,中,tpdc,cmfd-regional-v0106,CMFD_V0106_regional,False,2026-06-28T16:29:29.342578+00:00,120
changdu-jiangda,CMFD_regional_changdu-jiangda,2015-03-01 00:00,-1.4,6.5,1.9,0,中,低,中,tpdc,cmfd-regional-v0106,CMFD_V0106_regional,False,2026-06-28T16:29:29.342640+00:00,256
rikaze-xietongmen,CMFD_regional_rikaze-xietongmen,2015-03-01 00:00,-4.5,8.3,3.4,0,中,低,中,tpdc,cmfd-regional-v0106,CMFD_V0106_regional,False,2026-06-28T16:29:29.342706+00:00,209
rikaze-jiangzi,CMFD_regional_rikaze-jiangzi,2015-03-01 00:00,-1.2,5.9,3.5,0,中,低,中,tpdc,cmfd-regional-v0106,CMFD_V0106_regional,False,2026-06-28T16:29:29.342769+00:00,77
rikaze-kangma,CMFD_regional_rikaze-kangma,2015-03-01 00:00,-3.8,8.5,3.8,0,中,低,中,tpdc,cmfd-regional-v0106,CMFD_V0106_regional,False,2026-06-28T16:29:29.342833+00:00,84
rikaze-zhongba,CMFD_regional_rikaze-zhongba,2015-03-01 00:00,-11.1,44.7,3.8,0,高,中,低,tpdc,cmfd-regional-v0106,CMFD_V0106_regional,False,2026-06-28T16:29:29.342932+00:00,702
shannan-cuona,CMFD_regional_shannan-cuona,2015-03-01 00:00,6.5,21.8,1.7,0,低,低,低,tpdc,cmfd-regional-v0106,CMFD_V0106_regional,False,2026-06-28T16:29:29.343024+00:00,480
ali-gaize,CMFD_regional_ali-gaize,2015-03-01 00:00,-9.6,15.5,4.5,0,中,低,中,tpdc,cmfd-regional-v0106,CMFD_V0106_regional,False,2026-06-28T16:29:29.343149+00:00,1892
yushu-chengduo,CMFD_regional_yushu-chengduo,2015-03-01 00:00,-5.0,7.3,3.6,0,中,低,中,tpdc,cmfd-regional-v0106,CMFD_V0106_regional,False,2026-06-28T16:29:29.343228+00:00,323
yushu-zaduo,CMFD_regional_yushu-zaduo,2015-03-01 00:00,-5.6,5.3,3.6,0,中,低,中,tpdc,cmfd-regional-v0106,CMFD_V0106_regional,False,2026-06-28T16:29:29.343308+00:00,578
guoluo-maqin,CMFD_regional_guoluo-maqin,2015-03-01 00:00,-4.7,7.4,2.5,0,中,低,中,tpdc,cmfd-regional-v0106,CMFD_V0106_regional,False,2026-06-28T16:29:29.343378+00:00,352
guoluo-jiuzhi,CMFD_regional_guoluo-jiuzhi,2015-03-01 00:00,-3.2,19.5,2.5,0,中,低,中,tpdc,cmfd-regional-v0106,CMFD_V0106_regional,False,2026-06-28T16:29:29.343445+00:00,150
haibei-gangcha,CMFD_regional_haibei-gangcha,2015-03-01 00:00,-4.6,3.7,3.0,0,中,低,高,tpdc,cmfd-regional-v0106,CMFD_V0106_regional,False,2026-06-28T16:29:29.343545+00:00,144
huangnan-zeku,CMFD_regional_huangnan-zeku,2015-03-01 00:00,-3.0,4.8,2.2,0,中,低,高,tpdc,cmfd-regional-v0106,CMFD_V0106_regional,False,2026-06-28T16:29:29.343614+00:00,112
ganzi-shiqu,CMFD_regional_ganzi-shiqu,2015-03-01 00:00,-4.8,12.2,3.1,0,中,低,中,tpdc,cmfd-regional-v0106,CMFD_V0106_regional,False,2026-06-28T16:29:29.343689+00:00,380
ganzi-seda,CMFD_regional_ganzi-seda,2015-03-01 00:00,-3.1,11.7,2.5,0,中,低,中,tpdc,cmfd-regional-v0106,CMFD_V0106_regional,False,2026-06-28T16:29:29.343763+00:00,208
aba-hongyuan,CMFD_regional_aba-hongyuan,2015-03-01 00:00,0.7,18.1,2.4,0,低,低,中,tpdc,cmfd-regional-v0106,CMFD_V0106_regional,False,2026-06-28T16:29:29.343830+00:00,196
gannan-luqu,CMFD_regional_gannan-luqu,2015-03-01 00:00,-0.8,7.3,2.5,0,中,低,中,tpdc,cmfd-regional-v0106,CMFD_V0106_regional,False,2026-06-28T16:29:29.343905+00:00,80
linzhi-bayi,CMFD_regional_linzhi-bayi,2015-03-01 00:00,-1.0,21.4,2.5,0,中,中,低,tpdc,cmfd-regional-v0106,CMFD_V0106_regional,False,2026-06-28T16:29:29.343986+00:00,144
naqu-bange,CMFD_regional_naqu-bange,2015-04-01 00:00,-1.2,19.3,3.6,0,中,低,中,tpdc,cmfd-regional-v0106,CMFD_V0106_regional,False,2026-06-28T16:29:29.355585+00:00,529
naqu-seni,CMFD_regional_naqu-seni,2015-04-01 00:00,-2.1,28.0,2.6,0,中,中,低,tpdc,cmfd-regional-v0106,CMFD_V0106_regional,False,2026-06-28T16:29:29.355666+00:00,280
naqu-nierong,CMFD_regional_naqu-nierong,2015-04-01 00:00,-4.1,25.7,3.0,0,中,中,低,tpdc,cmfd-regional-v0106,CMFD_V0106_regional,False,2026-06-28T16:29:29.355735+00:00,187
naqu-anduo,CMFD_regional_naqu-anduo,2015-04-01 00:00,-6.5,15.3,3.6,0,中,低,中,tpdc,cmfd-regional-v0106,CMFD_V0106_regional,False,2026-06-28T16:29:29.355869+00:00,1872
naqu-shenzha,CMFD_regional_naqu-shenzha,2015-04-01 00:00,-1.7,20.6,4.1,0,中,中,低,tpdc,cmfd-regional-v0106,CMFD_V0106_regional,False,2026-06-28T16:29:29.355956+00:00,440
changdu-karuo,CMFD_regional_changdu-karuo,2015-04-01 00:00,1.2,32.3,1.9,0,低,低,低,tpdc,cmfd-regional-v0106,CMFD_V0106_regional,False,2026-06-28T16:29:29.356026+00:00,208
changdu-luolong,CMFD_regional_changdu-luolong,2015-04-01 00:00,-1.4,61.2,2.5,0,中,高,低,tpdc,cmfd-regional-v0106,CMFD_V0106_regional,False,2026-06-28T16:29:29.356088+00:00,140
changdu-leiwuqi,CMFD_regional_changdu-leiwuqi,2015-04-01 00:00,-0.1,40.5,2.1,0,中,中,低,tpdc,cmfd-regional-v0106,CMFD_V0106_regional,False,2026-06-28T16:29:29.356153+00:00,120
changdu-jiangda,CMFD_regional_changdu-jiangda,2015-04-01 00:00,0.5,27.0,1.9,0,低,低,低,tpdc,cmfd-regional-v0106,CMFD_V0106_regional,False,2026-06-28T16:29:29.356248+00:00,256
rikaze-xietongmen,CMFD_regional_rikaze-xietongmen,2015-04-01 00:00,-1.2,24.1,3.2,0,中,中,低,tpdc,cmfd-regional-v0106,CMFD_V0106_regional,False,2026-06-28T16:29:29.356338+00:00,209
rikaze-jiangzi,CMFD_regional_rikaze-jiangzi,2015-04-01 00:00,1.5,23.0,3.6,0,低,低,低,tpdc,cmfd-regional-v0106,CMFD_V0106_regional,False,2026-06-28T16:29:29.356406+00:00,77
rikaze-kangma,CMFD_regional_rikaze-kangma,2015-04-01 00:00,-0.9,23.7,4.0,0,中,中,低,tpdc,cmfd-regional-v0106,CMFD_V0106_regional,False,2026-06-28T16:29:29.356476+00:00,84
rikaze-zhongba,CMFD_regional_rikaze-zhongba,2015-04-01 00:00,-6.2,25.4,3.6,0,中,中,低,tpdc,cmfd-regional-v0106,CMFD_V0106_regional,False,2026-06-28T16:29:29.356592+00:00,702
shannan-cuona,CMFD_regional_shannan-cuona,2015-04-01 00:00,8.3,94.4,1.7,0,低,低,低,tpdc,cmfd-regional-v0106,CMFD_V0106_regional,False,2026-06-28T16:29:29.356695+00:00,480
ali-gaize,CMFD_regional_ali-gaize,2015-04-01 00:00,-5.7,10.3,3.8,0,中,低,中,tpdc,cmfd-regional-v0106,CMFD_V0106_regional,False,2026-06-28T16:29:29.356882+00:00,1892
yushu-chengduo,CMFD_regional_yushu-chengduo,2015-04-01 00:00,-3.1,29.5,3.1,0,中,中,低,tpdc,cmfd-regional-v0106,CMFD_V0106_regional,False,2026-06-28T16:29:29.356977+00:00,323
yushu-zaduo,CMFD_regional_yushu-zaduo,2015-04-01 00:00,-3.3,28.3,3.1,0,中,中,低,tpdc,cmfd-regional-v0106,CMFD_V0106_regional,False,2026-06-28T16:29:29.357129+00:00,578
guoluo-maqin,CMFD_regional_guoluo-maqin,2015-04-01 00:00,-1.7,23.8,2.4,0,中,中,低,tpdc,cmfd-regional-v0106,CMFD_V0106_regional,False,2026-06-28T16:29:29.357239+00:00,352
guoluo-jiuzhi,CMFD_regional_guoluo-jiuzhi,2015-04-01 00:00,0.0,31.8,2.2,0,低,低,低,tpdc,cmfd-regional-v0106,CMFD_V0106_regional,False,2026-06-28T16:29:29.357309+00:00,150
haibei-gangcha,CMFD_regional_haibei-gangcha,2015-04-01 00:00,-0.1,30.3,3.1,0,中,中,低,tpdc,cmfd-regional-v0106,CMFD_V0106_regional,False,2026-06-28T16:29:29.357377+00:00,144
huangnan-zeku,CMFD_regional_huangnan-zeku,2015-04-01 00:00,0.1,34.7,2.3,0,低,低,低,tpdc,cmfd-regional-v0106,CMFD_V0106_regional,False,2026-06-28T16:29:29.357439+00:00,112
ganzi-shiqu,CMFD_regional_ganzi-shiqu,2015-04-01 00:00,-2.3,33.6,2.9,0,中,中,低,tpdc,cmfd-regional-v0106,CMFD_V0106_regional,False,2026-06-28T16:29:29.357506+00:00,380
ganzi-seda,CMFD_regional_ganzi-seda,2015-04-01 00:00,-0.6,34.7,2.4,0,中,中,低,tpdc,cmfd-regional-v0106,CMFD_V0106_regional,False,2026-06-28T16:29:29.357575+00:00,208
aba-hongyuan,CMFD_regional_aba-hongyuan,2015-04-01 00:00,2.2,56.1,2.4,0,低,低,低,tpdc,cmfd-regional-v0106,CMFD_V0106_regional,False,2026-06-28T16:29:29.357642+00:00,196
gannan-luqu,CMFD_regional_gannan-luqu,2015-04-01 00:00,1.4,29.9,2.4,0,低,低,低,tpdc,cmfd-regional-v0106,CMFD_V0106_regional,False,2026-06-28T16:29:29.357709+00:00,80
linzhi-bayi,CMFD_regional_linzhi-bayi,2015-04-01 00:00,0.9,85.0,1.8,0,低,低,低,tpdc,cmfd-regional-v0106,CMFD_V0106_regional,False,2026-06-28T16:29:29.357775+00:00,144
naqu-bange,CMFD_regional_naqu-bange,2015-05-01 00:00,3.3,17.6,3.4,0,低,低,中,tpdc,cmfd-regional-v0106,CMFD_V0106_regional,False,2026-06-28T16:29:29.367368+00:00,529
naqu-seni,CMFD_regional_naqu-seni,2015-05-01 00:00,2.5,44.1,2.5,0,低,低,低,tpdc,cmfd-regional-v0106,CMFD_V0106_regional,False,2026-06-28T16:29:29.367448+00:00,280
naqu-nierong,CMFD_regional_naqu-nierong,2015-05-01 00:00,0.8,36.1,3.2,0,低,低,低,tpdc,cmfd-regional-v0106,CMFD_V0106_regional,False,2026-06-28T16:29:29.367513+00:00,187
naqu-anduo,CMFD_regional_naqu-anduo,2015-05-01 00:00,-1.5,28.9,3.8,0,中,中,低,tpdc,cmfd-regional-v0106,CMFD_V0106_regional,False,2026-06-28T16:29:29.367632+00:00,1872
naqu-shenzha,CMFD_regional_naqu-shenzha,2015-05-01 00:00,3.2,11.5,4.1,0,低,低,中,tpdc,cmfd-regional-v0106,CMFD_V0106_regional,False,2026-06-28T16:29:29.367703+00:00,440
changdu-karuo,CMFD_regional_changdu-karuo,2015-05-01 00:00,5.1,88.1,1.8,0,低,低,低,tpdc,cmfd-regional-v0106,CMFD_V0106_regional,False,2026-06-28T16:29:29.367771+00:00,208
changdu-luolong,CMFD_regional_changdu-luolong,2015-05-01 00:00,2.3,87.4,2.5,0,低,低,低,tpdc,cmfd-regional-v0106,CMFD_V0106_regional,False,2026-06-28T16:29:29.367841+00:00,140
changdu-leiwuqi,CMFD_regional_changdu-leiwuqi,2015-05-01 00:00,4.7,94.7,2.3,0,低,低,低,tpdc,cmfd-regional-v0106,CMFD_V0106_regional,False,2026-06-28T16:29:29.367968+00:00,120
changdu-jiangda,CMFD_regional_changdu-jiangda,2015-05-01 00:00,4.2,96.3,1.7,0,低,低,低,tpdc,cmfd-regional-v0106,CMFD_V0106_regional,False,2026-06-28T16:29:29.368112+00:00,256
rikaze-xietongmen,CMFD_regional_rikaze-xietongmen,2015-05-01 00:00,4.3,11.5,3.3,0,低,低,中,tpdc,cmfd-regional-v0106,CMFD_V0106_regional,False,2026-06-28T16:29:29.368252+00:00,209
rikaze-jiangzi,CMFD_regional_rikaze-jiangzi,2015-05-01 00:00,6.2,17.2,3.3,0,低,低,中,tpdc,cmfd-regional-v0106,CMFD_V0106_regional,False,2026-06-28T16:29:29.368368+00:00,77
rikaze-kangma,CMFD_regional_rikaze-kangma,2015-05-01 00:00,3.7,20.6,3.8,0,低,低,低,tpdc,cmfd-regional-v0106,CMFD_V0106_regional,False,2026-06-28T16:29:29.368487+00:00,84
rikaze-zhongba,CMFD_regional_rikaze-zhongba,2015-05-01 00:00,-0.2,10.9,4.7,0,中,低,中,tpdc,cmfd-regional-v0106,CMFD_V0106_regional,False,2026-06-28T16:29:29.368601+00:00,702
shannan-cuona,CMFD_regional_shannan-cuona,2015-05-01 00:00,12.6,97.2,1.7,0,低,低,低,tpdc,cmfd-regional-v0106,CMFD_V0106_regional,False,2026-06-28T16:29:29.368702+00:00,480
ali-gaize,CMFD_regional_ali-gaize,2015-05-01 00:00,-0.5,15.6,4.4,0,中,低,中,tpdc,cmfd-regional-v0106,CMFD_V0106_regional,False,2026-06-28T16:29:29.368842+00:00,1892
yushu-chengduo,CMFD_regional_yushu-chengduo,2015-05-01 00:00,1.2,64.9,2.9,0,低,低,低,tpdc,cmfd-regional-v0106,CMFD_V0106_regional,False,2026-06-28T16:29:29.368914+00:00,323
yushu-zaduo,CMFD_regional_yushu-zaduo,2015-05-01 00:00,0.7,58.6,2.9,0,低,低,低,tpdc,cmfd-regional-v0106,CMFD_V0106_regional,False,2026-06-28T16:29:29.368990+00:00,578
guoluo-maqin,CMFD_regional_guoluo-maqin,2015-05-01 00:00,2.6,60.2,2.5,0,低,低,低,tpdc,cmfd-regional-v0106,CMFD_V0106_regional,False,2026-06-28T16:29:29.369060+00:00,352
guoluo-jiuzhi,CMFD_regional_guoluo-jiuzhi,2015-05-01 00:00,3.6,70.6,2.5,0,低,低,低,tpdc,cmfd-regional-v0106,CMFD_V0106_regional,False,2026-06-28T16:29:29.369126+00:00,150
haibei-gangcha,CMFD_regional_haibei-gangcha,2015-05-01 00:00,3.8,57.1,3.5,0,低,低,低,tpdc,cmfd-regional-v0106,CMFD_V0106_regional,False,2026-06-28T16:29:29.369197+00:00,144
huangnan-zeku,CMFD_regional_huangnan-zeku,2015-05-01 00:00,4.4,62.9,2.3,0,低,低,低,tpdc,cmfd-regional-v0106,CMFD_V0106_regional,False,2026-06-28T16:29:29.369264+00:00,112
ganzi-shiqu,CMFD_regional_ganzi-shiqu,2015-05-01 00:00,1.3,71.0,2.8,0,低,低,低,tpdc,cmfd-regional-v0106,CMFD_V0106_regional,False,2026-06-28T16:29:29.369336+00:00,380
ganzi-seda,CMFD_regional_ganzi-seda,2015-05-01 00:00,3.9,79.6,2.5,0,低,低,低,tpdc,cmfd-regional-v0106,CMFD_V0106_regional,False,2026-06-28T16:29:29.369402+00:00,208
aba-hongyuan,CMFD_regional_aba-hongyuan,2015-05-01 00:00,5.7,118.2,2.2,0,低,低,低,tpdc,cmfd-regional-v0106,CMFD_V0106_regional,False,2026-06-28T16:29:29.369461+00:00,196
gannan-luqu,CMFD_regional_gannan-luqu,2015-05-01 00:00,5.7,63.3,2.7,0,低,低,低,tpdc,cmfd-regional-v0106,CMFD_V0106_regional,False,2026-06-28T16:29:29.369516+00:00,80
linzhi-bayi,CMFD_regional_linzhi-bayi,2015-05-01 00:00,4.9,101.1,2.0,0,低,低,低,tpdc,cmfd-regional-v0106,CMFD_V0106_regional,False,2026-06-28T16:29:29.369574+00:00,144
naqu-bange,CMFD_regional_naqu-bange,2015-06-01 00:00,8.1,57.5,3.6,0,低,低,低,tpdc,cmfd-regional-v0106,CMFD_V0106_regional,False,2026-06-28T16:29:29.379979+00:00,529
naqu-seni,CMFD_regional_naqu-seni,2015-06-01 00:00,7.2,104.2,2.6,0,低,低,低,tpdc,cmfd-regional-v0106,CMFD_V0106_regional,False,2026-06-28T16:29:29.380071+00:00,280
naqu-nierong,CMFD_regional_naqu-nierong,2015-06-01 00:00,5.1,103.0,3.1,0,低,低,低,tpdc,cmfd-regional-v0106,CMFD_V0106_regional,False,2026-06-28T16:29:29.380164+00:00,187
naqu-anduo,CMFD_regional_naqu-anduo,2015-06-01 00:00,3.1,71.4,3.8,0,低,低,低,tpdc,cmfd-regional-v0106,CMFD_V0106_regional,False,2026-06-28T16:29:29.380300+00:00,1872
naqu-shenzha,CMFD_regional_naqu-shenzha,2015-06-01 00:00,8.0,31.9,4.3,0,低,低,低,tpdc,cmfd-regional-v0106,CMFD_V0106_regional,False,2026-06-28T16:29:29.380388+00:00,440
changdu-karuo,CMFD_regional_changdu-karuo,2015-06-01 00:00,8.9,82.8,1.7,0,低,低,低,tpdc,cmfd-regional-v0106,CMFD_V0106_regional,False,2026-06-28T16:29:29.380499+00:00,208
changdu-luolong,CMFD_regional_changdu-luolong,2015-06-01 00:00,6.1,80.7,2.5,0,低,低,低,tpdc,cmfd-regional-v0106,CMFD_V0106_regional,False,2026-06-28T16:29:29.380568+00:00,140
changdu-leiwuqi,CMFD_regional_changdu-leiwuqi,2015-06-01 00:00,8.2,75.8,1.9,0,低,低,低,tpdc,cmfd-regional-v0106,CMFD_V0106_regional,False,2026-06-28T16:29:29.380631+00:00,120
changdu-jiangda,CMFD_regional_changdu-jiangda,2015-06-01 00:00,8.1,109.4,1.7,0,低,低,低,tpdc,cmfd-regional-v0106,CMFD_V0106_regional,False,2026-06-28T16:29:29.380693+00:00,256
rikaze-xietongmen,CMFD_regional_rikaze-xietongmen,2015-06-01 00:00,9.0,18.2,3.2,0,低,低,中,tpdc,cmfd-regional-v0106,CMFD_V0106_regional,False,2026-06-28T16:29:29.380771+00:00,209
rikaze-jiangzi,CMFD_regional_rikaze-jiangzi,2015-06-01 00:00,10.2,19.5,3.8,0,低,低,中,tpdc,cmfd-regional-v0106,CMFD_V0106_regional,False,2026-06-28T16:29:29.381062+00:00,77
rikaze-kangma,CMFD_regional_rikaze-kangma,2015-06-01 00:00,7.5,28.6,4.5,0,低,低,低,tpdc,cmfd-regional-v0106,CMFD_V0106_regional,False,2026-06-28T16:29:29.381277+00:00,84
rikaze-zhongba,CMFD_regional_rikaze-zhongba,2015-06-01 00:00,5.7,48.9,5.0,0,低,低,低,tpdc,cmfd-regional-v0106,CMFD_V0106_regional,False,2026-06-28T16:29:29.381594+00:00,702
shannan-cuona,CMFD_regional_shannan-cuona,2015-06-01 00:00,15.1,246.1,1.7,0,低,低,低,tpdc,cmfd-regional-v0106,CMFD_V0106_regional,False,2026-06-28T16:29:29.381868+00:00,480
ali-gaize,CMFD_regional_ali-gaize,2015-06-01 00:00,2.8,27.2,4.3,0,低,低,低,tpdc,cmfd-regional-v0106,CMFD_V0106_regional,False,2026-06-28T16:29:29.382228+00:00,1892
yushu-chengduo,CMFD_regional_yushu-chengduo,2015-06-01 00:00,4.7,106.8,2.5,0,低,低,低,tpdc,cmfd-regional-v0106,CMFD_V0106_regional,False,2026-06-28T16:29:29.382465+00:00,323
yushu-zaduo,CMFD_regional_yushu-zaduo,2015-06-01 00:00,4.6,99.1,2.6,0,低,低,低,tpdc,cmfd-regional-v0106,CMFD_V0106_regional,False,2026-06-28T16:29:29.382738+00:00,578
guoluo-maqin,CMFD_regional_guoluo-maqin,2015-06-01 00:00,6.5,118.1,2.3,0,低,低,低,tpdc,cmfd-regional-v0106,CMFD_V0106_regional,False,2026-06-28T16:29:29.382976+00:00,352
guoluo-jiuzhi,CMFD_regional_guoluo-jiuzhi,2015-06-01 00:00,7.1,165.1,2.2,0,低,低,低,tpdc,cmfd-regional-v0106,CMFD_V0106_regional,False,2026-06-28T16:29:29.383212+00:00,150
haibei-gangcha,CMFD_regional_haibei-gangcha,2015-06-01 00:00,7.0,71.1,3.2,0,低,低,低,tpdc,cmfd-regional-v0106,CMFD_V0106_regional,False,2026-06-28T16:29:29.383323+00:00,144
huangnan-zeku,CMFD_regional_huangnan-zeku,2015-06-01 00:00,7.8,97.4,2.0,0,低,低,低,tpdc,cmfd-regional-v0106,CMFD_V0106_regional,False,2026-06-28T16:29:29.383391+00:00,112
ganzi-shiqu,CMFD_regional_ganzi-shiqu,2015-06-01 00:00,5.5,126.4,2.7,0,低,低,低,tpdc,cmfd-regional-v0106,CMFD_V0106_regional,False,2026-06-28T16:29:29.383465+00:00,380
ganzi-seda,CMFD_regional_ganzi-seda,2015-06-01 00:00,8.0,154.7,2.2,0,低,低,低,tpdc,cmfd-regional-v0106,CMFD_V0106_regional,False,2026-06-28T16:29:29.383537+00:00,208
aba-hongyuan,CMFD_regional_aba-hongyuan,2015-06-01 00:00,8.9,212.9,2.1,0,低,低,低,tpdc,cmfd-regional-v0106,CMFD_V0106_regional,False,2026-06-28T16:29:29.383601+00:00,196
gannan-luqu,CMFD_regional_gannan-luqu,2015-06-01 00:00,9.0,94.3,2.6,0,低,低,低,tpdc,cmfd-regional-v0106,CMFD_V0106_regional,False,2026-06-28T16:29:29.383664+00:00,80
linzhi-bayi,CMFD_regional_linzhi-bayi,2015-06-01 00:00,7.6,206.4,1.9,0,低,低,低,tpdc,cmfd-regional-v0106,CMFD_V0106_regional,False,2026-06-28T16:29:29.383730+00:00,144
naqu-bange,CMFD_regional_naqu-bange,2015-07-01 00:00,8.5,35.1,3.1,0,低,低,低,tpdc,cmfd-regional-v0106,CMFD_V0106_regional,False,2026-06-28T16:29:29.393694+00:00,529
naqu-seni,CMFD_regional_naqu-seni,2015-07-01 00:00,7.5,43.5,2.6,0,低,低,低,tpdc,cmfd-regional-v0106,CMFD_V0106_regional,False,2026-06-28T16:29:29.393783+00:00,280
naqu-nierong,CMFD_regional_naqu-nierong,2015-07-01 00:00,5.9,50.9,3.0,0,低,低,低,tpdc,cmfd-regional-v0106,CMFD_V0106_regional,False,2026-06-28T16:29:29.393854+00:00,187
naqu-anduo,CMFD_regional_naqu-anduo,2015-07-01 00:00,5.7,27.4,3.3,0,低,低,低,tpdc,cmfd-regional-v0106,CMFD_V0106_regional,False,2026-06-28T16:29:29.393981+00:00,1872
naqu-shenzha,CMFD_regional_naqu-shenzha,2015-07-01 00:00,9.0,31.1,3.3,0,低,低,低,tpdc,cmfd-regional-v0106,CMFD_V0106_regional,False,2026-06-28T16:29:29.394067+00:00,440
changdu-karuo,CMFD_regional_changdu-karuo,2015-07-01 00:00,8.1,76.9,1.7,0,低,低,低,tpdc,cmfd-regional-v0106,CMFD_V0106_regional,False,2026-06-28T16:29:29.394136+00:00,208
changdu-luolong,CMFD_regional_changdu-luolong,2015-07-01 00:00,6.9,50.4,2.0,0,低,低,低,tpdc,cmfd-regional-v0106,CMFD_V0106_regional,False,2026-06-28T16:29:29.394201+00:00,140
changdu-leiwuqi,CMFD_regional_changdu-leiwuqi,2015-07-01 00:00,8.0,57.1,1.8,0,低,低,低,tpdc,cmfd-regional-v0106,CMFD_V0106_regional,False,2026-06-28T16:29:29.394263+00:00,120
changdu-jiangda,CMFD_regional_changdu-jiangda,2015-07-01 00:00,7.1,91.2,1.7,0,低,低,低,tpdc,cmfd-regional-v0106,CMFD_V0106_regional,False,2026-06-28T16:29:29.394326+00:00,256
rikaze-xietongmen,CMFD_regional_rikaze-xietongmen,2015-07-01 00:00,8.9,45.0,2.1,0,低,低,低,tpdc,cmfd-regional-v0106,CMFD_V0106_regional,False,2026-06-28T16:29:29.394463+00:00,209
rikaze-jiangzi,CMFD_regional_rikaze-jiangzi,2015-07-01 00:00,10.5,48.6,3.4,0,低,低,低,tpdc,cmfd-regional-v0106,CMFD_V0106_regional,False,2026-06-28T16:29:29.394533+00:00,77
rikaze-kangma,CMFD_regional_rikaze-kangma,2015-07-01 00:00,8.0,50.5,4.0,0,低,低,低,tpdc,cmfd-regional-v0106,CMFD_V0106_regional,False,2026-06-28T16:29:29.394604+00:00,84
rikaze-zhongba,CMFD_regional_rikaze-zhongba,2015-07-01 00:00,8.3,36.2,3.2,0,低,低,低,tpdc,cmfd-regional-v0106,CMFD_V0106_regional,False,2026-06-28T16:29:29.394709+00:00,702
shannan-cuona,CMFD_regional_shannan-cuona,2015-07-01 00:00,14.5,171.7,1.4,0,低,低,低,tpdc,cmfd-regional-v0106,CMFD_V0106_regional,False,2026-06-28T16:29:29.394798+00:00,480
ali-gaize,CMFD_regional_ali-gaize,2015-07-01 00:00,7.5,39.7,3.4,0,低,低,低,tpdc,cmfd-regional-v0106,CMFD_V0106_regional,False,2026-06-28T16:29:29.394916+00:00,1892
yushu-chengduo,CMFD_regional_yushu-chengduo,2015-07-01 00:00,5.5,50.9,2.3,0,低,低,低,tpdc,cmfd-regional-v0106,CMFD_V0106_regional,False,2026-06-28T16:29:29.394993+00:00,323
yushu-zaduo,CMFD_regional_yushu-zaduo,2015-07-01 00:00,5.4,43.5,2.8,0,低,低,低,tpdc,cmfd-regional-v0106,CMFD_V0106_regional,False,2026-06-28T16:29:29.395067+00:00,578
guoluo-maqin,CMFD_regional_guoluo-maqin,2015-07-01 00:00,6.8,69.1,2.2,0,低,低,低,tpdc,cmfd-regional-v0106,CMFD_V0106_regional,False,2026-06-28T16:29:29.395137+00:00,352
guoluo-jiuzhi,CMFD_regional_guoluo-jiuzhi,2015-07-01 00:00,6.3,55.9,1.9,0,低,低,低,tpdc,cmfd-regional-v0106,CMFD_V0106_regional,False,2026-06-28T16:29:29.395201+00:00,150
haibei-gangcha,CMFD_regional_haibei-gangcha,2015-07-01 00:00,8.6,87.1,3.0,0,低,低,低,tpdc,cmfd-regional-v0106,CMFD_V0106_regional,False,2026-06-28T16:29:29.395268+00:00,144
huangnan-zeku,CMFD_regional_huangnan-zeku,2015-07-01 00:00,8.1,75.2,2.0,0,低,低,低,tpdc,cmfd-regional-v0106,CMFD_V0106_regional,False,2026-06-28T16:29:29.395336+00:00,112
ganzi-shiqu,CMFD_regional_ganzi-shiqu,2015-07-01 00:00,5.4,66.2,2.3,0,低,低,低,tpdc,cmfd-regional-v0106,CMFD_V0106_regional,False,2026-06-28T16:29:29.395418+00:00,380
ganzi-seda,CMFD_regional_ganzi-seda,2015-07-01 00:00,6.5,82.1,2.0,0,低,低,低,tpdc,cmfd-regional-v0106,CMFD_V0106_regional,False,2026-06-28T16:29:29.395485+00:00,208
aba-hongyuan,CMFD_regional_aba-hongyuan,2015-07-01 00:00,7.6,82.8,1.9,0,低,低,低,tpdc,cmfd-regional-v0106,CMFD_V0106_regional,False,2026-06-28T16:29:29.395551+00:00,196
gannan-luqu,CMFD_regional_gannan-luqu,2015-07-01 00:00,9.1,64.8,2.1,0,低,低,低,tpdc,cmfd-regional-v0106,CMFD_V0106_regional,False,2026-06-28T16:29:29.395613+00:00,80
linzhi-bayi,CMFD_regional_linzhi-bayi,2015-07-01 00:00,8.4,58.2,1.8,0,低,低,低,tpdc,cmfd-regional-v0106,CMFD_V0106_regional,False,2026-06-28T16:29:29.395675+00:00,144
naqu-bange,CMFD_regional_naqu-bange,2015-08-01 00:00,7.9,89.1,2.8,0,低,低,低,tpdc,cmfd-regional-v0106,CMFD_V0106_regional,False,2026-06-28T16:29:29.404525+00:00,529
naqu-seni,CMFD_regional_naqu-seni,2015-08-01 00:00,7.4,90.6,2.1,0,低,低,低,tpdc,cmfd-regional-v0106,CMFD_V0106_regional,False,2026-06-28T16:29:29.404608+00:00,280
naqu-nierong,CMFD_regional_naqu-nierong,2015-08-01 00:00,6.2,79.4,2.5,0,低,低,低,tpdc,cmfd-regional-v0106,CMFD_V0106_regional,False,2026-06-28T16:29:29.404675+00:00,187
naqu-anduo,CMFD_regional_naqu-anduo,2015-08-01 00:00,5.5,62.9,3.1,0,低,低,低,tpdc,cmfd-regional-v0106,CMFD_V0106_regional,False,2026-06-28T16:29:29.404790+00:00,1872
naqu-shenzha,CMFD_regional_naqu-shenzha,2015-08-01 00:00,8.1,96.9,2.9,0,低,低,低,tpdc,cmfd-regional-v0106,CMFD_V0106_regional,False,2026-06-28T16:29:29.404864+00:00,440
changdu-karuo,CMFD_regional_changdu-karuo,2015-08-01 00:00,7.6,125.6,1.6,0,低,低,低,tpdc,cmfd-regional-v0106,CMFD_V0106_regional,False,2026-06-28T16:29:29.404929+00:00,208
changdu-luolong,CMFD_regional_changdu-luolong,2015-08-01 00:00,6.4,109.0,1.9,0,低,低,低,tpdc,cmfd-regional-v0106,CMFD_V0106_regional,False,2026-06-28T16:29:29.405011+00:00,140
changdu-leiwuqi,CMFD_regional_changdu-leiwuqi,2015-08-01 00:00,7.6,122.7,1.6,0,低,低,低,tpdc,cmfd-regional-v0106,CMFD_V0106_regional,False,2026-06-28T16:29:29.405078+00:00,120
changdu-jiangda,CMFD_regional_changdu-jiangda,2015-08-01 00:00,7.0,122.4,1.7,0,低,低,低,tpdc,cmfd-regional-v0106,CMFD_V0106_regional,False,2026-06-28T16:29:29.405147+00:00,256
rikaze-xietongmen,CMFD_regional_rikaze-xietongmen,2015-08-01 00:00,7.4,72.7,1.9,0,低,低,低,tpdc,cmfd-regional-v0106,CMFD_V0106_regional,False,2026-06-28T16:29:29.405219+00:00,209
rikaze-jiangzi,CMFD_regional_rikaze-jiangzi,2015-08-01 00:00,9.1,115.1,3.1,0,低,低,低,tpdc,cmfd-regional-v0106,CMFD_V0106_regional,False,2026-06-28T16:29:29.405282+00:00,77
rikaze-kangma,CMFD_regional_rikaze-kangma,2015-08-01 00:00,7.1,110.0,3.6,0,低,低,低,tpdc,cmfd-regional-v0106,CMFD_V0106_regional,False,2026-06-28T16:29:29.405343+00:00,84
rikaze-zhongba,CMFD_regional_rikaze-zhongba,2015-08-01 00:00,7.2,78.5,3.1,0,低,低,低,tpdc,cmfd-regional-v0106,CMFD_V0106_regional,False,2026-06-28T16:29:29.405447+00:00,702
shannan-cuona,CMFD_regional_shannan-cuona,2015-08-01 00:00,14.3,181.2,1.2,0,低,低,低,tpdc,cmfd-regional-v0106,CMFD_V0106_regional,False,2026-06-28T16:29:29.405535+00:00,480
ali-gaize,CMFD_regional_ali-gaize,2015-08-01 00:00,6.8,54.8,3.3,0,低,低,低,tpdc,cmfd-regional-v0106,CMFD_V0106_regional,False,2026-06-28T16:29:29.405637+00:00,1892
yushu-chengduo,CMFD_regional_yushu-chengduo,2015-08-01 00:00,5.9,61.5,2.3,0,低,低,低,tpdc,cmfd-regional-v0106,CMFD_V0106_regional,False,2026-06-28T16:29:29.405705+00:00,323
yushu-zaduo,CMFD_regional_yushu-zaduo,2015-08-01 00:00,5.8,85.3,2.5,0,低,低,低,tpdc,cmfd-regional-v0106,CMFD_V0106_regional,False,2026-06-28T16:29:29.405777+00:00,578
guoluo-maqin,CMFD_regional_guoluo-maqin,2015-08-01 00:00,6.9,59.2,2.2,0,低,低,低,tpdc,cmfd-regional-v0106,CMFD_V0106_regional,False,2026-06-28T16:29:29.405840+00:00,352
guoluo-jiuzhi,CMFD_regional_guoluo-jiuzhi,2015-08-01 00:00,6.4,90.4,1.9,0,低,低,低,tpdc,cmfd-regional-v0106,CMFD_V0106_regional,False,2026-06-28T16:29:29.405901+00:00,150
haibei-gangcha,CMFD_regional_haibei-gangcha,2015-08-01 00:00,7.7,121.1,2.7,0,低,低,低,tpdc,cmfd-regional-v0106,CMFD_V0106_regional,False,2026-06-28T16:29:29.405966+00:00,144
huangnan-zeku,CMFD_regional_huangnan-zeku,2015-08-01 00:00,8.0,72.5,1.9,0,低,低,低,tpdc,cmfd-regional-v0106,CMFD_V0106_regional,False,2026-06-28T16:29:29.406031+00:00,112
ganzi-shiqu,CMFD_regional_ganzi-shiqu,2015-08-01 00:00,5.9,74.4,2.5,0,低,低,低,tpdc,cmfd-regional-v0106,CMFD_V0106_regional,False,2026-06-28T16:29:29.406100+00:00,380
ganzi-seda,CMFD_regional_ganzi-seda,2015-08-01 00:00,6.6,116.0,1.9,0,低,低,低,tpdc,cmfd-regional-v0106,CMFD_V0106_regional,False,2026-06-28T16:29:29.406165+00:00,208
aba-hongyuan,CMFD_regional_aba-hongyuan,2015-08-01 00:00,7.8,108.2,1.8,0,低,低,低,tpdc,cmfd-regional-v0106,CMFD_V0106_regional,False,2026-06-28T16:29:29.406228+00:00,196
gannan-luqu,CMFD_regional_gannan-luqu,2015-08-01 00:00,9.1,80.1,2.1,0,低,低,低,tpdc,cmfd-regional-v0106,CMFD_V0106_regional,False,2026-06-28T16:29:29.406288+00:00,80
linzhi-bayi,CMFD_regional_linzhi-bayi,2015-08-01 00:00,7.8,251.8,1.5,0,低,低,低,tpdc,cmfd-regional-v0106,CMFD_V0106_regional,False,2026-06-28T16:29:29.406357+00:00,144
naqu-bange,CMFD_regional_naqu-bange,2015-09-01 00:00,8.4,22.5,3.6,0,低,低,低,tpdc,cmfd-regional-v0106,CMFD_V0106_regional,False,2026-06-28T16:29:29.414177+00:00,529
naqu-seni,CMFD_regional_naqu-seni,2015-09-01 00:00,6.9,45.9,2.3,0,低,低,低,tpdc,cmfd-regional-v0106,CMFD_V0106_regional,False,2026-06-28T16:29:29.414250+00:00,280
naqu-nierong,CMFD_regional_naqu-nierong,2015-09-01 00:00,5.0,43.0,2.8,0,低,低,低,tpdc,cmfd-regional-v0106,CMFD_V0106_regional,False,2026-06-28T16:29:29.414313+00:00,187
naqu-anduo,CMFD_regional_naqu-anduo,2015-09-01 00:00,4.2,29.9,3.7,0,低,低,低,tpdc,cmfd-regional-v0106,CMFD_V0106_regional,False,2026-06-28T16:29:29.414429+00:00,1872
naqu-shenzha,CMFD_regional_naqu-shenzha,2015-09-01 00:00,8.3,14.2,3.7,0,低,低,中,tpdc,cmfd-regional-v0106,CMFD_V0106_regional,False,2026-06-28T16:29:29.414500+00:00,440
changdu-karuo,CMFD_regional_changdu-karuo,2015-09-01 00:00,7.5,101.8,1.6,0,低,低,低,tpdc,cmfd-regional-v0106,CMFD_V0106_regional,False,2026-06-28T16:29:29.414561+00:00,208
changdu-luolong,CMFD_regional_changdu-luolong,2015-09-01 00:00,5.7,37.3,2.3,0,低,低,低,tpdc,cmfd-regional-v0106,CMFD_V0106_regional,False,2026-06-28T16:29:29.414618+00:00,140
changdu-leiwuqi,CMFD_regional_changdu-leiwuqi,2015-09-01 00:00,7.5,76.3,1.8,0,低,低,低,tpdc,cmfd-regional-v0106,CMFD_V0106_regional,False,2026-06-28T16:29:29.414674+00:00,120
changdu-jiangda,CMFD_regional_changdu-jiangda,2015-09-01 00:00,6.7,135.1,1.7,0,低,低,低,tpdc,cmfd-regional-v0106,CMFD_V0106_regional,False,2026-06-28T16:29:29.414731+00:00,256
rikaze-xietongmen,CMFD_regional_rikaze-xietongmen,2015-09-01 00:00,7.3,19.1,2.0,0,低,低,中,tpdc,cmfd-regional-v0106,CMFD_V0106_regional,False,2026-06-28T16:29:29.414791+00:00,209
rikaze-jiangzi,CMFD_regional_rikaze-jiangzi,2015-09-01 00:00,8.9,18.7,3.4,0,低,低,中,tpdc,cmfd-regional-v0106,CMFD_V0106_regional,False,2026-06-28T16:29:29.414847+00:00,77
rikaze-kangma,CMFD_regional_rikaze-kangma,2015-09-01 00:00,6.5,22.3,4.1,0,低,低,低,tpdc,cmfd-regional-v0106,CMFD_V0106_regional,False,2026-06-28T16:29:29.414907+00:00,84
rikaze-zhongba,CMFD_regional_rikaze-zhongba,2015-09-01 00:00,5.2,24.2,3.6,0,低,低,低,tpdc,cmfd-regional-v0106,CMFD_V0106_regional,False,2026-06-28T16:29:29.415016+00:00,702
shannan-cuona,CMFD_regional_shannan-cuona,2015-09-01 00:00,14.0,157.1,1.3,0,低,低,低,tpdc,cmfd-regional-v0106,CMFD_V0106_regional,False,2026-06-28T16:29:29.415102+00:00,480
ali-gaize,CMFD_regional_ali-gaize,2015-09-01 00:00,3.3,12.5,3.6,0,低,低,中,tpdc,cmfd-regional-v0106,CMFD_V0106_regional,False,2026-06-28T16:29:29.415202+00:00,1892
yushu-chengduo,CMFD_regional_yushu-chengduo,2015-09-01 00:00,4.5,69.6,2.3,0,低,低,低,tpdc,cmfd-regional-v0106,CMFD_V0106_regional,False,2026-06-28T16:29:29.415270+00:00,323
yushu-zaduo,CMFD_regional_yushu-zaduo,2015-09-01 00:00,4.6,68.0,2.6,0,低,低,低,tpdc,cmfd-regional-v0106,CMFD_V0106_regional,False,2026-06-28T16:29:29.415347+00:00,578
guoluo-maqin,CMFD_regional_guoluo-maqin,2015-09-01 00:00,5.3,84.1,2.1,0,低,低,低,tpdc,cmfd-regional-v0106,CMFD_V0106_regional,False,2026-06-28T16:29:29.415411+00:00,352
guoluo-jiuzhi,CMFD_regional_guoluo-jiuzhi,2015-09-01 00:00,5.9,140.4,2.0,0,低,低,低,tpdc,cmfd-regional-v0106,CMFD_V0106_regional,False,2026-06-28T16:29:29.415469+00:00,150
haibei-gangcha,CMFD_regional_haibei-gangcha,2015-09-01 00:00,4.5,70.0,3.0,0,低,低,低,tpdc,cmfd-regional-v0106,CMFD_V0106_regional,False,2026-06-28T16:29:29.415542+00:00,144
huangnan-zeku,CMFD_regional_huangnan-zeku,2015-09-01 00:00,6.1,53.8,2.0,0,低,低,低,tpdc,cmfd-regional-v0106,CMFD_V0106_regional,False,2026-06-28T16:29:29.415600+00:00,112
ganzi-shiqu,CMFD_regional_ganzi-shiqu,2015-09-01 00:00,5.2,109.5,2.5,0,低,低,低,tpdc,cmfd-regional-v0106,CMFD_V0106_regional,False,2026-06-28T16:29:29.415663+00:00,380
ganzi-seda,CMFD_regional_ganzi-seda,2015-09-01 00:00,6.8,191.2,2.0,0,低,低,低,tpdc,cmfd-regional-v0106,CMFD_V0106_regional,False,2026-06-28T16:29:29.415721+00:00,208
aba-hongyuan,CMFD_regional_aba-hongyuan,2015-09-01 00:00,7.7,116.9,2.0,0,低,低,低,tpdc,cmfd-regional-v0106,CMFD_V0106_regional,False,2026-06-28T16:29:29.415778+00:00,196
gannan-luqu,CMFD_regional_gannan-luqu,2015-09-01 00:00,7.6,91.6,2.2,0,低,低,低,tpdc,cmfd-regional-v0106,CMFD_V0106_regional,False,2026-06-28T16:29:29.415834+00:00,80
linzhi-bayi,CMFD_regional_linzhi-bayi,2015-09-01 00:00,6.9,144.7,1.6,0,低,低,低,tpdc,cmfd-regional-v0106,CMFD_V0106_regional,False,2026-06-28T16:29:29.415890+00:00,144
naqu-bange,CMFD_regional_naqu-bange,2015-10-01 00:00,-0.1,7.4,2.9,0,中,低,中,tpdc,cmfd-regional-v0106,CMFD_V0106_regional,False,2026-06-28T16:29:29.423241+00:00,529
naqu-seni,CMFD_regional_naqu-seni,2015-10-01 00:00,-0.5,9.7,2.2,0,中,低,中,tpdc,cmfd-regional-v0106,CMFD_V0106_regional,False,2026-06-28T16:29:29.423319+00:00,280
naqu-nierong,CMFD_regional_naqu-nierong,2015-10-01 00:00,-2.5,7.0,2.6,0,中,低,中,tpdc,cmfd-regional-v0106,CMFD_V0106_regional,False,2026-06-28T16:29:29.423397+00:00,187
naqu-anduo,CMFD_regional_naqu-anduo,2015-10-01 00:00,-4.5,6.6,3.4,0,中,低,中,tpdc,cmfd-regional-v0106,CMFD_V0106_regional,False,2026-06-28T16:29:29.423509+00:00,1872
naqu-shenzha,CMFD_regional_naqu-shenzha,2015-10-01 00:00,-0.9,10.2,3.0,0,中,低,中,tpdc,cmfd-regional-v0106,CMFD_V0106_regional,False,2026-06-28T16:29:29.423584+00:00,440
changdu-karuo,CMFD_regional_changdu-karuo,2015-10-01 00:00,1.3,12.9,1.5,0,低,低,中,tpdc,cmfd-regional-v0106,CMFD_V0106_regional,False,2026-06-28T16:29:29.423645+00:00,208
changdu-luolong,CMFD_regional_changdu-luolong,2015-10-01 00:00,-0.3,22.5,2.2,0,中,中,低,tpdc,cmfd-regional-v0106,CMFD_V0106_regional,False,2026-06-28T16:29:29.423702+00:00,140
changdu-leiwuqi,CMFD_regional_changdu-leiwuqi,2015-10-01 00:00,1.5,15.6,1.7,0,低,低,中,tpdc,cmfd-regional-v0106,CMFD_V0106_regional,False,2026-06-28T16:29:29.423759+00:00,120
changdu-jiangda,CMFD_regional_changdu-jiangda,2015-10-01 00:00,0.7,11.0,1.5,0,低,低,中,tpdc,cmfd-regional-v0106,CMFD_V0106_regional,False,2026-06-28T16:29:29.423818+00:00,256
rikaze-xietongmen,CMFD_regional_rikaze-xietongmen,2015-10-01 00:00,-0.4,13.1,2.0,0,中,低,中,tpdc,cmfd-regional-v0106,CMFD_V0106_regional,False,2026-06-28T16:29:29.423880+00:00,209
rikaze-jiangzi,CMFD_regional_rikaze-jiangzi,2015-10-01 00:00,2.5,10.9,2.9,0,低,低,中,tpdc,cmfd-regional-v0106,CMFD_V0106_regional,False,2026-06-28T16:29:29.423943+00:00,77
rikaze-kangma,CMFD_regional_rikaze-kangma,2015-10-01 00:00,0.2,11.7,3.5,0,低,低,中,tpdc,cmfd-regional-v0106,CMFD_V0106_regional,False,2026-06-28T16:29:29.424002+00:00,84
rikaze-zhongba,CMFD_regional_rikaze-zhongba,2015-10-01 00:00,-2.3,11.6,3.2,0,中,低,中,tpdc,cmfd-regional-v0106,CMFD_V0106_regional,False,2026-06-28T16:29:29.424131+00:00,702
shannan-cuona,CMFD_regional_shannan-cuona,2015-10-01 00:00,9.8,25.6,1.8,0,低,低,低,tpdc,cmfd-regional-v0106,CMFD_V0106_regional,False,2026-06-28T16:29:29.424219+00:00,480
ali-gaize,CMFD_regional_ali-gaize,2015-10-01 00:00,-4.7,9.5,2.8,0,中,低,中,tpdc,cmfd-regional-v0106,CMFD_V0106_regional,False,2026-06-28T16:29:29.424315+00:00,1892
yushu-chengduo,CMFD_regional_yushu-chengduo,2015-10-01 00:00,-2.5,10.6,2.3,0,中,低,中,tpdc,cmfd-regional-v0106,CMFD_V0106_regional,False,2026-06-28T16:29:29.424380+00:00,323
yushu-zaduo,CMFD_regional_yushu-zaduo,2015-10-01 00:00,-2.3,8.2,2.6,0,中,低,中,tpdc,cmfd-regional-v0106,CMFD_V0106_regional,False,2026-06-28T16:29:29.424450+00:00,578
guoluo-maqin,CMFD_regional_guoluo-maqin,2015-10-01 00:00,-0.5,15.9,2.3,0,中,低,中,tpdc,cmfd-regional-v0106,CMFD_V0106_regional,False,2026-06-28T16:29:29.424521+00:00,352
guoluo-jiuzhi,CMFD_regional_guoluo-jiuzhi,2015-10-01 00:00,0.3,24.3,1.9,0,低,低,低,tpdc,cmfd-regional-v0106,CMFD_V0106_regional,False,2026-06-28T16:29:29.424591+00:00,150
haibei-gangcha,CMFD_regional_haibei-gangcha,2015-10-01 00:00,-0.0,6.3,2.8,0,中,低,中,tpdc,cmfd-regional-v0106,CMFD_V0106_regional,False,2026-06-28T16:29:29.424655+00:00,144
huangnan-zeku,CMFD_regional_huangnan-zeku,2015-10-01 00:00,0.6,27.1,2.0,0,低,低,低,tpdc,cmfd-regional-v0106,CMFD_V0106_regional,False,2026-06-28T16:29:29.424713+00:00,112
ganzi-shiqu,CMFD_regional_ganzi-shiqu,2015-10-01 00:00,-1.6,12.9,2.3,0,中,低,中,tpdc,cmfd-regional-v0106,CMFD_V0106_regional,False,2026-06-28T16:29:29.424782+00:00,380
ganzi-seda,CMFD_regional_ganzi-seda,2015-10-01 00:00,0.5,17.7,1.9,0,低,低,中,tpdc,cmfd-regional-v0106,CMFD_V0106_regional,False,2026-06-28T16:29:29.424845+00:00,208
aba-hongyuan,CMFD_regional_aba-hongyuan,2015-10-01 00:00,2.9,51.2,2.0,0,低,低,低,tpdc,cmfd-regional-v0106,CMFD_V0106_regional,False,2026-06-28T16:29:29.424909+00:00,196
gannan-luqu,CMFD_regional_gannan-luqu,2015-10-01 00:00,2.8,36.7,2.1,0,低,低,低,tpdc,cmfd-regional-v0106,CMFD_V0106_regional,False,2026-06-28T16:29:29.424967+00:00,80
linzhi-bayi,CMFD_regional_linzhi-bayi,2015-10-01 00:00,2.6,20.8,1.8,0,低,低,低,tpdc,cmfd-regional-v0106,CMFD_V0106_regional,False,2026-06-28T16:29:29.425024+00:00,144
naqu-bange,CMFD_regional_naqu-bange,2015-11-01 00:00,-4.3,2.5,3.5,0,中,低,高,tpdc,cmfd-regional-v0106,CMFD_V0106_regional,False,2026-06-28T16:29:29.431680+00:00,529
naqu-seni,CMFD_regional_naqu-seni,2015-11-01 00:00,-6.2,4.1,2.3,0,中,低,高,tpdc,cmfd-regional-v0106,CMFD_V0106_regional,False,2026-06-28T16:29:29.431751+00:00,280
naqu-nierong,CMFD_regional_naqu-nierong,2015-11-01 00:00,-7.8,2.4,2.8,0,中,低,高,tpdc,cmfd-regional-v0106,CMFD_V0106_regional,False,2026-06-28T16:29:29.431816+00:00,187
naqu-anduo,CMFD_regional_naqu-anduo,2015-11-01 00:00,-9.9,1.4,4.0,0,中,低,高,tpdc,cmfd-regional-v0106,CMFD_V0106_regional,False,2026-06-28T16:29:29.431924+00:00,1872
naqu-shenzha,CMFD_regional_naqu-shenzha,2015-11-01 00:00,-5.2,2.4,3.6,0,中,低,高,tpdc,cmfd-regional-v0106,CMFD_V0106_regional,False,2026-06-28T16:29:29.431993+00:00,440
changdu-karuo,CMFD_regional_changdu-karuo,2015-11-01 00:00,-2.9,1.7,1.4,0,中,低,高,tpdc,cmfd-regional-v0106,CMFD_V0106_regional,False,2026-06-28T16:29:29.432053+00:00,208
changdu-luolong,CMFD_regional_changdu-luolong,2015-11-01 00:00,-4.3,6.4,2.3,0,中,低,中,tpdc,cmfd-regional-v0106,CMFD_V0106_regional,False,2026-06-28T16:29:29.432108+00:00,140
changdu-leiwuqi,CMFD_regional_changdu-leiwuqi,2015-11-01 00:00,-3.1,3.4,1.8,0,中,低,高,tpdc,cmfd-regional-v0106,CMFD_V0106_regional,False,2026-06-28T16:29:29.432164+00:00,120
changdu-jiangda,CMFD_regional_changdu-jiangda,2015-11-01 00:00,-3.7,1.2,1.3,0,中,低,高,tpdc,cmfd-regional-v0106,CMFD_V0106_regional,False,2026-06-28T16:29:29.432222+00:00,256
rikaze-xietongmen,CMFD_regional_rikaze-xietongmen,2015-11-01 00:00,-5.4,1.3,2.4,0,中,低,高,tpdc,cmfd-regional-v0106,CMFD_V0106_regional,False,2026-06-28T16:29:29.432283+00:00,209
rikaze-jiangzi,CMFD_regional_rikaze-jiangzi,2015-11-01 00:00,-1.7,1.0,2.6,0,中,低,高,tpdc,cmfd-regional-v0106,CMFD_V0106_regional,False,2026-06-28T16:29:29.432337+00:00,77
rikaze-kangma,CMFD_regional_rikaze-kangma,2015-11-01 00:00,-3.5,1.5,2.9,0,中,低,高,tpdc,cmfd-regional-v0106,CMFD_V0106_regional,False,2026-06-28T16:29:29.432391+00:00,84
rikaze-zhongba,CMFD_regional_rikaze-zhongba,2015-11-01 00:00,-6.9,3.1,3.4,0,中,低,高,tpdc,cmfd-regional-v0106,CMFD_V0106_regional,False,2026-06-28T16:29:29.432476+00:00,702
shannan-cuona,CMFD_regional_shannan-cuona,2015-11-01 00:00,5.2,19.9,1.5,0,低,低,中,tpdc,cmfd-regional-v0106,CMFD_V0106_regional,False,2026-06-28T16:29:29.432552+00:00,480
ali-gaize,CMFD_regional_ali-gaize,2015-11-01 00:00,-10.4,1.9,3.7,0,高,低,高,tpdc,cmfd-regional-v0106,CMFD_V0106_regional,False,2026-06-28T16:29:29.432644+00:00,1892
yushu-chengduo,CMFD_regional_yushu-chengduo,2015-11-01 00:00,-7.2,6.1,2.6,0,中,低,中,tpdc,cmfd-regional-v0106,CMFD_V0106_regional,False,2026-06-28T16:29:29.432706+00:00,323
yushu-zaduo,CMFD_regional_yushu-zaduo,2015-11-01 00:00,-7.2,2.3,2.7,0,中,低,高,tpdc,cmfd-regional-v0106,CMFD_V0106_regional,False,2026-06-28T16:29:29.432770+00:00,578
guoluo-maqin,CMFD_regional_guoluo-maqin,2015-11-01 00:00,-5.8,5.8,2.1,0,中,低,中,tpdc,cmfd-regional-v0106,CMFD_V0106_regional,False,2026-06-28T16:29:29.432830+00:00,352
guoluo-jiuzhi,CMFD_regional_guoluo-jiuzhi,2015-11-01 00:00,-4.3,4.2,2.0,0,中,低,高,tpdc,cmfd-regional-v0106,CMFD_V0106_regional,False,2026-06-28T16:29:29.432887+00:00,150
haibei-gangcha,CMFD_regional_haibei-gangcha,2015-11-01 00:00,-5.3,9.1,2.9,0,中,低,中,tpdc,cmfd-regional-v0106,CMFD_V0106_regional,False,2026-06-28T16:29:29.432953+00:00,144
huangnan-zeku,CMFD_regional_huangnan-zeku,2015-11-01 00:00,-5.3,10.1,1.9,0,中,低,中,tpdc,cmfd-regional-v0106,CMFD_V0106_regional,False,2026-06-28T16:29:29.433017+00:00,112
ganzi-shiqu,CMFD_regional_ganzi-shiqu,2015-11-01 00:00,-6.5,5.1,2.3,0,中,低,中,tpdc,cmfd-regional-v0106,CMFD_V0106_regional,False,2026-06-28T16:29:29.433081+00:00,380
ganzi-seda,CMFD_regional_ganzi-seda,2015-11-01 00:00,-4.2,3.9,1.8,0,中,低,高,tpdc,cmfd-regional-v0106,CMFD_V0106_regional,False,2026-06-28T16:29:29.433142+00:00,208
aba-hongyuan,CMFD_regional_aba-hongyuan,2015-11-01 00:00,-1.5,8.5,1.9,0,中,低,中,tpdc,cmfd-regional-v0106,CMFD_V0106_regional,False,2026-06-28T16:29:29.433200+00:00,196
gannan-luqu,CMFD_regional_gannan-luqu,2015-11-01 00:00,-1.7,16.8,2.0,0,中,低,中,tpdc,cmfd-regional-v0106,CMFD_V0106_regional,False,2026-06-28T16:29:29.433256+00:00,80
linzhi-bayi,CMFD_regional_linzhi-bayi,2015-11-01 00:00,-2.2,10.2,1.8,0,中,低,中,tpdc,cmfd-regional-v0106,CMFD_V0106_regional,False,2026-06-28T16:29:29.433313+00:00,144
naqu-bange,CMFD_regional_naqu-bange,2015-12-01 00:00,-9.0,1.0,3.9,0,中,低,高,tpdc,cmfd-regional-v0106,CMFD_V0106_regional,False,2026-06-28T16:29:29.440837+00:00,529
naqu-seni,CMFD_regional_naqu-seni,2015-12-01 00:00,-11.1,2.0,2.3,0,高,低,高,tpdc,cmfd-regional-v0106,CMFD_V0106_regional,False,2026-06-28T16:29:29.440925+00:00,280
naqu-nierong,CMFD_regional_naqu-nierong,2015-12-01 00:00,-13.3,0.1,2.9,0,高,低,高,tpdc,cmfd-regional-v0106,CMFD_V0106_regional,False,2026-06-28T16:29:29.440990+00:00,187
naqu-anduo,CMFD_regional_naqu-anduo,2015-12-01 00:00,-16.4,0.9,3.8,0,高,低,高,tpdc,cmfd-regional-v0106,CMFD_V0106_regional,False,2026-06-28T16:29:29.441128+00:00,1872
naqu-shenzha,CMFD_regional_naqu-shenzha,2015-12-01 00:00,-9.7,1.4,4.4,0,中,低,高,tpdc,cmfd-regional-v0106,CMFD_V0106_regional,False,2026-06-28T16:29:29.441202+00:00,440
changdu-karuo,CMFD_regional_changdu-karuo,2015-12-01 00:00,-8.3,1.5,1.3,0,中,低,高,tpdc,cmfd-regional-v0106,CMFD_V0106_regional,False,2026-06-28T16:29:29.441265+00:00,208
changdu-luolong,CMFD_regional_changdu-luolong,2015-12-01 00:00,-8.9,1.7,2.5,0,中,低,高,tpdc,cmfd-regional-v0106,CMFD_V0106_regional,False,2026-06-28T16:29:29.441326+00:00,140
changdu-leiwuqi,CMFD_regional_changdu-leiwuqi,2015-12-01 00:00,-7.8,0.4,1.7,0,中,低,高,tpdc,cmfd-regional-v0106,CMFD_V0106_regional,False,2026-06-28T16:29:29.441394+00:00,120
changdu-jiangda,CMFD_regional_changdu-jiangda,2015-12-01 00:00,-9.2,1.8,1.4,0,中,低,高,tpdc,cmfd-regional-v0106,CMFD_V0106_regional,False,2026-06-28T16:29:29.441461+00:00,256
rikaze-xietongmen,CMFD_regional_rikaze-xietongmen,2015-12-01 00:00,-8.9,2.1,3.3,0,中,低,高,tpdc,cmfd-regional-v0106,CMFD_V0106_regional,False,2026-06-28T16:29:29.441529+00:00,209
rikaze-jiangzi,CMFD_regional_rikaze-jiangzi,2015-12-01 00:00,-5.3,1.8,3.4,0,中,低,高,tpdc,cmfd-regional-v0106,CMFD_V0106_regional,False,2026-06-28T16:29:29.441592+00:00,77
rikaze-kangma,CMFD_regional_rikaze-kangma,2015-12-01 00:00,-7.1,1.5,3.9,0,中,低,高,tpdc,cmfd-regional-v0106,CMFD_V0106_regional,False,2026-06-28T16:29:29.441672+00:00,84
rikaze-zhongba,CMFD_regional_rikaze-zhongba,2015-12-01 00:00,-11.5,3.2,4.4,0,高,低,高,tpdc,cmfd-regional-v0106,CMFD_V0106_regional,False,2026-06-28T16:29:29.441770+00:00,702
shannan-cuona,CMFD_regional_shannan-cuona,2015-12-01 00:00,0.8,22.4,1.8,0,低,低,低,tpdc,cmfd-regional-v0106,CMFD_V0106_regional,False,2026-06-28T16:29:29.441856+00:00,480
ali-gaize,CMFD_regional_ali-gaize,2015-12-01 00:00,-17.4,2.7,3.5,0,高,低,高,tpdc,cmfd-regional-v0106,CMFD_V0106_regional,False,2026-06-28T16:29:29.441968+00:00,1892
yushu-chengduo,CMFD_regional_yushu-chengduo,2015-12-01 00:00,-13.6,1.0,2.1,0,高,低,高,tpdc,cmfd-regional-v0106,CMFD_V0106_regional,False,2026-06-28T16:29:29.442036+00:00,323
yushu-zaduo,CMFD_regional_yushu-zaduo,2015-12-01 00:00,-13.2,0.3,2.6,0,高,低,高,tpdc,cmfd-regional-v0106,CMFD_V0106_regional,False,2026-06-28T16:29:29.442108+00:00,578
guoluo-maqin,CMFD_regional_guoluo-maqin,2015-12-01 00:00,-13.9,2.3,2.0,0,高,低,高,tpdc,cmfd-regional-v0106,CMFD_V0106_regional,False,2026-06-28T16:29:29.442172+00:00,352
guoluo-jiuzhi,CMFD_regional_guoluo-jiuzhi,2015-12-01 00:00,-12.4,4.4,1.8,0,高,低,高,tpdc,cmfd-regional-v0106,CMFD_V0106_regional,False,2026-06-28T16:29:29.442234+00:00,150
haibei-gangcha,CMFD_regional_haibei-gangcha,2015-12-01 00:00,-12.7,0.4,2.9,0,高,低,高,tpdc,cmfd-regional-v0106,CMFD_V0106_regional,False,2026-06-28T16:29:29.442297+00:00,144
huangnan-zeku,CMFD_regional_huangnan-zeku,2015-12-01 00:00,-13.7,3.2,1.8,0,高,低,高,tpdc,cmfd-regional-v0106,CMFD_V0106_regional,False,2026-06-28T16:29:29.442357+00:00,112
ganzi-shiqu,CMFD_regional_ganzi-shiqu,2015-12-01 00:00,-12.9,5.3,2.0,0,高,低,中,tpdc,cmfd-regional-v0106,CMFD_V0106_regional,False,2026-06-28T16:29:29.442423+00:00,380
ganzi-seda,CMFD_regional_ganzi-seda,2015-12-01 00:00,-10.7,4.0,1.7,0,高,低,高,tpdc,cmfd-regional-v0106,CMFD_V0106_regional,False,2026-06-28T16:29:29.442484+00:00,208
aba-hongyuan,CMFD_regional_aba-hongyuan,2015-12-01 00:00,-8.8,10.1,1.9,0,中,低,中,tpdc,cmfd-regional-v0106,CMFD_V0106_regional,False,2026-06-28T16:29:29.442547+00:00,196
gannan-luqu,CMFD_regional_gannan-luqu,2015-12-01 00:00,-9.8,2.4,1.9,0,中,低,高,tpdc,cmfd-regional-v0106,CMFD_V0106_regional,False,2026-06-28T16:29:29.442605+00:00,80
linzhi-bayi,CMFD_regional_linzhi-bayi,2015-12-01 00:00,-6.7,2.8,1.9,0,中,低,高,tpdc,cmfd-regional-v0106,CMFD_V0106_regional,False,2026-06-28T16:29:29.442666+00:00,144
naqu-bange,CMFD_regional_naqu-bange,2016-01-01 00:00,-12.4,7.7,3.4,0,高,低,中,tpdc,cmfd-regional-v0106,CMFD_V0106_regional,False,2026-06-28T16:29:29.451816+00:00,529
naqu-seni,CMFD_regional_naqu-seni,2016-01-01 00:00,-14.2,11.2,2.2,0,高,低,中,tpdc,cmfd-regional-v0106,CMFD_V0106_regional,False,2026-06-28T16:29:29.451896+00:00,280
naqu-nierong,CMFD_regional_naqu-nierong,2016-01-01 00:00,-15.7,10.0,2.8,0,高,低,中,tpdc,cmfd-regional-v0106,CMFD_V0106_regional,False,2026-06-28T16:29:29.451962+00:00,187
naqu-anduo,CMFD_regional_naqu-anduo,2016-01-01 00:00,-17.7,7.1,4.1,0,高,低,中,tpdc,cmfd-regional-v0106,CMFD_V0106_regional,False,2026-06-28T16:29:29.452081+00:00,1872
naqu-shenzha,CMFD_regional_naqu-shenzha,2016-01-01 00:00,-13.8,12.8,3.4,0,高,低,中,tpdc,cmfd-regional-v0106,CMFD_V0106_regional,False,2026-06-28T16:29:29.452155+00:00,440
changdu-karuo,CMFD_regional_changdu-karuo,2016-01-01 00:00,-9.8,3.5,1.4,0,中,低,高,tpdc,cmfd-regional-v0106,CMFD_V0106_regional,False,2026-06-28T16:29:29.452226+00:00,208
changdu-luolong,CMFD_regional_changdu-luolong,2016-01-01 00:00,-10.5,3.8,2.5,0,高,低,高,tpdc,cmfd-regional-v0106,CMFD_V0106_regional,False,2026-06-28T16:29:29.452288+00:00,140
changdu-leiwuqi,CMFD_regional_changdu-leiwuqi,2016-01-01 00:00,-10.2,2.3,1.9,0,高,低,高,tpdc,cmfd-regional-v0106,CMFD_V0106_regional,False,2026-06-28T16:29:29.452348+00:00,120
changdu-jiangda,CMFD_regional_changdu-jiangda,2016-01-01 00:00,-10.6,4.6,1.4,0,高,低,高,tpdc,cmfd-regional-v0106,CMFD_V0106_regional,False,2026-06-28T16:29:29.452408+00:00,256
rikaze-xietongmen,CMFD_regional_rikaze-xietongmen,2016-01-01 00:00,-12.9,5.9,2.3,0,高,低,中,tpdc,cmfd-regional-v0106,CMFD_V0106_regional,False,2026-06-28T16:29:29.452479+00:00,209
rikaze-jiangzi,CMFD_regional_rikaze-jiangzi,2016-01-01 00:00,-8.3,3.1,3.1,0,中,低,高,tpdc,cmfd-regional-v0106,CMFD_V0106_regional,False,2026-06-28T16:29:29.452542+00:00,77
rikaze-kangma,CMFD_regional_rikaze-kangma,2016-01-01 00:00,-10.2,4.2,3.6,0,高,低,高,tpdc,cmfd-regional-v0106,CMFD_V0106_regional,False,2026-06-28T16:29:29.452601+00:00,84
rikaze-zhongba,CMFD_regional_rikaze-zhongba,2016-01-01 00:00,-16.1,8.0,3.1,0,高,低,中,tpdc,cmfd-regional-v0106,CMFD_V0106_regional,False,2026-06-28T16:29:29.452697+00:00,702
shannan-cuona,CMFD_regional_shannan-cuona,2016-01-01 00:00,0.6,8.4,1.7,0,低,低,中,tpdc,cmfd-regional-v0106,CMFD_V0106_regional,False,2026-06-28T16:29:29.452787+00:00,480
ali-gaize,CMFD_regional_ali-gaize,2016-01-01 00:00,-19.6,7.1,2.8,0,高,低,中,tpdc,cmfd-regional-v0106,CMFD_V0106_regional,False,2026-06-28T16:29:29.452891+00:00,1892
yushu-chengduo,CMFD_regional_yushu-chengduo,2016-01-01 00:00,-14.2,3.7,2.9,0,高,低,高,tpdc,cmfd-regional-v0106,CMFD_V0106_regional,False,2026-06-28T16:29:29.452959+00:00,323
yushu-zaduo,CMFD_regional_yushu-zaduo,2016-01-01 00:00,-14.6,10.8,3.0,0,高,低,中,tpdc,cmfd-regional-v0106,CMFD_V0106_regional,False,2026-06-28T16:29:29.453044+00:00,578
guoluo-maqin,CMFD_regional_guoluo-maqin,2016-01-01 00:00,-15.2,3.7,2.5,0,高,低,高,tpdc,cmfd-regional-v0106,CMFD_V0106_regional,False,2026-06-28T16:29:29.453112+00:00,352
guoluo-jiuzhi,CMFD_regional_guoluo-jiuzhi,2016-01-01 00:00,-13.0,6.8,2.5,0,高,低,中,tpdc,cmfd-regional-v0106,CMFD_V0106_regional,False,2026-06-28T16:29:29.453183+00:00,150
haibei-gangcha,CMFD_regional_haibei-gangcha,2016-01-01 00:00,-15.0,2.8,3.1,0,高,低,高,tpdc,cmfd-regional-v0106,CMFD_V0106_regional,False,2026-06-28T16:29:29.453288+00:00,144
huangnan-zeku,CMFD_regional_huangnan-zeku,2016-01-01 00:00,-14.7,7.4,2.2,0,高,低,中,tpdc,cmfd-regional-v0106,CMFD_V0106_regional,False,2026-06-28T16:29:29.453385+00:00,112
ganzi-shiqu,CMFD_regional_ganzi-shiqu,2016-01-01 00:00,-14.6,8.9,2.4,0,高,低,中,tpdc,cmfd-regional-v0106,CMFD_V0106_regional,False,2026-06-28T16:29:29.453502+00:00,380
ganzi-seda,CMFD_regional_ganzi-seda,2016-01-01 00:00,-12.6,7.0,2.0,0,高,低,中,tpdc,cmfd-regional-v0106,CMFD_V0106_regional,False,2026-06-28T16:29:29.453608+00:00,208
aba-hongyuan,CMFD_regional_aba-hongyuan,2016-01-01 00:00,-10.1,9.9,1.9,0,高,低,中,tpdc,cmfd-regional-v0106,CMFD_V0106_regional,False,2026-06-28T16:29:29.453675+00:00,196
gannan-luqu,CMFD_regional_gannan-luqu,2016-01-01 00:00,-10.7,4.5,2.3,0,高,低,高,tpdc,cmfd-regional-v0106,CMFD_V0106_regional,False,2026-06-28T16:29:29.453751+00:00,80
linzhi-bayi,CMFD_regional_linzhi-bayi,2016-01-01 00:00,-8.4,8.6,1.9,0,中,低,中,tpdc,cmfd-regional-v0106,CMFD_V0106_regional,False,2026-06-28T16:29:29.453939+00:00,144
naqu-bange,CMFD_regional_naqu-bange,2016-02-01 00:00,-5.9,4.8,4.6,0,中,低,高,tpdc,cmfd-regional-v0106,CMFD_V0106_regional,False,2026-06-28T16:29:29.461523+00:00,529
naqu-seni,CMFD_regional_naqu-seni,2016-02-01 00:00,-8.1,5.5,2.9,0,中,低,中,tpdc,cmfd-regional-v0106,CMFD_V0106_regional,False,2026-06-28T16:29:29.461598+00:00,280
naqu-nierong,CMFD_regional_naqu-nierong,2016-02-01 00:00,-10.7,5.3,3.9,0,高,低,中,tpdc,cmfd-regional-v0106,CMFD_V0106_regional,False,2026-06-28T16:29:29.461659+00:00,187
naqu-anduo,CMFD_regional_naqu-anduo,2016-02-01 00:00,-14.0,5.7,4.7,0,高,低,中,tpdc,cmfd-regional-v0106,CMFD_V0106_regional,False,2026-06-28T16:29:29.461774+00:00,1872
naqu-shenzha,CMFD_regional_naqu-shenzha,2016-02-01 00:00,-7.0,6.7,5.5,0,中,低,中,tpdc,cmfd-regional-v0106,CMFD_V0106_regional,False,2026-06-28T16:29:29.461847+00:00,440
changdu-karuo,CMFD_regional_changdu-karuo,2016-02-01 00:00,-5.5,7.7,1.7,0,中,低,中,tpdc,cmfd-regional-v0106,CMFD_V0106_regional,False,2026-06-28T16:29:29.461910+00:00,208
changdu-luolong,CMFD_regional_changdu-luolong,2016-02-01 00:00,-5.6,14.6,2.9,0,中,低,中,tpdc,cmfd-regional-v0106,CMFD_V0106_regional,False,2026-06-28T16:29:29.461966+00:00,140
changdu-leiwuqi,CMFD_regional_changdu-leiwuqi,2016-02-01 00:00,-5.5,7.1,2.1,0,中,低,中,tpdc,cmfd-regional-v0106,CMFD_V0106_regional,False,2026-06-28T16:29:29.462022+00:00,120
changdu-jiangda,CMFD_regional_changdu-jiangda,2016-02-01 00:00,-6.3,3.6,1.7,0,中,低,高,tpdc,cmfd-regional-v0106,CMFD_V0106_regional,False,2026-06-28T16:29:29.462080+00:00,256
rikaze-xietongmen,CMFD_regional_rikaze-xietongmen,2016-02-01 00:00,-4.9,4.2,4.2,0,中,低,高,tpdc,cmfd-regional-v0106,CMFD_V0106_regional,False,2026-06-28T16:29:29.462141+00:00,209
rikaze-jiangzi,CMFD_regional_rikaze-jiangzi,2016-02-01 00:00,-1.0,1.9,3.7,0,中,低,高,tpdc,cmfd-regional-v0106,CMFD_V0106_regional,False,2026-06-28T16:29:29.462197+00:00,77
rikaze-kangma,CMFD_regional_rikaze-kangma,2016-02-01 00:00,-3.6,2.3,4.1,0,中,低,高,tpdc,cmfd-regional-v0106,CMFD_V0106_regional,False,2026-06-28T16:29:29.462251+00:00,84
rikaze-zhongba,CMFD_regional_rikaze-zhongba,2016-02-01 00:00,-11.0,5.9,4.7,0,高,低,中,tpdc,cmfd-regional-v0106,CMFD_V0106_regional,False,2026-06-28T16:29:29.462335+00:00,702
shannan-cuona,CMFD_regional_shannan-cuona,2016-02-01 00:00,2.6,7.5,1.7,0,低,低,中,tpdc,cmfd-regional-v0106,CMFD_V0106_regional,False,2026-06-28T16:29:29.462425+00:00,480
ali-gaize,CMFD_regional_ali-gaize,2016-02-01 00:00,-14.1,5.2,4.7,0,高,低,中,tpdc,cmfd-regional-v0106,CMFD_V0106_regional,False,2026-06-28T16:29:29.462531+00:00,1892
yushu-chengduo,CMFD_regional_yushu-chengduo,2016-02-01 00:00,-11.2,3.4,2.7,0,高,低,高,tpdc,cmfd-regional-v0106,CMFD_V0106_regional,False,2026-06-28T16:29:29.462602+00:00,323
yushu-zaduo,CMFD_regional_yushu-zaduo,2016-02-01 00:00,-10.5,3.8,3.5,0,高,低,高,tpdc,cmfd-regional-v0106,CMFD_V0106_regional,False,2026-06-28T16:29:29.462669+00:00,578
guoluo-maqin,CMFD_regional_guoluo-maqin,2016-02-01 00:00,-11.4,5.0,2.4,0,高,低,高,tpdc,cmfd-regional-v0106,CMFD_V0106_regional,False,2026-06-28T16:29:29.462736+00:00,352
guoluo-jiuzhi,CMFD_regional_guoluo-jiuzhi,2016-02-01 00:00,-8.7,16.2,2.4,0,中,低,中,tpdc,cmfd-regional-v0106,CMFD_V0106_regional,False,2026-06-28T16:29:29.462797+00:00,150
haibei-gangcha,CMFD_regional_haibei-gangcha,2016-02-01 00:00,-11.3,2.5,3.8,0,高,低,高,tpdc,cmfd-regional-v0106,CMFD_V0106_regional,False,2026-06-28T16:29:29.462857+00:00,144
huangnan-zeku,CMFD_regional_huangnan-zeku,2016-02-01 00:00,-10.7,2.3,2.5,0,高,低,高,tpdc,cmfd-regional-v0106,CMFD_V0106_regional,False,2026-06-28T16:29:29.462915+00:00,112
ganzi-shiqu,CMFD_regional_ganzi-shiqu,2016-02-01 00:00,-11.2,4.1,2.4,0,高,低,高,tpdc,cmfd-regional-v0106,CMFD_V0106_regional,False,2026-06-28T16:29:29.462977+00:00,380
ganzi-seda,CMFD_regional_ganzi-seda,2016-02-01 00:00,-8.4,5.9,2.4,0,中,低,中,tpdc,cmfd-regional-v0106,CMFD_V0106_regional,False,2026-06-28T16:29:29.463034+00:00,208
aba-hongyuan,CMFD_regional_aba-hongyuan,2016-02-01 00:00,-5.5,11.3,2.1,0,中,低,中,tpdc,cmfd-regional-v0106,CMFD_V0106_regional,False,2026-06-28T16:29:29.463091+00:00,196
gannan-luqu,CMFD_regional_gannan-luqu,2016-02-01 00:00,-7.8,8.4,2.7,0,中,低,中,tpdc,cmfd-regional-v0106,CMFD_V0106_regional,False,2026-06-28T16:29:29.463146+00:00,80
linzhi-bayi,CMFD_regional_linzhi-bayi,2016-02-01 00:00,-3.9,6.0,2.3,0,中,低,中,tpdc,cmfd-regional-v0106,CMFD_V0106_regional,False,2026-06-28T16:29:29.463200+00:00,144
naqu-bange,CMFD_regional_naqu-bange,2016-03-01 00:00,-4.3,21.5,3.7,0,中,中,低,tpdc,cmfd-regional-v0106,CMFD_V0106_regional,False,2026-06-28T16:29:29.470408+00:00,529
naqu-seni,CMFD_regional_naqu-seni,2016-03-01 00:00,-5.0,18.5,2.6,0,中,低,中,tpdc,cmfd-regional-v0106,CMFD_V0106_regional,False,2026-06-28T16:29:29.470495+00:00,280
naqu-nierong,CMFD_regional_naqu-nierong,2016-03-01 00:00,-6.6,16.3,3.7,0,中,低,中,tpdc,cmfd-regional-v0106,CMFD_V0106_regional,False,2026-06-28T16:29:29.470560+00:00,187
naqu-anduo,CMFD_regional_naqu-anduo,2016-03-01 00:00,-8.8,16.6,4.5,0,中,低,中,tpdc,cmfd-regional-v0106,CMFD_V0106_regional,False,2026-06-28T16:29:29.470661+00:00,1872
naqu-shenzha,CMFD_regional_naqu-shenzha,2016-03-01 00:00,-5.1,19.6,4.4,0,中,低,中,tpdc,cmfd-regional-v0106,CMFD_V0106_regional,False,2026-06-28T16:29:29.470730+00:00,440
changdu-karuo,CMFD_regional_changdu-karuo,2016-03-01 00:00,-2.0,16.4,1.8,0,中,低,中,tpdc,cmfd-regional-v0106,CMFD_V0106_regional,False,2026-06-28T16:29:29.470794+00:00,208
changdu-luolong,CMFD_regional_changdu-luolong,2016-03-01 00:00,-2.5,18.2,2.9,0,中,低,中,tpdc,cmfd-regional-v0106,CMFD_V0106_regional,False,2026-06-28T16:29:29.470851+00:00,140
changdu-leiwuqi,CMFD_regional_changdu-leiwuqi,2016-03-01 00:00,-2.2,12.5,2.2,0,中,低,中,tpdc,cmfd-regional-v0106,CMFD_V0106_regional,False,2026-06-28T16:29:29.470913+00:00,120
changdu-jiangda,CMFD_regional_changdu-jiangda,2016-03-01 00:00,-2.6,17.8,1.8,0,中,低,中,tpdc,cmfd-regional-v0106,CMFD_V0106_regional,False,2026-06-28T16:29:29.470977+00:00,256
rikaze-xietongmen,CMFD_regional_rikaze-xietongmen,2016-03-01 00:00,-3.5,20.2,3.5,0,中,中,低,tpdc,cmfd-regional-v0106,CMFD_V0106_regional,False,2026-06-28T16:29:29.471037+00:00,209
rikaze-jiangzi,CMFD_regional_rikaze-jiangzi,2016-03-01 00:00,-0.5,11.7,3.5,0,中,低,中,tpdc,cmfd-regional-v0106,CMFD_V0106_regional,False,2026-06-28T16:29:29.471093+00:00,77
rikaze-kangma,CMFD_regional_rikaze-kangma,2016-03-01 00:00,-3.0,16.6,3.9,0,中,低,中,tpdc,cmfd-regional-v0106,CMFD_V0106_regional,False,2026-06-28T16:29:29.471147+00:00,84
rikaze-zhongba,CMFD_regional_rikaze-zhongba,2016-03-01 00:00,-7.2,36.2,4.3,0,中,中,低,tpdc,cmfd-regional-v0106,CMFD_V0106_regional,False,2026-06-28T16:29:29.471241+00:00,702
shannan-cuona,CMFD_regional_shannan-cuona,2016-03-01 00:00,6.6,37.0,2.0,0,低,低,低,tpdc,cmfd-regional-v0106,CMFD_V0106_regional,False,2026-06-28T16:29:29.471322+00:00,480
ali-gaize,CMFD_regional_ali-gaize,2016-03-01 00:00,-8.1,20.1,4.5,0,中,中,低,tpdc,cmfd-regional-v0106,CMFD_V0106_regional,False,2026-06-28T16:29:29.471440+00:00,1892
yushu-chengduo,CMFD_regional_yushu-chengduo,2016-03-01 00:00,-6.7,18.2,3.0,0,中,低,中,tpdc,cmfd-regional-v0106,CMFD_V0106_regional,False,2026-06-28T16:29:29.471511+00:00,323
yushu-zaduo,CMFD_regional_yushu-zaduo,2016-03-01 00:00,-7.0,17.9,3.3,0,中,低,中,tpdc,cmfd-regional-v0106,CMFD_V0106_regional,False,2026-06-28T16:29:29.471581+00:00,578
guoluo-maqin,CMFD_regional_guoluo-maqin,2016-03-01 00:00,-5.8,17.2,2.5,0,中,低,中,tpdc,cmfd-regional-v0106,CMFD_V0106_regional,False,2026-06-28T16:29:29.471645+00:00,352
guoluo-jiuzhi,CMFD_regional_guoluo-jiuzhi,2016-03-01 00:00,-4.0,26.4,2.5,0,中,中,低,tpdc,cmfd-regional-v0106,CMFD_V0106_regional,False,2026-06-28T16:29:29.471710+00:00,150
haibei-gangcha,CMFD_regional_haibei-gangcha,2016-03-01 00:00,-4.5,13.6,3.7,0,中,低,中,tpdc,cmfd-regional-v0106,CMFD_V0106_regional,False,2026-06-28T16:29:29.471773+00:00,144
huangnan-zeku,CMFD_regional_huangnan-zeku,2016-03-01 00:00,-3.9,19.9,2.5,0,中,低,中,tpdc,cmfd-regional-v0106,CMFD_V0106_regional,False,2026-06-28T16:29:29.471832+00:00,112
ganzi-shiqu,CMFD_regional_ganzi-shiqu,2016-03-01 00:00,-6.3,32.8,2.8,0,中,中,低,tpdc,cmfd-regional-v0106,CMFD_V0106_regional,False,2026-06-28T16:29:29.471899+00:00,380
ganzi-seda,CMFD_regional_ganzi-seda,2016-03-01 00:00,-3.9,16.0,2.6,0,中,低,中,tpdc,cmfd-regional-v0106,CMFD_V0106_regional,False,2026-06-28T16:29:29.471963+00:00,208
aba-hongyuan,CMFD_regional_aba-hongyuan,2016-03-01 00:00,-0.9,28.1,2.4,0,中,中,低,tpdc,cmfd-regional-v0106,CMFD_V0106_regional,False,2026-06-28T16:29:29.472021+00:00,196
gannan-luqu,CMFD_regional_gannan-luqu,2016-03-01 00:00,-1.7,19.2,2.8,0,中,低,中,tpdc,cmfd-regional-v0106,CMFD_V0106_regional,False,2026-06-28T16:29:29.472083+00:00,80
linzhi-bayi,CMFD_regional_linzhi-bayi,2016-03-01 00:00,-1.1,30.4,2.1,0,中,中,低,tpdc,cmfd-regional-v0106,CMFD_V0106_regional,False,2026-06-28T16:29:29.472150+00:00,144
naqu-bange,CMFD_regional_naqu-bange,2016-04-01 00:00,0.3,40.3,3.7,0,低,低,低,tpdc,cmfd-regional-v0106,CMFD_V0106_regional,False,2026-06-28T16:29:29.479875+00:00,529
naqu-seni,CMFD_regional_naqu-seni,2016-04-01 00:00,-1.0,38.1,2.5,0,中,中,低,tpdc,cmfd-regional-v0106,CMFD_V0106_regional,False,2026-06-28T16:29:29.479979+00:00,280
naqu-nierong,CMFD_regional_naqu-nierong,2016-04-01 00:00,-2.9,57.0,3.4,0,中,高,低,tpdc,cmfd-regional-v0106,CMFD_V0106_regional,False,2026-06-28T16:29:29.480073+00:00,187
naqu-anduo,CMFD_regional_naqu-anduo,2016-04-01 00:00,-5.2,43.5,3.9,0,中,中,低,tpdc,cmfd-regional-v0106,CMFD_V0106_regional,False,2026-06-28T16:29:29.480269+00:00,1872
naqu-shenzha,CMFD_regional_naqu-shenzha,2016-04-01 00:00,-0.3,39.0,4.9,0,中,中,低,tpdc,cmfd-regional-v0106,CMFD_V0106_regional,False,2026-06-28T16:29:29.480359+00:00,440
changdu-karuo,CMFD_regional_changdu-karuo,2016-04-01 00:00,1.7,64.1,1.9,0,低,低,低,tpdc,cmfd-regional-v0106,CMFD_V0106_regional,False,2026-06-28T16:29:29.480428+00:00,208
changdu-luolong,CMFD_regional_changdu-luolong,2016-04-01 00:00,-0.7,59.8,2.5,0,中,高,低,tpdc,cmfd-regional-v0106,CMFD_V0106_regional,False,2026-06-28T16:29:29.480492+00:00,140
changdu-leiwuqi,CMFD_regional_changdu-leiwuqi,2016-04-01 00:00,1.2,50.6,2.3,0,低,低,低,tpdc,cmfd-regional-v0106,CMFD_V0106_regional,False,2026-06-28T16:29:29.480571+00:00,120
changdu-jiangda,CMFD_regional_changdu-jiangda,2016-04-01 00:00,1.2,50.6,1.9,0,低,低,低,tpdc,cmfd-regional-v0106,CMFD_V0106_regional,False,2026-06-28T16:29:29.480643+00:00,256
rikaze-xietongmen,CMFD_regional_rikaze-xietongmen,2016-04-01 00:00,1.5,35.3,4.5,0,低,低,低,tpdc,cmfd-regional-v0106,CMFD_V0106_regional,False,2026-06-28T16:29:29.480722+00:00,209
rikaze-jiangzi,CMFD_regional_rikaze-jiangzi,2016-04-01 00:00,4.2,19.9,3.7,0,低,低,中,tpdc,cmfd-regional-v0106,CMFD_V0106_regional,False,2026-06-28T16:29:29.480804+00:00,77
rikaze-kangma,CMFD_regional_rikaze-kangma,2016-04-01 00:00,1.4,28.4,4.1,0,低,低,低,tpdc,cmfd-regional-v0106,CMFD_V0106_regional,False,2026-06-28T16:29:29.480887+00:00,84
rikaze-zhongba,CMFD_regional_rikaze-zhongba,2016-04-01 00:00,-2.2,17.9,5.8,0,中,低,中,tpdc,cmfd-regional-v0106,CMFD_V0106_regional,False,2026-06-28T16:29:29.481010+00:00,702
shannan-cuona,CMFD_regional_shannan-cuona,2016-04-01 00:00,8.8,106.0,1.9,0,低,低,低,tpdc,cmfd-regional-v0106,CMFD_V0106_regional,False,2026-06-28T16:29:29.481109+00:00,480
ali-gaize,CMFD_regional_ali-gaize,2016-04-01 00:00,-3.8,20.7,4.8,0,中,中,低,tpdc,cmfd-regional-v0106,CMFD_V0106_regional,False,2026-06-28T16:29:29.481265+00:00,1892
yushu-chengduo,CMFD_regional_yushu-chengduo,2016-04-01 00:00,-2.1,35.5,2.8,0,中,中,低,tpdc,cmfd-regional-v0106,CMFD_V0106_regional,False,2026-06-28T16:29:29.481340+00:00,323
yushu-zaduo,CMFD_regional_yushu-zaduo,2016-04-01 00:00,-2.9,45.0,3.0,0,中,中,低,tpdc,cmfd-regional-v0106,CMFD_V0106_regional,False,2026-06-28T16:29:29.481414+00:00,578
guoluo-maqin,CMFD_regional_guoluo-maqin,2016-04-01 00:00,-1.1,52.4,2.5,0,中,高,低,tpdc,cmfd-regional-v0106,CMFD_V0106_regional,False,2026-06-28T16:29:29.481492+00:00,352
guoluo-jiuzhi,CMFD_regional_guoluo-jiuzhi,2016-04-01 00:00,0.6,52.8,2.5,0,低,低,低,tpdc,cmfd-regional-v0106,CMFD_V0106_regional,False,2026-06-28T16:29:29.481560+00:00,150
haibei-gangcha,CMFD_regional_haibei-gangcha,2016-04-01 00:00,0.3,36.0,3.5,0,低,低,低,tpdc,cmfd-regional-v0106,CMFD_V0106_regional,False,2026-06-28T16:29:29.481635+00:00,144
huangnan-zeku,CMFD_regional_huangnan-zeku,2016-04-01 00:00,0.9,51.1,2.3,0,低,低,低,tpdc,cmfd-regional-v0106,CMFD_V0106_regional,False,2026-06-28T16:29:29.481704+00:00,112
ganzi-shiqu,CMFD_regional_ganzi-shiqu,2016-04-01 00:00,-1.9,45.9,2.8,0,中,中,低,tpdc,cmfd-regional-v0106,CMFD_V0106_regional,False,2026-06-28T16:29:29.481782+00:00,380
ganzi-seda,CMFD_regional_ganzi-seda,2016-04-01 00:00,0.4,54.7,2.5,0,低,低,低,tpdc,cmfd-regional-v0106,CMFD_V0106_regional,False,2026-06-28T16:29:29.481855+00:00,208
aba-hongyuan,CMFD_regional_aba-hongyuan,2016-04-01 00:00,2.5,101.7,2.1,0,低,低,低,tpdc,cmfd-regional-v0106,CMFD_V0106_regional,False,2026-06-28T16:29:29.481929+00:00,196
gannan-luqu,CMFD_regional_gannan-luqu,2016-04-01 00:00,2.4,24.6,2.6,0,低,低,低,tpdc,cmfd-regional-v0106,CMFD_V0106_regional,False,2026-06-28T16:29:29.481991+00:00,80
linzhi-bayi,CMFD_regional_linzhi-bayi,2016-04-01 00:00,1.2,120.9,1.7,0,低,低,低,tpdc,cmfd-regional-v0106,CMFD_V0106_regional,False,2026-06-28T16:29:29.482062+00:00,144
naqu-bange,CMFD_regional_naqu-bange,2016-05-01 00:00,3.0,50.9,3.3,0,低,低,低,tpdc,cmfd-regional-v0106,CMFD_V0106_regional,False,2026-06-28T16:29:29.489534+00:00,529
naqu-seni,CMFD_regional_naqu-seni,2016-05-01 00:00,2.5,59.8,2.5,0,低,低,低,tpdc,cmfd-regional-v0106,CMFD_V0106_regional,False,2026-06-28T16:29:29.489610+00:00,280
naqu-nierong,CMFD_regional_naqu-nierong,2016-05-01 00:00,0.9,47.5,3.0,0,低,低,低,tpdc,cmfd-regional-v0106,CMFD_V0106_regional,False,2026-06-28T16:29:29.489679+00:00,187
naqu-anduo,CMFD_regional_naqu-anduo,2016-05-01 00:00,-0.9,57.4,3.7,0,中,高,低,tpdc,cmfd-regional-v0106,CMFD_V0106_regional,False,2026-06-28T16:29:29.489802+00:00,1872
naqu-shenzha,CMFD_regional_naqu-shenzha,2016-05-01 00:00,2.8,48.9,3.6,0,低,低,低,tpdc,cmfd-regional-v0106,CMFD_V0106_regional,False,2026-06-28T16:29:29.489876+00:00,440
changdu-karuo,CMFD_regional_changdu-karuo,2016-05-01 00:00,6.5,38.8,2.0,0,低,低,低,tpdc,cmfd-regional-v0106,CMFD_V0106_regional,False,2026-06-28T16:29:29.489941+00:00,208
changdu-luolong,CMFD_regional_changdu-luolong,2016-05-01 00:00,3.2,37.9,2.6,0,低,低,低,tpdc,cmfd-regional-v0106,CMFD_V0106_regional,False,2026-06-28T16:29:29.490005+00:00,140
changdu-leiwuqi,CMFD_regional_changdu-leiwuqi,2016-05-01 00:00,6.0,34.7,2.3,0,低,低,低,tpdc,cmfd-regional-v0106,CMFD_V0106_regional,False,2026-06-28T16:29:29.490069+00:00,120
changdu-jiangda,CMFD_regional_changdu-jiangda,2016-05-01 00:00,5.8,43.5,1.9,0,低,低,低,tpdc,cmfd-regional-v0106,CMFD_V0106_regional,False,2026-06-28T16:29:29.490131+00:00,256
rikaze-xietongmen,CMFD_regional_rikaze-xietongmen,2016-05-01 00:00,3.9,59.1,2.6,0,低,低,低,tpdc,cmfd-regional-v0106,CMFD_V0106_regional,False,2026-06-28T16:29:29.490210+00:00,209
rikaze-jiangzi,CMFD_regional_rikaze-jiangzi,2016-05-01 00:00,5.7,24.3,3.7,0,低,低,低,tpdc,cmfd-regional-v0106,CMFD_V0106_regional,False,2026-06-28T16:29:29.490272+00:00,77
rikaze-kangma,CMFD_regional_rikaze-kangma,2016-05-01 00:00,3.2,27.3,4.4,0,低,低,低,tpdc,cmfd-regional-v0106,CMFD_V0106_regional,False,2026-06-28T16:29:29.490331+00:00,84
rikaze-zhongba,CMFD_regional_rikaze-zhongba,2016-05-01 00:00,2.3,40.1,3.7,0,低,低,低,tpdc,cmfd-regional-v0106,CMFD_V0106_regional,False,2026-06-28T16:29:29.490425+00:00,702
shannan-cuona,CMFD_regional_shannan-cuona,2016-05-01 00:00,12.1,107.9,1.9,0,低,低,低,tpdc,cmfd-regional-v0106,CMFD_V0106_regional,False,2026-06-28T16:29:29.490515+00:00,480
ali-gaize,CMFD_regional_ali-gaize,2016-05-01 00:00,0.2,70.7,3.3,0,低,低,低,tpdc,cmfd-regional-v0106,CMFD_V0106_regional,False,2026-06-28T16:29:29.490623+00:00,1892
yushu-chengduo,CMFD_regional_yushu-chengduo,2016-05-01 00:00,1.8,62.4,2.8,0,低,低,低,tpdc,cmfd-regional-v0106,CMFD_V0106_regional,False,2026-06-28T16:29:29.490700+00:00,323
yushu-zaduo,CMFD_regional_yushu-zaduo,2016-05-01 00:00,1.5,59.9,3.1,0,低,低,低,tpdc,cmfd-regional-v0106,CMFD_V0106_regional,False,2026-06-28T16:29:29.490770+00:00,578
guoluo-maqin,CMFD_regional_guoluo-maqin,2016-05-01 00:00,3.1,84.6,2.7,0,低,低,低,tpdc,cmfd-regional-v0106,CMFD_V0106_regional,False,2026-06-28T16:29:29.490834+00:00,352
guoluo-jiuzhi,CMFD_regional_guoluo-jiuzhi,2016-05-01 00:00,3.9,108.0,2.3,0,低,低,低,tpdc,cmfd-regional-v0106,CMFD_V0106_regional,False,2026-06-28T16:29:29.490898+00:00,150
haibei-gangcha,CMFD_regional_haibei-gangcha,2016-05-01 00:00,4.0,52.2,3.6,0,低,低,低,tpdc,cmfd-regional-v0106,CMFD_V0106_regional,False,2026-06-28T16:29:29.490964+00:00,144
huangnan-zeku,CMFD_regional_huangnan-zeku,2016-05-01 00:00,4.5,127.1,2.2,0,低,低,低,tpdc,cmfd-regional-v0106,CMFD_V0106_regional,False,2026-06-28T16:29:29.491030+00:00,112
ganzi-shiqu,CMFD_regional_ganzi-shiqu,2016-05-01 00:00,2.8,73.4,2.9,0,低,低,低,tpdc,cmfd-regional-v0106,CMFD_V0106_regional,False,2026-06-28T16:29:29.491101+00:00,380
ganzi-seda,CMFD_regional_ganzi-seda,2016-05-01 00:00,5.0,75.1,2.3,0,低,低,低,tpdc,cmfd-regional-v0106,CMFD_V0106_regional,False,2026-06-28T16:29:29.491165+00:00,208
aba-hongyuan,CMFD_regional_aba-hongyuan,2016-05-01 00:00,6.1,112.5,2.3,0,低,低,低,tpdc,cmfd-regional-v0106,CMFD_V0106_regional,False,2026-06-28T16:29:29.491231+00:00,196
gannan-luqu,CMFD_regional_gannan-luqu,2016-05-01 00:00,5.7,86.1,2.8,0,低,低,低,tpdc,cmfd-regional-v0106,CMFD_V0106_regional,False,2026-06-28T16:29:29.491297+00:00,80
linzhi-bayi,CMFD_regional_linzhi-bayi,2016-05-01 00:00,4.6,55.4,2.0,0,低,低,低,tpdc,cmfd-regional-v0106,CMFD_V0106_regional,False,2026-06-28T16:29:29.491359+00:00,144
naqu-bange,CMFD_regional_naqu-bange,2016-06-01 00:00,6.6,99.7,2.9,0,低,低,低,tpdc,cmfd-regional-v0106,CMFD_V0106_regional,False,2026-06-28T16:29:29.498916+00:00,529
naqu-seni,CMFD_regional_naqu-seni,2016-06-01 00:00,6.1,128.5,2.3,0,低,低,低,tpdc,cmfd-regional-v0106,CMFD_V0106_regional,False,2026-06-28T16:29:29.498999+00:00,280
naqu-nierong,CMFD_regional_naqu-nierong,2016-06-01 00:00,4.5,122.8,2.6,0,低,低,低,tpdc,cmfd-regional-v0106,CMFD_V0106_regional,False,2026-06-28T16:29:29.499082+00:00,187
naqu-anduo,CMFD_regional_naqu-anduo,2016-06-01 00:00,4.1,63.9,3.5,0,低,低,低,tpdc,cmfd-regional-v0106,CMFD_V0106_regional,False,2026-06-28T16:29:29.499197+00:00,1872
naqu-shenzha,CMFD_regional_naqu-shenzha,2016-06-01 00:00,7.0,100.4,3.3,0,低,低,低,tpdc,cmfd-regional-v0106,CMFD_V0106_regional,False,2026-06-28T16:29:29.499267+00:00,440
changdu-karuo,CMFD_regional_changdu-karuo,2016-06-01 00:00,8.2,108.8,1.7,0,低,低,低,tpdc,cmfd-regional-v0106,CMFD_V0106_regional,False,2026-06-28T16:29:29.499329+00:00,208
changdu-luolong,CMFD_regional_changdu-luolong,2016-06-01 00:00,5.5,109.0,2.0,0,低,低,低,tpdc,cmfd-regional-v0106,CMFD_V0106_regional,False,2026-06-28T16:29:29.499385+00:00,140
changdu-leiwuqi,CMFD_regional_changdu-leiwuqi,2016-06-01 00:00,7.5,136.0,1.7,0,低,低,低,tpdc,cmfd-regional-v0106,CMFD_V0106_regional,False,2026-06-28T16:29:29.499441+00:00,120
changdu-jiangda,CMFD_regional_changdu-jiangda,2016-06-01 00:00,7.7,101.7,1.7,0,低,低,低,tpdc,cmfd-regional-v0106,CMFD_V0106_regional,False,2026-06-28T16:29:29.499499+00:00,256
rikaze-xietongmen,CMFD_regional_rikaze-xietongmen,2016-06-01 00:00,7.0,130.7,2.2,0,低,低,低,tpdc,cmfd-regional-v0106,CMFD_V0106_regional,False,2026-06-28T16:29:29.499559+00:00,209
rikaze-jiangzi,CMFD_regional_rikaze-jiangzi,2016-06-01 00:00,8.5,85.0,3.6,0,低,低,低,tpdc,cmfd-regional-v0106,CMFD_V0106_regional,False,2026-06-28T16:29:29.499618+00:00,77
rikaze-kangma,CMFD_regional_rikaze-kangma,2016-06-01 00:00,6.6,65.5,4.3,0,低,低,低,tpdc,cmfd-regional-v0106,CMFD_V0106_regional,False,2026-06-28T16:29:29.499675+00:00,84
rikaze-zhongba,CMFD_regional_rikaze-zhongba,2016-06-01 00:00,8.4,31.5,3.6,0,低,低,低,tpdc,cmfd-regional-v0106,CMFD_V0106_regional,False,2026-06-28T16:29:29.499760+00:00,702
shannan-cuona,CMFD_regional_shannan-cuona,2016-06-01 00:00,14.7,118.8,1.5,0,低,低,低,tpdc,cmfd-regional-v0106,CMFD_V0106_regional,False,2026-06-28T16:29:29.499840+00:00,480
ali-gaize,CMFD_regional_ali-gaize,2016-06-01 00:00,6.3,33.8,3.7,0,低,低,低,tpdc,cmfd-regional-v0106,CMFD_V0106_regional,False,2026-06-28T16:29:29.499935+00:00,1892
yushu-chengduo,CMFD_regional_yushu-chengduo,2016-06-01 00:00,6.3,44.2,2.5,0,低,低,低,tpdc,cmfd-regional-v0106,CMFD_V0106_regional,False,2026-06-28T16:29:29.500000+00:00,323
yushu-zaduo,CMFD_regional_yushu-zaduo,2016-06-01 00:00,5.5,77.9,2.6,0,低,低,低,tpdc,cmfd-regional-v0106,CMFD_V0106_regional,False,2026-06-28T16:29:29.500066+00:00,578
guoluo-maqin,CMFD_regional_guoluo-maqin,2016-06-01 00:00,6.5,74.5,2.3,0,低,低,低,tpdc,cmfd-regional-v0106,CMFD_V0106_regional,False,2026-06-28T16:29:29.500125+00:00,352
guoluo-jiuzhi,CMFD_regional_guoluo-jiuzhi,2016-06-01 00:00,6.7,65.4,2.1,0,低,低,低,tpdc,cmfd-regional-v0106,CMFD_V0106_regional,False,2026-06-28T16:29:29.500181+00:00,150
haibei-gangcha,CMFD_regional_haibei-gangcha,2016-06-01 00:00,7.9,56.6,3.2,0,低,低,低,tpdc,cmfd-regional-v0106,CMFD_V0106_regional,False,2026-06-28T16:29:29.500239+00:00,144
huangnan-zeku,CMFD_regional_huangnan-zeku,2016-06-01 00:00,7.8,64.3,2.0,0,低,低,低,tpdc,cmfd-regional-v0106,CMFD_V0106_regional,False,2026-06-28T16:29:29.500345+00:00,112
ganzi-shiqu,CMFD_regional_ganzi-shiqu,2016-06-01 00:00,6.3,59.5,2.5,0,低,低,低,tpdc,cmfd-regional-v0106,CMFD_V0106_regional,False,2026-06-28T16:29:29.500424+00:00,380
ganzi-seda,CMFD_regional_ganzi-seda,2016-06-01 00:00,7.3,67.1,2.2,0,低,低,低,tpdc,cmfd-regional-v0106,CMFD_V0106_regional,False,2026-06-28T16:29:29.500489+00:00,208
aba-hongyuan,CMFD_regional_aba-hongyuan,2016-06-01 00:00,8.1,104.3,1.9,0,低,低,低,tpdc,cmfd-regional-v0106,CMFD_V0106_regional,False,2026-06-28T16:29:29.500551+00:00,196
gannan-luqu,CMFD_regional_gannan-luqu,2016-06-01 00:00,9.0,85.3,2.3,0,低,低,低,tpdc,cmfd-regional-v0106,CMFD_V0106_regional,False,2026-06-28T16:29:29.500610+00:00,80
linzhi-bayi,CMFD_regional_linzhi-bayi,2016-06-01 00:00,7.2,186.0,1.6,0,低,低,低,tpdc,cmfd-regional-v0106,CMFD_V0106_regional,False,2026-06-28T16:29:29.500669+00:00,144
naqu-bange,CMFD_regional_naqu-bange,2016-07-01 00:00,8.6,117.5,2.9,0,低,低,低,tpdc,cmfd-regional-v0106,CMFD_V0106_regional,False,2026-06-28T16:29:29.508545+00:00,529
naqu-seni,CMFD_regional_naqu-seni,2016-07-01 00:00,8.1,151.4,2.2,0,低,低,低,tpdc,cmfd-regional-v0106,CMFD_V0106_regional,False,2026-06-28T16:29:29.508626+00:00,280
naqu-nierong,CMFD_regional_naqu-nierong,2016-07-01 00:00,7.3,136.7,2.6,0,低,低,低,tpdc,cmfd-regional-v0106,CMFD_V0106_regional,False,2026-06-28T16:29:29.508696+00:00,187
naqu-anduo,CMFD_regional_naqu-anduo,2016-07-01 00:00,7.2,87.7,3.2,0,低,低,低,tpdc,cmfd-regional-v0106,CMFD_V0106_regional,False,2026-06-28T16:29:29.508820+00:00,1872
naqu-shenzha,CMFD_regional_naqu-shenzha,2016-07-01 00:00,8.9,172.3,3.1,0,低,低,低,tpdc,cmfd-regional-v0106,CMFD_V0106_regional,False,2026-06-28T16:29:29.508901+00:00,440
changdu-karuo,CMFD_regional_changdu-karuo,2016-07-01 00:00,9.3,133.5,1.5,0,低,低,低,tpdc,cmfd-regional-v0106,CMFD_V0106_regional,False,2026-06-28T16:29:29.508965+00:00,208
changdu-luolong,CMFD_regional_changdu-luolong,2016-07-01 00:00,7.3,95.7,1.9,0,低,低,低,tpdc,cmfd-regional-v0106,CMFD_V0106_regional,False,2026-06-28T16:29:29.509032+00:00,140
changdu-leiwuqi,CMFD_regional_changdu-leiwuqi,2016-07-01 00:00,8.8,123.9,1.6,0,低,低,低,tpdc,cmfd-regional-v0106,CMFD_V0106_regional,False,2026-06-28T16:29:29.509096+00:00,120
changdu-jiangda,CMFD_regional_changdu-jiangda,2016-07-01 00:00,8.7,155.1,1.6,0,低,低,低,tpdc,cmfd-regional-v0106,CMFD_V0106_regional,False,2026-06-28T16:29:29.509158+00:00,256
rikaze-xietongmen,CMFD_regional_rikaze-xietongmen,2016-07-01 00:00,7.7,186.6,1.9,0,低,低,低,tpdc,cmfd-regional-v0106,CMFD_V0106_regional,False,2026-06-28T16:29:29.509222+00:00,209
rikaze-jiangzi,CMFD_regional_rikaze-jiangzi,2016-07-01 00:00,9.2,131.9,3.1,0,低,低,低,tpdc,cmfd-regional-v0106,CMFD_V0106_regional,False,2026-06-28T16:29:29.509281+00:00,77
rikaze-kangma,CMFD_regional_rikaze-kangma,2016-07-01 00:00,7.3,131.3,3.9,0,低,低,低,tpdc,cmfd-regional-v0106,CMFD_V0106_regional,False,2026-06-28T16:29:29.509399+00:00,84
rikaze-zhongba,CMFD_regional_rikaze-zhongba,2016-07-01 00:00,8.9,79.0,3.4,0,低,低,低,tpdc,cmfd-regional-v0106,CMFD_V0106_regional,False,2026-06-28T16:29:29.509530+00:00,702
shannan-cuona,CMFD_regional_shannan-cuona,2016-07-01 00:00,14.6,201.2,1.0,0,低,低,低,tpdc,cmfd-regional-v0106,CMFD_V0106_regional,False,2026-06-28T16:29:29.509622+00:00,480
ali-gaize,CMFD_regional_ali-gaize,2016-07-01 00:00,8.3,61.1,3.4,0,低,低,低,tpdc,cmfd-regional-v0106,CMFD_V0106_regional,False,2026-06-28T16:29:29.509757+00:00,1892
yushu-chengduo,CMFD_regional_yushu-chengduo,2016-07-01 00:00,7.7,92.2,2.4,0,低,低,低,tpdc,cmfd-regional-v0106,CMFD_V0106_regional,False,2026-06-28T16:29:29.509856+00:00,323
yushu-zaduo,CMFD_regional_yushu-zaduo,2016-07-01 00:00,7.3,115.5,2.5,0,低,低,低,tpdc,cmfd-regional-v0106,CMFD_V0106_regional,False,2026-06-28T16:29:29.510047+00:00,578
guoluo-maqin,CMFD_regional_guoluo-maqin,2016-07-01 00:00,9.0,107.3,2.3,0,低,低,低,tpdc,cmfd-regional-v0106,CMFD_V0106_regional,False,2026-06-28T16:29:29.510162+00:00,352
guoluo-jiuzhi,CMFD_regional_guoluo-jiuzhi,2016-07-01 00:00,8.7,103.6,1.9,0,低,低,低,tpdc,cmfd-regional-v0106,CMFD_V0106_regional,False,2026-06-28T16:29:29.510239+00:00,150
haibei-gangcha,CMFD_regional_haibei-gangcha,2016-07-01 00:00,10.9,141.6,2.7,0,低,低,低,tpdc,cmfd-regional-v0106,CMFD_V0106_regional,False,2026-06-28T16:29:29.510308+00:00,144
huangnan-zeku,CMFD_regional_huangnan-zeku,2016-07-01 00:00,10.5,88.8,2.1,0,低,低,低,tpdc,cmfd-regional-v0106,CMFD_V0106_regional,False,2026-06-28T16:29:29.510417+00:00,112
ganzi-shiqu,CMFD_regional_ganzi-shiqu,2016-07-01 00:00,7.8,114.6,2.5,0,低,低,低,tpdc,cmfd-regional-v0106,CMFD_V0106_regional,False,2026-06-28T16:29:29.510498+00:00,380
ganzi-seda,CMFD_regional_ganzi-seda,2016-07-01 00:00,8.9,152.3,1.9,0,低,低,低,tpdc,cmfd-regional-v0106,CMFD_V0106_regional,False,2026-06-28T16:29:29.510630+00:00,208
aba-hongyuan,CMFD_regional_aba-hongyuan,2016-07-01 00:00,10.3,118.1,1.9,0,低,低,低,tpdc,cmfd-regional-v0106,CMFD_V0106_regional,False,2026-06-28T16:29:29.510707+00:00,196
gannan-luqu,CMFD_regional_gannan-luqu,2016-07-01 00:00,11.6,112.5,2.2,0,低,低,低,tpdc,cmfd-regional-v0106,CMFD_V0106_regional,False,2026-06-28T16:29:29.510773+00:00,80
linzhi-bayi,CMFD_regional_linzhi-bayi,2016-07-01 00:00,8.7,148.2,1.6,0,低,低,低,tpdc,cmfd-regional-v0106,CMFD_V0106_regional,False,2026-06-28T16:29:29.510836+00:00,144
naqu-bange,CMFD_regional_naqu-bange,2016-08-01 00:00,8.4,75.7,2.8,0,低,低,低,tpdc,cmfd-regional-v0106,CMFD_V0106_regional,False,2026-06-28T16:29:29.521166+00:00,529
naqu-seni,CMFD_regional_naqu-seni,2016-08-01 00:00,8.6,77.7,2.1,0,低,低,低,tpdc,cmfd-regional-v0106,CMFD_V0106_regional,False,2026-06-28T16:29:29.521259+00:00,280
naqu-nierong,CMFD_regional_naqu-nierong,2016-08-01 00:00,8.1,42.8,2.7,0,低,低,低,tpdc,cmfd-regional-v0106,CMFD_V0106_regional,False,2026-06-28T16:29:29.521338+00:00,187
naqu-anduo,CMFD_regional_naqu-anduo,2016-08-01 00:00,7.6,51.6,3.6,0,低,低,低,tpdc,cmfd-regional-v0106,CMFD_V0106_regional,False,2026-06-28T16:29:29.521531+00:00,1872
naqu-shenzha,CMFD_regional_naqu-shenzha,2016-08-01 00:00,8.3,73.5,3.2,0,低,低,低,tpdc,cmfd-regional-v0106,CMFD_V0106_regional,False,2026-06-28T16:29:29.521640+00:00,440
changdu-karuo,CMFD_regional_changdu-karuo,2016-08-01 00:00,11.0,27.4,1.5,0,低,低,低,tpdc,cmfd-regional-v0106,CMFD_V0106_regional,False,2026-06-28T16:29:29.521708+00:00,208
changdu-luolong,CMFD_regional_changdu-luolong,2016-08-01 00:00,8.8,16.5,1.9,0,低,低,中,tpdc,cmfd-regional-v0106,CMFD_V0106_regional,False,2026-06-28T16:29:29.521768+00:00,140
changdu-leiwuqi,CMFD_regional_changdu-leiwuqi,2016-08-01 00:00,10.7,23.9,1.6,0,低,低,低,tpdc,cmfd-regional-v0106,CMFD_V0106_regional,False,2026-06-28T16:29:29.521828+00:00,120
changdu-jiangda,CMFD_regional_changdu-jiangda,2016-08-01 00:00,10.5,37.8,1.6,0,低,低,低,tpdc,cmfd-regional-v0106,CMFD_V0106_regional,False,2026-06-28T16:29:29.521893+00:00,256
rikaze-xietongmen,CMFD_regional_rikaze-xietongmen,2016-08-01 00:00,7.3,94.6,2.3,0,低,低,低,tpdc,cmfd-regional-v0106,CMFD_V0106_regional,False,2026-06-28T16:29:29.521958+00:00,209
rikaze-jiangzi,CMFD_regional_rikaze-jiangzi,2016-08-01 00:00,8.9,52.9,2.9,0,低,低,低,tpdc,cmfd-regional-v0106,CMFD_V0106_regional,False,2026-06-28T16:29:29.522018+00:00,77
rikaze-kangma,CMFD_regional_rikaze-kangma,2016-08-01 00:00,6.8,50.5,3.7,0,低,低,低,tpdc,cmfd-regional-v0106,CMFD_V0106_regional,False,2026-06-28T16:29:29.522078+00:00,84
rikaze-zhongba,CMFD_regional_rikaze-zhongba,2016-08-01 00:00,7.7,93.0,3.3,0,低,低,低,tpdc,cmfd-regional-v0106,CMFD_V0106_regional,False,2026-06-28T16:29:29.522173+00:00,702
shannan-cuona,CMFD_regional_shannan-cuona,2016-08-01 00:00,15.9,190.3,1.2,0,低,低,低,tpdc,cmfd-regional-v0106,CMFD_V0106_regional,False,2026-06-28T16:29:29.522262+00:00,480
ali-gaize,CMFD_regional_ali-gaize,2016-08-01 00:00,8.5,65.2,3.4,0,低,低,低,tpdc,cmfd-regional-v0106,CMFD_V0106_regional,False,2026-06-28T16:29:29.522458+00:00,1892
yushu-chengduo,CMFD_regional_yushu-chengduo,2016-08-01 00:00,9.8,55.1,2.4,0,低,低,低,tpdc,cmfd-regional-v0106,CMFD_V0106_regional,False,2026-06-28T16:29:29.522541+00:00,323
yushu-zaduo,CMFD_regional_yushu-zaduo,2016-08-01 00:00,8.7,37.7,2.6,0,低,低,低,tpdc,cmfd-regional-v0106,CMFD_V0106_regional,False,2026-06-28T16:29:29.522615+00:00,578
guoluo-maqin,CMFD_regional_guoluo-maqin,2016-08-01 00:00,10.7,143.1,2.2,0,低,低,低,tpdc,cmfd-regional-v0106,CMFD_V0106_regional,False,2026-06-28T16:29:29.522679+00:00,352
guoluo-jiuzhi,CMFD_regional_guoluo-jiuzhi,2016-08-01 00:00,9.7,115.1,1.7,0,低,低,低,tpdc,cmfd-regional-v0106,CMFD_V0106_regional,False,2026-06-28T16:29:29.522740+00:00,150
haibei-gangcha,CMFD_regional_haibei-gangcha,2016-08-01 00:00,12.0,235.8,2.7,0,低,低,低,tpdc,cmfd-regional-v0106,CMFD_V0106_regional,False,2026-06-28T16:29:29.522800+00:00,144
huangnan-zeku,CMFD_regional_huangnan-zeku,2016-08-01 00:00,12.3,198.5,1.8,0,低,低,低,tpdc,cmfd-regional-v0106,CMFD_V0106_regional,False,2026-06-28T16:29:29.522862+00:00,112
ganzi-shiqu,CMFD_regional_ganzi-shiqu,2016-08-01 00:00,9.6,83.1,2.3,0,低,低,低,tpdc,cmfd-regional-v0106,CMFD_V0106_regional,False,2026-06-28T16:29:29.522927+00:00,380
ganzi-seda,CMFD_regional_ganzi-seda,2016-08-01 00:00,9.8,66.1,1.8,0,低,低,低,tpdc,cmfd-regional-v0106,CMFD_V0106_regional,False,2026-06-28T16:29:29.522988+00:00,208
aba-hongyuan,CMFD_regional_aba-hongyuan,2016-08-01 00:00,11.7,55.1,1.7,0,低,低,低,tpdc,cmfd-regional-v0106,CMFD_V0106_regional,False,2026-06-28T16:29:29.523051+00:00,196
gannan-luqu,CMFD_regional_gannan-luqu,2016-08-01 00:00,13.1,177.3,2.2,0,低,低,低,tpdc,cmfd-regional-v0106,CMFD_V0106_regional,False,2026-06-28T16:29:29.523106+00:00,80
linzhi-bayi,CMFD_regional_linzhi-bayi,2016-08-01 00:00,9.6,61.5,1.7,0,低,低,低,tpdc,cmfd-regional-v0106,CMFD_V0106_regional,False,2026-06-28T16:29:29.523165+00:00,144
naqu-bange,CMFD_regional_naqu-bange,2016-09-01 00:00,5.0,98.5,2.7,0,低,低,低,tpdc,cmfd-regional-v0106,CMFD_V0106_regional,False,2026-06-28T16:29:29.530658+00:00,529
naqu-seni,CMFD_regional_naqu-seni,2016-09-01 00:00,4.1,102.9,2.0,0,低,低,低,tpdc,cmfd-regional-v0106,CMFD_V0106_regional,False,2026-06-28T16:29:29.530733+00:00,280
naqu-nierong,CMFD_regional_naqu-nierong,2016-09-01 00:00,2.6,78.6,2.4,0,低,低,低,tpdc,cmfd-regional-v0106,CMFD_V0106_regional,False,2026-06-28T16:29:29.530801+00:00,187
naqu-anduo,CMFD_regional_naqu-anduo,2016-09-01 00:00,1.4,69.9,2.8,0,低,低,低,tpdc,cmfd-regional-v0106,CMFD_V0106_regional,False,2026-06-28T16:29:29.530915+00:00,1872
naqu-shenzha,CMFD_regional_naqu-shenzha,2016-09-01 00:00,5.5,75.8,2.9,0,低,低,低,tpdc,cmfd-regional-v0106,CMFD_V0106_regional,False,2026-06-28T16:29:29.530991+00:00,440
changdu-karuo,CMFD_regional_changdu-karuo,2016-09-01 00:00,5.3,147.8,1.4,0,低,低,低,tpdc,cmfd-regional-v0106,CMFD_V0106_regional,False,2026-06-28T16:29:29.531053+00:00,208
changdu-luolong,CMFD_regional_changdu-luolong,2016-09-01 00:00,3.8,136.4,2.0,0,低,低,低,tpdc,cmfd-regional-v0106,CMFD_V0106_regional,False,2026-06-28T16:29:29.531111+00:00,140
changdu-leiwuqi,CMFD_regional_changdu-leiwuqi,2016-09-01 00:00,5.2,151.0,1.6,0,低,低,低,tpdc,cmfd-regional-v0106,CMFD_V0106_regional,False,2026-06-28T16:29:29.531168+00:00,120
changdu-jiangda,CMFD_regional_changdu-jiangda,2016-09-01 00:00,4.9,134.6,1.4,0,低,低,低,tpdc,cmfd-regional-v0106,CMFD_V0106_regional,False,2026-06-28T16:29:29.531229+00:00,256
rikaze-xietongmen,CMFD_regional_rikaze-xietongmen,2016-09-01 00:00,5.5,55.7,1.9,0,低,低,低,tpdc,cmfd-regional-v0106,CMFD_V0106_regional,False,2026-06-28T16:29:29.531292+00:00,209
rikaze-jiangzi,CMFD_regional_rikaze-jiangzi,2016-09-01 00:00,7.2,50.4,3.2,0,低,低,低,tpdc,cmfd-regional-v0106,CMFD_V0106_regional,False,2026-06-28T16:29:29.531352+00:00,77
rikaze-kangma,CMFD_regional_rikaze-kangma,2016-09-01 00:00,5.5,50.7,3.8,0,低,低,低,tpdc,cmfd-regional-v0106,CMFD_V0106_regional,False,2026-06-28T16:29:29.531411+00:00,84
rikaze-zhongba,CMFD_regional_rikaze-zhongba,2016-09-01 00:00,5.6,28.0,3.2,0,低,低,低,tpdc,cmfd-regional-v0106,CMFD_V0106_regional,False,2026-06-28T16:29:29.531501+00:00,702
shannan-cuona,CMFD_regional_shannan-cuona,2016-09-01 00:00,14.2,183.6,1.4,0,低,低,低,tpdc,cmfd-regional-v0106,CMFD_V0106_regional,False,2026-06-28T16:29:29.531579+00:00,480
ali-gaize,CMFD_regional_ali-gaize,2016-09-01 00:00,3.0,45.2,3.0,0,低,低,低,tpdc,cmfd-regional-v0106,CMFD_V0106_regional,False,2026-06-28T16:29:29.531671+00:00,1892
yushu-chengduo,CMFD_regional_yushu-chengduo,2016-09-01 00:00,2.6,64.1,2.0,0,低,低,低,tpdc,cmfd-regional-v0106,CMFD_V0106_regional,False,2026-06-28T16:29:29.531733+00:00,323
yushu-zaduo,CMFD_regional_yushu-zaduo,2016-09-01 00:00,2.8,67.1,2.4,0,低,低,低,tpdc,cmfd-regional-v0106,CMFD_V0106_regional,False,2026-06-28T16:29:29.531815+00:00,578
guoluo-maqin,CMFD_regional_guoluo-maqin,2016-09-01 00:00,3.5,67.2,2.0,0,低,低,低,tpdc,cmfd-regional-v0106,CMFD_V0106_regional,False,2026-06-28T16:29:29.531966+00:00,352
guoluo-jiuzhi,CMFD_regional_guoluo-jiuzhi,2016-09-01 00:00,4.0,76.2,1.9,0,低,低,低,tpdc,cmfd-regional-v0106,CMFD_V0106_regional,False,2026-06-28T16:29:29.532063+00:00,150
haibei-gangcha,CMFD_regional_haibei-gangcha,2016-09-01 00:00,4.4,72.5,2.3,0,低,低,低,tpdc,cmfd-regional-v0106,CMFD_V0106_regional,False,2026-06-28T16:29:29.532129+00:00,144
huangnan-zeku,CMFD_regional_huangnan-zeku,2016-09-01 00:00,4.3,69.9,1.7,0,低,低,低,tpdc,cmfd-regional-v0106,CMFD_V0106_regional,False,2026-06-28T16:29:29.532191+00:00,112
ganzi-shiqu,CMFD_regional_ganzi-shiqu,2016-09-01 00:00,3.0,68.3,2.1,0,低,低,低,tpdc,cmfd-regional-v0106,CMFD_V0106_regional,False,2026-06-28T16:29:29.532264+00:00,380
ganzi-seda,CMFD_regional_ganzi-seda,2016-09-01 00:00,4.9,129.8,1.9,0,低,低,低,tpdc,cmfd-regional-v0106,CMFD_V0106_regional,False,2026-06-28T16:29:29.532329+00:00,208
aba-hongyuan,CMFD_regional_aba-hongyuan,2016-09-01 00:00,6.0,117.9,1.7,0,低,低,低,tpdc,cmfd-regional-v0106,CMFD_V0106_regional,False,2026-06-28T16:29:29.532390+00:00,196
gannan-luqu,CMFD_regional_gannan-luqu,2016-09-01 00:00,6.0,79.8,2.2,0,低,低,低,tpdc,cmfd-regional-v0106,CMFD_V0106_regional,False,2026-06-28T16:29:29.532448+00:00,80
linzhi-bayi,CMFD_regional_linzhi-bayi,2016-09-01 00:00,5.7,246.5,1.5,0,低,低,低,tpdc,cmfd-regional-v0106,CMFD_V0106_regional,False,2026-06-28T16:29:29.532506+00:00,144
naqu-bange,CMFD_regional_naqu-bange,2016-10-01 00:00,1.2,15.5,3.2,0,低,低,中,tpdc,cmfd-regional-v0106,CMFD_V0106_regional,False,2026-06-28T16:29:29.541022+00:00,529
naqu-seni,CMFD_regional_naqu-seni,2016-10-01 00:00,0.4,31.2,2.1,0,低,低,低,tpdc,cmfd-regional-v0106,CMFD_V0106_regional,False,2026-06-28T16:29:29.541094+00:00,280
naqu-nierong,CMFD_regional_naqu-nierong,2016-10-01 00:00,-1.7,34.1,2.6,0,中,中,低,tpdc,cmfd-regional-v0106,CMFD_V0106_regional,False,2026-06-28T16:29:29.541156+00:00,187
naqu-anduo,CMFD_regional_naqu-anduo,2016-10-01 00:00,-4.1,18.1,3.4,0,中,低,中,tpdc,cmfd-regional-v0106,CMFD_V0106_regional,False,2026-06-28T16:29:29.541276+00:00,1872
naqu-shenzha,CMFD_regional_naqu-shenzha,2016-10-01 00:00,0.9,10.6,3.5,0,低,低,中,tpdc,cmfd-regional-v0106,CMFD_V0106_regional,False,2026-06-28T16:29:29.541349+00:00,440
changdu-karuo,CMFD_regional_changdu-karuo,2016-10-01 00:00,2.4,32.0,1.5,0,低,低,低,tpdc,cmfd-regional-v0106,CMFD_V0106_regional,False,2026-06-28T16:29:29.541410+00:00,208
changdu-luolong,CMFD_regional_changdu-luolong,2016-10-01 00:00,0.4,28.7,2.4,0,低,低,低,tpdc,cmfd-regional-v0106,CMFD_V0106_regional,False,2026-06-28T16:29:29.541468+00:00,140
changdu-leiwuqi,CMFD_regional_changdu-leiwuqi,2016-10-01 00:00,1.9,37.4,1.7,0,低,低,低,tpdc,cmfd-regional-v0106,CMFD_V0106_regional,False,2026-06-28T16:29:29.541524+00:00,120
changdu-jiangda,CMFD_regional_changdu-jiangda,2016-10-01 00:00,1.7,48.4,1.5,0,低,低,低,tpdc,cmfd-regional-v0106,CMFD_V0106_regional,False,2026-06-28T16:29:29.541581+00:00,256
rikaze-xietongmen,CMFD_regional_rikaze-xietongmen,2016-10-01 00:00,1.3,13.8,2.2,0,低,低,中,tpdc,cmfd-regional-v0106,CMFD_V0106_regional,False,2026-06-28T16:29:29.541641+00:00,209
rikaze-jiangzi,CMFD_regional_rikaze-jiangzi,2016-10-01 00:00,3.9,5.3,3.4,0,低,低,中,tpdc,cmfd-regional-v0106,CMFD_V0106_regional,False,2026-06-28T16:29:29.541697+00:00,77
rikaze-kangma,CMFD_regional_rikaze-kangma,2016-10-01 00:00,1.7,10.4,4.1,0,低,低,中,tpdc,cmfd-regional-v0106,CMFD_V0106_regional,False,2026-06-28T16:29:29.541751+00:00,84
rikaze-zhongba,CMFD_regional_rikaze-zhongba,2016-10-01 00:00,-1.2,31.4,3.5,0,中,中,低,tpdc,cmfd-regional-v0106,CMFD_V0106_regional,False,2026-06-28T16:29:29.541835+00:00,702
shannan-cuona,CMFD_regional_shannan-cuona,2016-10-01 00:00,10.5,92.0,1.7,0,低,低,低,tpdc,cmfd-regional-v0106,CMFD_V0106_regional,False,2026-06-28T16:29:29.541911+00:00,480
ali-gaize,CMFD_regional_ali-gaize,2016-10-01 00:00,-4.7,10.5,3.1,0,中,低,中,tpdc,cmfd-regional-v0106,CMFD_V0106_regional,False,2026-06-28T16:29:29.542002+00:00,1892
yushu-chengduo,CMFD_regional_yushu-chengduo,2016-10-01 00:00,-2.1,48.4,2.4,0,中,中,低,tpdc,cmfd-regional-v0106,CMFD_V0106_regional,False,2026-06-28T16:29:29.542065+00:00,323
yushu-zaduo,CMFD_regional_yushu-zaduo,2016-10-01 00:00,-1.8,48.4,2.6,0,中,中,低,tpdc,cmfd-regional-v0106,CMFD_V0106_regional,False,2026-06-28T16:29:29.542131+00:00,578
guoluo-maqin,CMFD_regional_guoluo-maqin,2016-10-01 00:00,-0.2,40.6,2.1,0,中,中,低,tpdc,cmfd-regional-v0106,CMFD_V0106_regional,False,2026-06-28T16:29:29.542192+00:00,352
guoluo-jiuzhi,CMFD_regional_guoluo-jiuzhi,2016-10-01 00:00,1.2,69.3,1.9,0,低,低,低,tpdc,cmfd-regional-v0106,CMFD_V0106_regional,False,2026-06-28T16:29:29.542248+00:00,150
haibei-gangcha,CMFD_regional_haibei-gangcha,2016-10-01 00:00,-0.1,14.8,2.6,0,中,低,中,tpdc,cmfd-regional-v0106,CMFD_V0106_regional,False,2026-06-28T16:29:29.542316+00:00,144
huangnan-zeku,CMFD_regional_huangnan-zeku,2016-10-01 00:00,1.0,60.2,1.8,0,低,低,低,tpdc,cmfd-regional-v0106,CMFD_V0106_regional,False,2026-06-28T16:29:29.542381+00:00,112
ganzi-shiqu,CMFD_regional_ganzi-shiqu,2016-10-01 00:00,-1.5,90.9,2.0,0,中,高,低,tpdc,cmfd-regional-v0106,CMFD_V0106_regional,False,2026-06-28T16:29:29.542451+00:00,380
ganzi-seda,CMFD_regional_ganzi-seda,2016-10-01 00:00,1.2,89.2,1.8,0,低,低,低,tpdc,cmfd-regional-v0106,CMFD_V0106_regional,False,2026-06-28T16:29:29.542514+00:00,208
aba-hongyuan,CMFD_regional_aba-hongyuan,2016-10-01 00:00,3.1,100.7,1.9,0,低,低,低,tpdc,cmfd-regional-v0106,CMFD_V0106_regional,False,2026-06-28T16:29:29.542574+00:00,196
gannan-luqu,CMFD_regional_gannan-luqu,2016-10-01 00:00,2.9,56.1,2.1,0,低,低,低,tpdc,cmfd-regional-v0106,CMFD_V0106_regional,False,2026-06-28T16:29:29.542631+00:00,80
linzhi-bayi,CMFD_regional_linzhi-bayi,2016-10-01 00:00,3.1,41.7,1.9,0,低,低,低,tpdc,cmfd-regional-v0106,CMFD_V0106_regional,False,2026-06-28T16:29:29.542687+00:00,144
naqu-bange,CMFD_regional_naqu-bange,2016-11-01 00:00,-4.3,1.7,3.7,0,中,低,高,tpdc,cmfd-regional-v0106,CMFD_V0106_regional,False,2026-06-28T16:29:29.550826+00:00,529
naqu-seni,CMFD_regional_naqu-seni,2016-11-01 00:00,-5.6,2.0,2.3,0,中,低,高,tpdc,cmfd-regional-v0106,CMFD_V0106_regional,False,2026-06-28T16:29:29.550912+00:00,280
naqu-nierong,CMFD_regional_naqu-nierong,2016-11-01 00:00,-7.5,3.4,2.9,0,中,低,高,tpdc,cmfd-regional-v0106,CMFD_V0106_regional,False,2026-06-28T16:29:29.550982+00:00,187
naqu-anduo,CMFD_regional_naqu-anduo,2016-11-01 00:00,-9.6,2.2,4.2,0,中,低,高,tpdc,cmfd-regional-v0106,CMFD_V0106_regional,False,2026-06-28T16:29:29.551108+00:00,1872
naqu-shenzha,CMFD_regional_naqu-shenzha,2016-11-01 00:00,-5.0,1.5,4.1,0,中,低,高,tpdc,cmfd-regional-v0106,CMFD_V0106_regional,False,2026-06-28T16:29:29.551182+00:00,440
changdu-karuo,CMFD_regional_changdu-karuo,2016-11-01 00:00,-2.7,3.3,1.4,0,中,低,高,tpdc,cmfd-regional-v0106,CMFD_V0106_regional,False,2026-06-28T16:29:29.551247+00:00,208
changdu-luolong,CMFD_regional_changdu-luolong,2016-11-01 00:00,-4.3,2.6,2.3,0,中,低,高,tpdc,cmfd-regional-v0106,CMFD_V0106_regional,False,2026-06-28T16:29:29.551305+00:00,140
changdu-leiwuqi,CMFD_regional_changdu-leiwuqi,2016-11-01 00:00,-2.0,1.9,1.8,0,中,低,高,tpdc,cmfd-regional-v0106,CMFD_V0106_regional,False,2026-06-28T16:29:29.551364+00:00,120
changdu-jiangda,CMFD_regional_changdu-jiangda,2016-11-01 00:00,-3.7,2.2,1.4,0,中,低,高,tpdc,cmfd-regional-v0106,CMFD_V0106_regional,False,2026-06-28T16:29:29.551425+00:00,256
rikaze-xietongmen,CMFD_regional_rikaze-xietongmen,2016-11-01 00:00,-6.3,1.8,2.5,0,中,低,高,tpdc,cmfd-regional-v0106,CMFD_V0106_regional,False,2026-06-28T16:29:29.551488+00:00,209
rikaze-jiangzi,CMFD_regional_rikaze-jiangzi,2016-11-01 00:00,-2.6,1.1,2.7,0,中,低,高,tpdc,cmfd-regional-v0106,CMFD_V0106_regional,False,2026-06-28T16:29:29.551549+00:00,77
rikaze-kangma,CMFD_regional_rikaze-kangma,2016-11-01 00:00,-4.0,3.3,3.1,0,中,低,高,tpdc,cmfd-regional-v0106,CMFD_V0106_regional,False,2026-06-28T16:29:29.551608+00:00,84
rikaze-zhongba,CMFD_regional_rikaze-zhongba,2016-11-01 00:00,-8.0,4.1,3.7,0,中,低,高,tpdc,cmfd-regional-v0106,CMFD_V0106_regional,False,2026-06-28T16:29:29.551704+00:00,702
shannan-cuona,CMFD_regional_shannan-cuona,2016-11-01 00:00,5.1,8.3,1.5,0,低,低,中,tpdc,cmfd-regional-v0106,CMFD_V0106_regional,False,2026-06-28T16:29:29.551791+00:00,480
ali-gaize,CMFD_regional_ali-gaize,2016-11-01 00:00,-11.0,1.7,3.9,0,高,低,高,tpdc,cmfd-regional-v0106,CMFD_V0106_regional,False,2026-06-28T16:29:29.551896+00:00,1892
yushu-chengduo,CMFD_regional_yushu-chengduo,2016-11-01 00:00,-7.2,5.1,2.6,0,中,低,中,tpdc,cmfd-regional-v0106,CMFD_V0106_regional,False,2026-06-28T16:29:29.551962+00:00,323
yushu-zaduo,CMFD_regional_yushu-zaduo,2016-11-01 00:00,-7.4,2.4,2.9,0,中,低,高,tpdc,cmfd-regional-v0106,CMFD_V0106_regional,False,2026-06-28T16:29:29.552030+00:00,578
guoluo-maqin,CMFD_regional_guoluo-maqin,2016-11-01 00:00,-6.7,2.5,2.1,0,中,低,高,tpdc,cmfd-regional-v0106,CMFD_V0106_regional,False,2026-06-28T16:29:29.552225+00:00,352
guoluo-jiuzhi,CMFD_regional_guoluo-jiuzhi,2016-11-01 00:00,-4.1,4.8,2.4,0,中,低,高,tpdc,cmfd-regional-v0106,CMFD_V0106_regional,False,2026-06-28T16:29:29.552296+00:00,150
haibei-gangcha,CMFD_regional_haibei-gangcha,2016-11-01 00:00,-6.7,3.1,2.9,0,中,低,高,tpdc,cmfd-regional-v0106,CMFD_V0106_regional,False,2026-06-28T16:29:29.552359+00:00,144
huangnan-zeku,CMFD_regional_huangnan-zeku,2016-11-01 00:00,-5.6,1.8,1.8,0,中,低,高,tpdc,cmfd-regional-v0106,CMFD_V0106_regional,False,2026-06-28T16:29:29.552422+00:00,112
ganzi-shiqu,CMFD_regional_ganzi-shiqu,2016-11-01 00:00,-7.6,2.4,2.0,0,中,低,高,tpdc,cmfd-regional-v0106,CMFD_V0106_regional,False,2026-06-28T16:29:29.552496+00:00,380
ganzi-seda,CMFD_regional_ganzi-seda,2016-11-01 00:00,-3.9,2.9,2.2,0,中,低,高,tpdc,cmfd-regional-v0106,CMFD_V0106_regional,False,2026-06-28T16:29:29.552569+00:00,208
aba-hongyuan,CMFD_regional_aba-hongyuan,2016-11-01 00:00,-2.0,11.9,1.9,0,中,低,中,tpdc,cmfd-regional-v0106,CMFD_V0106_regional,False,2026-06-28T16:29:29.552630+00:00,196
gannan-luqu,CMFD_regional_gannan-luqu,2016-11-01 00:00,-2.3,2.9,1.9,0,中,低,高,tpdc,cmfd-regional-v0106,CMFD_V0106_regional,False,2026-06-28T16:29:29.552690+00:00,80
linzhi-bayi,CMFD_regional_linzhi-bayi,2016-11-01 00:00,-1.8,3.9,1.8,0,中,低,高,tpdc,cmfd-regional-v0106,CMFD_V0106_regional,False,2026-06-28T16:29:29.552748+00:00,144
naqu-bange,CMFD_regional_naqu-bange,2016-12-01 00:00,-5.7,0.3,4.2,0,中,低,高,tpdc,cmfd-regional-v0106,CMFD_V0106_regional,False,2026-06-28T16:29:29.559702+00:00,529
naqu-seni,CMFD_regional_naqu-seni,2016-12-01 00:00,-7.8,1.1,2.5,0,中,低,高,tpdc,cmfd-regional-v0106,CMFD_V0106_regional,False,2026-06-28T16:29:29.559773+00:00,280
naqu-nierong,CMFD_regional_naqu-nierong,2016-12-01 00:00,-10.2,1.0,2.9,0,高,低,高,tpdc,cmfd-regional-v0106,CMFD_V0106_regional,False,2026-06-28T16:29:29.559835+00:00,187
naqu-anduo,CMFD_regional_naqu-anduo,2016-12-01 00:00,-12.3,1.4,4.6,0,高,低,高,tpdc,cmfd-regional-v0106,CMFD_V0106_regional,False,2026-06-28T16:29:29.559940+00:00,1872
naqu-shenzha,CMFD_regional_naqu-shenzha,2016-12-01 00:00,-6.1,0.5,4.5,0,中,低,高,tpdc,cmfd-regional-v0106,CMFD_V0106_regional,False,2026-06-28T16:29:29.560007+00:00,440
changdu-karuo,CMFD_regional_changdu-karuo,2016-12-01 00:00,-6.9,1.6,1.3,0,中,低,高,tpdc,cmfd-regional-v0106,CMFD_V0106_regional,False,2026-06-28T16:29:29.560088+00:00,208
changdu-luolong,CMFD_regional_changdu-luolong,2016-12-01 00:00,-7.9,8.3,2.2,0,中,低,中,tpdc,cmfd-regional-v0106,CMFD_V0106_regional,False,2026-06-28T16:29:29.560160+00:00,140
changdu-leiwuqi,CMFD_regional_changdu-leiwuqi,2016-12-01 00:00,-6.5,3.6,1.6,0,中,低,高,tpdc,cmfd-regional-v0106,CMFD_V0106_regional,False,2026-06-28T16:29:29.560230+00:00,120
changdu-jiangda,CMFD_regional_changdu-jiangda,2016-12-01 00:00,-7.7,0.4,1.3,0,中,低,高,tpdc,cmfd-regional-v0106,CMFD_V0106_regional,False,2026-06-28T16:29:29.560295+00:00,256
rikaze-xietongmen,CMFD_regional_rikaze-xietongmen,2016-12-01 00:00,-7.9,0.7,2.6,0,中,低,高,tpdc,cmfd-regional-v0106,CMFD_V0106_regional,False,2026-06-28T16:29:29.560360+00:00,209
rikaze-jiangzi,CMFD_regional_rikaze-jiangzi,2016-12-01 00:00,-4.0,0.2,2.8,0,中,低,高,tpdc,cmfd-regional-v0106,CMFD_V0106_regional,False,2026-06-28T16:29:29.560419+00:00,77
rikaze-kangma,CMFD_regional_rikaze-kangma,2016-12-01 00:00,-5.2,0.1,3.4,0,中,低,高,tpdc,cmfd-regional-v0106,CMFD_V0106_regional,False,2026-06-28T16:29:29.560476+00:00,84
rikaze-zhongba,CMFD_regional_rikaze-zhongba,2016-12-01 00:00,-9.8,5.0,3.6,0,中,低,中,tpdc,cmfd-regional-v0106,CMFD_V0106_regional,False,2026-06-28T16:29:29.560567+00:00,702
shannan-cuona,CMFD_regional_shannan-cuona,2016-12-01 00:00,2.8,1.3,1.6,0,低,低,高,tpdc,cmfd-regional-v0106,CMFD_V0106_regional,False,2026-06-28T16:29:29.560662+00:00,480
ali-gaize,CMFD_regional_ali-gaize,2016-12-01 00:00,-14.1,0.3,4.0,0,高,低,高,tpdc,cmfd-regional-v0106,CMFD_V0106_regional,False,2026-06-28T16:29:29.560760+00:00,1892
yushu-chengduo,CMFD_regional_yushu-chengduo,2016-12-01 00:00,-11.2,1.3,2.4,0,高,低,高,tpdc,cmfd-regional-v0106,CMFD_V0106_regional,False,2026-06-28T16:29:29.560825+00:00,323
yushu-zaduo,CMFD_regional_yushu-zaduo,2016-12-01 00:00,-10.4,2.0,2.7,0,高,低,高,tpdc,cmfd-regional-v0106,CMFD_V0106_regional,False,2026-06-28T16:29:29.560891+00:00,578
guoluo-maqin,CMFD_regional_guoluo-maqin,2016-12-01 00:00,-10.9,2.3,2.0,0,高,低,高,tpdc,cmfd-regional-v0106,CMFD_V0106_regional,False,2026-06-28T16:29:29.560951+00:00,352
guoluo-jiuzhi,CMFD_regional_guoluo-jiuzhi,2016-12-01 00:00,-8.9,4.3,2.3,0,中,低,高,tpdc,cmfd-regional-v0106,CMFD_V0106_regional,False,2026-06-28T16:29:29.561007+00:00,150
haibei-gangcha,CMFD_regional_haibei-gangcha,2016-12-01 00:00,-10.0,0.0,2.7,0,高,低,高,tpdc,cmfd-regional-v0106,CMFD_V0106_regional,False,2026-06-28T16:29:29.561065+00:00,144
huangnan-zeku,CMFD_regional_huangnan-zeku,2016-12-01 00:00,-10.3,4.2,1.8,0,高,低,高,tpdc,cmfd-regional-v0106,CMFD_V0106_regional,False,2026-06-28T16:29:29.561120+00:00,112
ganzi-shiqu,CMFD_regional_ganzi-shiqu,2016-12-01 00:00,-10.9,1.6,2.1,0,高,低,高,tpdc,cmfd-regional-v0106,CMFD_V0106_regional,False,2026-06-28T16:29:29.561181+00:00,380
ganzi-seda,CMFD_regional_ganzi-seda,2016-12-01 00:00,-8.2,1.6,2.0,0,中,低,高,tpdc,cmfd-regional-v0106,CMFD_V0106_regional,False,2026-06-28T16:29:29.561238+00:00,208
aba-hongyuan,CMFD_regional_aba-hongyuan,2016-12-01 00:00,-6.0,4.1,1.9,0,中,低,高,tpdc,cmfd-regional-v0106,CMFD_V0106_regional,False,2026-06-28T16:29:29.561296+00:00,196
gannan-luqu,CMFD_regional_gannan-luqu,2016-12-01 00:00,-7.1,6.8,1.8,0,中,低,中,tpdc,cmfd-regional-v0106,CMFD_V0106_regional,False,2026-06-28T16:29:29.561351+00:00,80
linzhi-bayi,CMFD_regional_linzhi-bayi,2016-12-01 00:00,-5.3,2.3,1.6,0,中,低,高,tpdc,cmfd-regional-v0106,CMFD_V0106_regional,False,2026-06-28T16:29:29.561406+00:00,144
naqu-bange,CMFD_regional_naqu-bange,2017-01-01 00:00,-10.9,3.0,3.9,0,高,低,高,tpdc,cmfd-regional-v0106,CMFD_V0106_regional,False,2026-06-28T16:29:29.569039+00:00,529
naqu-seni,CMFD_regional_naqu-seni,2017-01-01 00:00,-11.7,5.8,2.5,0,高,低,中,tpdc,cmfd-regional-v0106,CMFD_V0106_regional,False,2026-06-28T16:29:29.569120+00:00,280
naqu-nierong,CMFD_regional_naqu-nierong,2017-01-01 00:00,-16.4,10.9,2.5,0,高,低,中,tpdc,cmfd-regional-v0106,CMFD_V0106_regional,False,2026-06-28T16:29:29.569206+00:00,187
naqu-anduo,CMFD_regional_naqu-anduo,2017-01-01 00:00,-18.0,2.5,3.9,0,高,低,高,tpdc,cmfd-regional-v0106,CMFD_V0106_regional,False,2026-06-28T16:29:29.569335+00:00,1872
naqu-shenzha,CMFD_regional_naqu-shenzha,2017-01-01 00:00,-11.4,2.3,4.4,0,高,低,高,tpdc,cmfd-regional-v0106,CMFD_V0106_regional,False,2026-06-28T16:29:29.569408+00:00,440
changdu-karuo,CMFD_regional_changdu-karuo,2017-01-01 00:00,-8.3,1.0,1.5,0,中,低,高,tpdc,cmfd-regional-v0106,CMFD_V0106_regional,False,2026-06-28T16:29:29.569475+00:00,208
changdu-luolong,CMFD_regional_changdu-luolong,2017-01-01 00:00,-9.1,4.7,2.6,0,中,低,高,tpdc,cmfd-regional-v0106,CMFD_V0106_regional,False,2026-06-28T16:29:29.569539+00:00,140
changdu-leiwuqi,CMFD_regional_changdu-leiwuqi,2017-01-01 00:00,-8.0,1.2,1.7,0,中,低,高,tpdc,cmfd-regional-v0106,CMFD_V0106_regional,False,2026-06-28T16:29:29.569607+00:00,120
changdu-jiangda,CMFD_regional_changdu-jiangda,2017-01-01 00:00,-9.0,1.0,1.4,0,中,低,高,tpdc,cmfd-regional-v0106,CMFD_V0106_regional,False,2026-06-28T16:29:29.569675+00:00,256
rikaze-xietongmen,CMFD_regional_rikaze-xietongmen,2017-01-01 00:00,-10.8,3.2,3.0,0,高,低,高,tpdc,cmfd-regional-v0106,CMFD_V0106_regional,False,2026-06-28T16:29:29.569748+00:00,209
rikaze-jiangzi,CMFD_regional_rikaze-jiangzi,2017-01-01 00:00,-7.9,0.3,3.3,0,中,低,高,tpdc,cmfd-regional-v0106,CMFD_V0106_regional,False,2026-06-28T16:29:29.569826+00:00,77
rikaze-kangma,CMFD_regional_rikaze-kangma,2017-01-01 00:00,-10.1,0.7,3.9,0,高,低,高,tpdc,cmfd-regional-v0106,CMFD_V0106_regional,False,2026-06-28T16:29:29.569882+00:00,84
rikaze-zhongba,CMFD_regional_rikaze-zhongba,2017-01-01 00:00,-13.8,11.0,4.6,0,高,低,中,tpdc,cmfd-regional-v0106,CMFD_V0106_regional,False,2026-06-28T16:29:29.569974+00:00,702
shannan-cuona,CMFD_regional_shannan-cuona,2017-01-01 00:00,1.0,11.3,1.5,0,低,低,中,tpdc,cmfd-regional-v0106,CMFD_V0106_regional,False,2026-06-28T16:29:29.570055+00:00,480
ali-gaize,CMFD_regional_ali-gaize,2017-01-01 00:00,-18.6,5.3,4.1,0,高,低,中,tpdc,cmfd-regional-v0106,CMFD_V0106_regional,False,2026-06-28T16:29:29.570155+00:00,1892
yushu-chengduo,CMFD_regional_yushu-chengduo,2017-01-01 00:00,-14.7,4.1,2.2,0,高,低,高,tpdc,cmfd-regional-v0106,CMFD_V0106_regional,False,2026-06-28T16:29:29.570246+00:00,323
yushu-zaduo,CMFD_regional_yushu-zaduo,2017-01-01 00:00,-14.7,9.2,2.6,0,高,低,中,tpdc,cmfd-regional-v0106,CMFD_V0106_regional,False,2026-06-28T16:29:29.570319+00:00,578
guoluo-maqin,CMFD_regional_guoluo-maqin,2017-01-01 00:00,-14.2,4.4,2.0,0,高,低,高,tpdc,cmfd-regional-v0106,CMFD_V0106_regional,False,2026-06-28T16:29:29.570384+00:00,352
guoluo-jiuzhi,CMFD_regional_guoluo-jiuzhi,2017-01-01 00:00,-10.5,4.1,2.1,0,高,低,高,tpdc,cmfd-regional-v0106,CMFD_V0106_regional,False,2026-06-28T16:29:29.570445+00:00,150
haibei-gangcha,CMFD_regional_haibei-gangcha,2017-01-01 00:00,-12.9,1.3,2.5,0,高,低,高,tpdc,cmfd-regional-v0106,CMFD_V0106_regional,False,2026-06-28T16:29:29.570508+00:00,144
huangnan-zeku,CMFD_regional_huangnan-zeku,2017-01-01 00:00,-12.3,4.7,1.8,0,高,低,高,tpdc,cmfd-regional-v0106,CMFD_V0106_regional,False,2026-06-28T16:29:29.570568+00:00,112
ganzi-shiqu,CMFD_regional_ganzi-shiqu,2017-01-01 00:00,-13.7,5.0,1.9,0,高,低,高,tpdc,cmfd-regional-v0106,CMFD_V0106_regional,False,2026-06-28T16:29:29.570629+00:00,380
ganzi-seda,CMFD_regional_ganzi-seda,2017-01-01 00:00,-10.1,1.4,2.1,0,高,低,高,tpdc,cmfd-regional-v0106,CMFD_V0106_regional,False,2026-06-28T16:29:29.570697+00:00,208
aba-hongyuan,CMFD_regional_aba-hongyuan,2017-01-01 00:00,-5.9,3.5,2.0,0,中,低,高,tpdc,cmfd-regional-v0106,CMFD_V0106_regional,False,2026-06-28T16:29:29.570759+00:00,196
gannan-luqu,CMFD_regional_gannan-luqu,2017-01-01 00:00,-8.8,4.2,1.9,0,中,低,高,tpdc,cmfd-regional-v0106,CMFD_V0106_regional,False,2026-06-28T16:29:29.570816+00:00,80
linzhi-bayi,CMFD_regional_linzhi-bayi,2017-01-01 00:00,-6.9,3.4,2.1,0,中,低,高,tpdc,cmfd-regional-v0106,CMFD_V0106_regional,False,2026-06-28T16:29:29.570873+00:00,144
naqu-bange,CMFD_regional_naqu-bange,2017-02-01 00:00,-6.5,1.6,4.4,0,中,低,高,tpdc,cmfd-regional-v0106,CMFD_V0106_regional,False,2026-06-28T16:29:29.577981+00:00,529
naqu-seni,CMFD_regional_naqu-seni,2017-02-01 00:00,-8.0,2.3,2.8,0,中,低,高,tpdc,cmfd-regional-v0106,CMFD_V0106_regional,False,2026-06-28T16:29:29.578058+00:00,280
naqu-nierong,CMFD_regional_naqu-nierong,2017-02-01 00:00,-9.7,1.1,3.6,0,中,低,高,tpdc,cmfd-regional-v0106,CMFD_V0106_regional,False,2026-06-28T16:29:29.578123+00:00,187
naqu-anduo,CMFD_regional_naqu-anduo,2017-02-01 00:00,-13.1,1.9,4.7,0,高,低,高,tpdc,cmfd-regional-v0106,CMFD_V0106_regional,False,2026-06-28T16:29:29.578239+00:00,1872
naqu-shenzha,CMFD_regional_naqu-shenzha,2017-02-01 00:00,-7.7,1.5,4.9,0,中,低,高,tpdc,cmfd-regional-v0106,CMFD_V0106_regional,False,2026-06-28T16:29:29.578312+00:00,440
changdu-karuo,CMFD_regional_changdu-karuo,2017-02-01 00:00,-5.0,4.8,1.6,0,中,低,高,tpdc,cmfd-regional-v0106,CMFD_V0106_regional,False,2026-06-28T16:29:29.578377+00:00,208
changdu-luolong,CMFD_regional_changdu-luolong,2017-02-01 00:00,-4.9,9.1,2.8,0,中,低,中,tpdc,cmfd-regional-v0106,CMFD_V0106_regional,False,2026-06-28T16:29:29.578438+00:00,140
changdu-leiwuqi,CMFD_regional_changdu-leiwuqi,2017-02-01 00:00,-4.0,3.8,2.1,0,中,低,高,tpdc,cmfd-regional-v0106,CMFD_V0106_regional,False,2026-06-28T16:29:29.578497+00:00,120
changdu-jiangda,CMFD_regional_changdu-jiangda,2017-02-01 00:00,-6.1,5.7,1.5,0,中,低,中,tpdc,cmfd-regional-v0106,CMFD_V0106_regional,False,2026-06-28T16:29:29.578561+00:00,256
rikaze-xietongmen,CMFD_regional_rikaze-xietongmen,2017-02-01 00:00,-6.3,1.6,3.8,0,中,低,高,tpdc,cmfd-regional-v0106,CMFD_V0106_regional,False,2026-06-28T16:29:29.578636+00:00,209
rikaze-jiangzi,CMFD_regional_rikaze-jiangzi,2017-02-01 00:00,-2.6,2.1,3.5,0,中,低,高,tpdc,cmfd-regional-v0106,CMFD_V0106_regional,False,2026-06-28T16:29:29.578702+00:00,77
rikaze-kangma,CMFD_regional_rikaze-kangma,2017-02-01 00:00,-4.7,1.8,3.9,0,中,低,高,tpdc,cmfd-regional-v0106,CMFD_V0106_regional,False,2026-06-28T16:29:29.578767+00:00,84
rikaze-zhongba,CMFD_regional_rikaze-zhongba,2017-02-01 00:00,-10.3,11.3,4.9,0,高,低,中,tpdc,cmfd-regional-v0106,CMFD_V0106_regional,False,2026-06-28T16:29:29.578862+00:00,702
shannan-cuona,CMFD_regional_shannan-cuona,2017-02-01 00:00,3.6,18.3,1.8,0,低,低,中,tpdc,cmfd-regional-v0106,CMFD_V0106_regional,False,2026-06-28T16:29:29.578954+00:00,480
ali-gaize,CMFD_regional_ali-gaize,2017-02-01 00:00,-13.3,5.6,5.0,0,高,低,中,tpdc,cmfd-regional-v0106,CMFD_V0106_regional,False,2026-06-28T16:29:29.579065+00:00,1892
yushu-chengduo,CMFD_regional_yushu-chengduo,2017-02-01 00:00,-9.0,7.0,2.9,0,中,低,中,tpdc,cmfd-regional-v0106,CMFD_V0106_regional,False,2026-06-28T16:29:29.579129+00:00,323
yushu-zaduo,CMFD_regional_yushu-zaduo,2017-02-01 00:00,-9.1,1.5,3.2,0,中,低,高,tpdc,cmfd-regional-v0106,CMFD_V0106_regional,False,2026-06-28T16:29:29.579196+00:00,578
guoluo-maqin,CMFD_regional_guoluo-maqin,2017-02-01 00:00,-9.8,9.3,2.2,0,中,低,中,tpdc,cmfd-regional-v0106,CMFD_V0106_regional,False,2026-06-28T16:29:29.579265+00:00,352
guoluo-jiuzhi,CMFD_regional_guoluo-jiuzhi,2017-02-01 00:00,-7.5,9.5,2.5,0,中,低,中,tpdc,cmfd-regional-v0106,CMFD_V0106_regional,False,2026-06-28T16:29:29.579329+00:00,150
haibei-gangcha,CMFD_regional_haibei-gangcha,2017-02-01 00:00,-9.8,3.3,2.6,0,中,低,高,tpdc,cmfd-regional-v0106,CMFD_V0106_regional,False,2026-06-28T16:29:29.579389+00:00,144
huangnan-zeku,CMFD_regional_huangnan-zeku,2017-02-01 00:00,-8.3,12.7,2.1,0,中,低,中,tpdc,cmfd-regional-v0106,CMFD_V0106_regional,False,2026-06-28T16:29:29.579446+00:00,112
ganzi-shiqu,CMFD_regional_ganzi-shiqu,2017-02-01 00:00,-9.6,9.4,2.5,0,中,低,中,tpdc,cmfd-regional-v0106,CMFD_V0106_regional,False,2026-06-28T16:29:29.579516+00:00,380
ganzi-seda,CMFD_regional_ganzi-seda,2017-02-01 00:00,-7.3,29.0,2.2,0,中,中,低,tpdc,cmfd-regional-v0106,CMFD_V0106_regional,False,2026-06-28T16:29:29.579579+00:00,208
aba-hongyuan,CMFD_regional_aba-hongyuan,2017-02-01 00:00,-4.4,16.7,2.1,0,中,低,中,tpdc,cmfd-regional-v0106,CMFD_V0106_regional,False,2026-06-28T16:29:29.579640+00:00,196
gannan-luqu,CMFD_regional_gannan-luqu,2017-02-01 00:00,-6.3,22.7,2.2,0,中,中,低,tpdc,cmfd-regional-v0106,CMFD_V0106_regional,False,2026-06-28T16:29:29.579697+00:00,80
linzhi-bayi,CMFD_regional_linzhi-bayi,2017-02-01 00:00,-3.5,13.7,2.2,0,中,低,中,tpdc,cmfd-regional-v0106,CMFD_V0106_regional,False,2026-06-28T16:29:29.579754+00:00,144
naqu-bange,CMFD_regional_naqu-bange,2017-03-01 00:00,-5.6,22.7,4.2,0,中,中,低,tpdc,cmfd-regional-v0106,CMFD_V0106_regional,False,2026-06-28T16:29:29.588069+00:00,529
naqu-seni,CMFD_regional_naqu-seni,2017-03-01 00:00,-6.8,38.2,2.5,0,中,中,低,tpdc,cmfd-regional-v0106,CMFD_V0106_regional,False,2026-06-28T16:29:29.588144+00:00,280
naqu-nierong,CMFD_regional_naqu-nierong,2017-03-01 00:00,-9.9,25.1,3.1,0,中,中,低,tpdc,cmfd-regional-v0106,CMFD_V0106_regional,False,2026-06-28T16:29:29.588228+00:00,187
naqu-anduo,CMFD_regional_naqu-anduo,2017-03-01 00:00,-12.1,13.4,4.2,0,高,低,中,tpdc,cmfd-regional-v0106,CMFD_V0106_regional,False,2026-06-28T16:29:29.588354+00:00,1872
naqu-shenzha,CMFD_regional_naqu-shenzha,2017-03-01 00:00,-6.7,15.3,5.0,0,中,低,中,tpdc,cmfd-regional-v0106,CMFD_V0106_regional,False,2026-06-28T16:29:29.588433+00:00,440
changdu-karuo,CMFD_regional_changdu-karuo,2017-03-01 00:00,-2.6,11.8,2.0,0,中,低,中,tpdc,cmfd-regional-v0106,CMFD_V0106_regional,False,2026-06-28T16:29:29.588502+00:00,208
changdu-luolong,CMFD_regional_changdu-luolong,2017-03-01 00:00,-4.2,41.3,2.8,0,中,中,低,tpdc,cmfd-regional-v0106,CMFD_V0106_regional,False,2026-06-28T16:29:29.588563+00:00,140
changdu-leiwuqi,CMFD_regional_changdu-leiwuqi,2017-03-01 00:00,-3.3,14.9,2.2,0,中,低,中,tpdc,cmfd-regional-v0106,CMFD_V0106_regional,False,2026-06-28T16:29:29.588626+00:00,120
changdu-jiangda,CMFD_regional_changdu-jiangda,2017-03-01 00:00,-3.0,10.4,1.9,0,中,低,中,tpdc,cmfd-regional-v0106,CMFD_V0106_regional,False,2026-06-28T16:29:29.588682+00:00,256
rikaze-xietongmen,CMFD_regional_rikaze-xietongmen,2017-03-01 00:00,-4.6,14.3,4.1,0,中,低,中,tpdc,cmfd-regional-v0106,CMFD_V0106_regional,False,2026-06-28T16:29:29.588743+00:00,209
rikaze-jiangzi,CMFD_regional_rikaze-jiangzi,2017-03-01 00:00,-1.8,27.7,3.7,0,中,中,低,tpdc,cmfd-regional-v0106,CMFD_V0106_regional,False,2026-06-28T16:29:29.588800+00:00,77
rikaze-kangma,CMFD_regional_rikaze-kangma,2017-03-01 00:00,-4.4,32.9,4.1,0,中,中,低,tpdc,cmfd-regional-v0106,CMFD_V0106_regional,False,2026-06-28T16:29:29.588856+00:00,84
rikaze-zhongba,CMFD_regional_rikaze-zhongba,2017-03-01 00:00,-9.4,23.6,5.4,0,中,中,低,tpdc,cmfd-regional-v0106,CMFD_V0106_regional,False,2026-06-28T16:29:29.588941+00:00,702
shannan-cuona,CMFD_regional_shannan-cuona,2017-03-01 00:00,4.3,75.7,1.7,0,低,低,低,tpdc,cmfd-regional-v0106,CMFD_V0106_regional,False,2026-06-28T16:29:29.589018+00:00,480
ali-gaize,CMFD_regional_ali-gaize,2017-03-01 00:00,-10.8,11.7,5.1,0,高,低,中,tpdc,cmfd-regional-v0106,CMFD_V0106_regional,False,2026-06-28T16:29:29.589111+00:00,1892
yushu-chengduo,CMFD_regional_yushu-chengduo,2017-03-01 00:00,-7.3,16.6,3.0,0,中,低,中,tpdc,cmfd-regional-v0106,CMFD_V0106_regional,False,2026-06-28T16:29:29.589174+00:00,323
yushu-zaduo,CMFD_regional_yushu-zaduo,2017-03-01 00:00,-8.1,14.4,3.1,0,中,低,中,tpdc,cmfd-regional-v0106,CMFD_V0106_regional,False,2026-06-28T16:29:29.589240+00:00,578
guoluo-maqin,CMFD_regional_guoluo-maqin,2017-03-01 00:00,-7.0,19.0,2.6,0,中,低,中,tpdc,cmfd-regional-v0106,CMFD_V0106_regional,False,2026-06-28T16:29:29.589301+00:00,352
guoluo-jiuzhi,CMFD_regional_guoluo-jiuzhi,2017-03-01 00:00,-4.5,22.6,2.5,0,中,中,低,tpdc,cmfd-regional-v0106,CMFD_V0106_regional,False,2026-06-28T16:29:29.589359+00:00,150
haibei-gangcha,CMFD_regional_haibei-gangcha,2017-03-01 00:00,-7.2,9.1,3.1,0,中,低,中,tpdc,cmfd-regional-v0106,CMFD_V0106_regional,False,2026-06-28T16:29:29.589417+00:00,144
huangnan-zeku,CMFD_regional_huangnan-zeku,2017-03-01 00:00,-5.4,17.2,2.3,0,中,低,中,tpdc,cmfd-regional-v0106,CMFD_V0106_regional,False,2026-06-28T16:29:29.589476+00:00,112
ganzi-shiqu,CMFD_regional_ganzi-shiqu,2017-03-01 00:00,-7.2,15.9,2.8,0,中,低,中,tpdc,cmfd-regional-v0106,CMFD_V0106_regional,False,2026-06-28T16:29:29.589547+00:00,380
ganzi-seda,CMFD_regional_ganzi-seda,2017-03-01 00:00,-4.1,13.6,2.4,0,中,低,中,tpdc,cmfd-regional-v0106,CMFD_V0106_regional,False,2026-06-28T16:29:29.589617+00:00,208
aba-hongyuan,CMFD_regional_aba-hongyuan,2017-03-01 00:00,-1.8,45.0,2.2,0,中,中,低,tpdc,cmfd-regional-v0106,CMFD_V0106_regional,False,2026-06-28T16:29:29.589678+00:00,196
gannan-luqu,CMFD_regional_gannan-luqu,2017-03-01 00:00,-3.5,22.4,2.6,0,中,中,低,tpdc,cmfd-regional-v0106,CMFD_V0106_regional,False,2026-06-28T16:29:29.589735+00:00,80
linzhi-bayi,CMFD_regional_linzhi-bayi,2017-03-01 00:00,-2.2,46.6,2.2,0,中,中,低,tpdc,cmfd-regional-v0106,CMFD_V0106_regional,False,2026-06-28T16:29:29.589790+00:00,144
naqu-bange,CMFD_regional_naqu-bange,2017-04-01 00:00,-0.3,12.1,3.7,0,中,低,中,tpdc,cmfd-regional-v0106,CMFD_V0106_regional,False,2026-06-28T16:29:29.597748+00:00,529
naqu-seni,CMFD_regional_naqu-seni,2017-04-01 00:00,-1.2,18.2,2.4,0,中,低,中,tpdc,cmfd-regional-v0106,CMFD_V0106_regional,False,2026-06-28T16:29:29.597825+00:00,280
naqu-nierong,CMFD_regional_naqu-nierong,2017-04-01 00:00,-2.6,14.9,3.2,0,中,低,中,tpdc,cmfd-regional-v0106,CMFD_V0106_regional,False,2026-06-28T16:29:29.597890+00:00,187
naqu-anduo,CMFD_regional_naqu-anduo,2017-04-01 00:00,-4.7,15.5,4.5,0,中,低,中,tpdc,cmfd-regional-v0106,CMFD_V0106_regional,False,2026-06-28T16:29:29.598002+00:00,1872
naqu-shenzha,CMFD_regional_naqu-shenzha,2017-04-01 00:00,-1.0,10.4,4.5,0,中,低,中,tpdc,cmfd-regional-v0106,CMFD_V0106_regional,False,2026-06-28T16:29:29.598086+00:00,440
changdu-karuo,CMFD_regional_changdu-karuo,2017-04-01 00:00,1.5,45.8,1.7,0,低,低,低,tpdc,cmfd-regional-v0106,CMFD_V0106_regional,False,2026-06-28T16:29:29.598155+00:00,208
changdu-luolong,CMFD_regional_changdu-luolong,2017-04-01 00:00,-0.3,69.6,2.5,0,中,高,低,tpdc,cmfd-regional-v0106,CMFD_V0106_regional,False,2026-06-28T16:29:29.598216+00:00,140
changdu-leiwuqi,CMFD_regional_changdu-leiwuqi,2017-04-01 00:00,1.2,57.0,2.0,0,低,低,低,tpdc,cmfd-regional-v0106,CMFD_V0106_regional,False,2026-06-28T16:29:29.598276+00:00,120
changdu-jiangda,CMFD_regional_changdu-jiangda,2017-04-01 00:00,1.0,40.4,1.7,0,低,低,低,tpdc,cmfd-regional-v0106,CMFD_V0106_regional,False,2026-06-28T16:29:29.598337+00:00,256
rikaze-xietongmen,CMFD_regional_rikaze-xietongmen,2017-04-01 00:00,0.3,12.7,3.6,0,低,低,中,tpdc,cmfd-regional-v0106,CMFD_V0106_regional,False,2026-06-28T16:29:29.598404+00:00,209
rikaze-jiangzi,CMFD_regional_rikaze-jiangzi,2017-04-01 00:00,3.1,13.3,3.6,0,低,低,中,tpdc,cmfd-regional-v0106,CMFD_V0106_regional,False,2026-06-28T16:29:29.598471+00:00,77
rikaze-kangma,CMFD_regional_rikaze-kangma,2017-04-01 00:00,0.5,17.4,4.1,0,低,低,中,tpdc,cmfd-regional-v0106,CMFD_V0106_regional,False,2026-06-28T16:29:29.598531+00:00,84
rikaze-zhongba,CMFD_regional_rikaze-zhongba,2017-04-01 00:00,-3.9,39.9,4.7,0,中,中,低,tpdc,cmfd-regional-v0106,CMFD_V0106_regional,False,2026-06-28T16:29:29.598715+00:00,702
shannan-cuona,CMFD_regional_shannan-cuona,2017-04-01 00:00,8.6,95.0,2.1,0,低,低,低,tpdc,cmfd-regional-v0106,CMFD_V0106_regional,False,2026-06-28T16:29:29.598809+00:00,480
ali-gaize,CMFD_regional_ali-gaize,2017-04-01 00:00,-4.1,22.8,5.1,0,中,中,低,tpdc,cmfd-regional-v0106,CMFD_V0106_regional,False,2026-06-28T16:29:29.598923+00:00,1892
yushu-chengduo,CMFD_regional_yushu-chengduo,2017-04-01 00:00,-1.4,22.1,3.2,0,中,中,低,tpdc,cmfd-regional-v0106,CMFD_V0106_regional,False,2026-06-28T16:29:29.598994+00:00,323
yushu-zaduo,CMFD_regional_yushu-zaduo,2017-04-01 00:00,-2.0,15.0,3.3,0,中,低,中,tpdc,cmfd-regional-v0106,CMFD_V0106_regional,False,2026-06-28T16:29:29.599072+00:00,578
guoluo-maqin,CMFD_regional_guoluo-maqin,2017-04-01 00:00,-1.3,27.7,2.4,0,中,中,低,tpdc,cmfd-regional-v0106,CMFD_V0106_regional,False,2026-06-28T16:29:29.599217+00:00,352
guoluo-jiuzhi,CMFD_regional_guoluo-jiuzhi,2017-04-01 00:00,0.0,45.0,2.1,0,低,低,低,tpdc,cmfd-regional-v0106,CMFD_V0106_regional,False,2026-06-28T16:29:29.599321+00:00,150
haibei-gangcha,CMFD_regional_haibei-gangcha,2017-04-01 00:00,-0.5,23.5,3.3,0,中,中,低,tpdc,cmfd-regional-v0106,CMFD_V0106_regional,False,2026-06-28T16:29:29.599396+00:00,144
huangnan-zeku,CMFD_regional_huangnan-zeku,2017-04-01 00:00,0.3,35.3,2.1,0,低,低,低,tpdc,cmfd-regional-v0106,CMFD_V0106_regional,False,2026-06-28T16:29:29.599466+00:00,112
ganzi-shiqu,CMFD_regional_ganzi-shiqu,2017-04-01 00:00,-1.6,39.8,2.8,0,中,中,低,tpdc,cmfd-regional-v0106,CMFD_V0106_regional,False,2026-06-28T16:29:29.599542+00:00,380
ganzi-seda,CMFD_regional_ganzi-seda,2017-04-01 00:00,0.4,35.3,2.4,0,低,低,低,tpdc,cmfd-regional-v0106,CMFD_V0106_regional,False,2026-06-28T16:29:29.599607+00:00,208
aba-hongyuan,CMFD_regional_aba-hongyuan,2017-04-01 00:00,2.4,64.3,2.0,0,低,低,低,tpdc,cmfd-regional-v0106,CMFD_V0106_regional,False,2026-06-28T16:29:29.599670+00:00,196
gannan-luqu,CMFD_regional_gannan-luqu,2017-04-01 00:00,1.6,46.3,2.5,0,低,低,低,tpdc,cmfd-regional-v0106,CMFD_V0106_regional,False,2026-06-28T16:29:29.599732+00:00,80
linzhi-bayi,CMFD_regional_linzhi-bayi,2017-04-01 00:00,1.8,105.9,2.0,0,低,低,低,tpdc,cmfd-regional-v0106,CMFD_V0106_regional,False,2026-06-28T16:29:29.599803+00:00,144
naqu-bange,CMFD_regional_naqu-bange,2017-05-01 00:00,2.7,42.0,3.2,0,低,低,低,tpdc,cmfd-regional-v0106,CMFD_V0106_regional,False,2026-06-28T16:29:29.608141+00:00,529
naqu-seni,CMFD_regional_naqu-seni,2017-05-01 00:00,2.2,69.5,2.4,0,低,低,低,tpdc,cmfd-regional-v0106,CMFD_V0106_regional,False,2026-06-28T16:29:29.608219+00:00,280
naqu-nierong,CMFD_regional_naqu-nierong,2017-05-01 00:00,0.4,72.5,2.8,0,低,低,低,tpdc,cmfd-regional-v0106,CMFD_V0106_regional,False,2026-06-28T16:29:29.608281+00:00,187
naqu-anduo,CMFD_regional_naqu-anduo,2017-05-01 00:00,-1.5,44.9,3.6,0,中,中,低,tpdc,cmfd-regional-v0106,CMFD_V0106_regional,False,2026-06-28T16:29:29.608412+00:00,1872
naqu-shenzha,CMFD_regional_naqu-shenzha,2017-05-01 00:00,2.4,29.7,3.8,0,低,低,低,tpdc,cmfd-regional-v0106,CMFD_V0106_regional,False,2026-06-28T16:29:29.608492+00:00,440
changdu-karuo,CMFD_regional_changdu-karuo,2017-05-01 00:00,5.2,42.5,1.8,0,低,低,低,tpdc,cmfd-regional-v0106,CMFD_V0106_regional,False,2026-06-28T16:29:29.608556+00:00,208
changdu-luolong,CMFD_regional_changdu-luolong,2017-05-01 00:00,3.3,56.6,2.4,0,低,低,低,tpdc,cmfd-regional-v0106,CMFD_V0106_regional,False,2026-06-28T16:29:29.608613+00:00,140
changdu-leiwuqi,CMFD_regional_changdu-leiwuqi,2017-05-01 00:00,4.9,48.7,2.1,0,低,低,低,tpdc,cmfd-regional-v0106,CMFD_V0106_regional,False,2026-06-28T16:29:29.608669+00:00,120
changdu-jiangda,CMFD_regional_changdu-jiangda,2017-05-01 00:00,4.2,40.6,1.7,0,低,低,低,tpdc,cmfd-regional-v0106,CMFD_V0106_regional,False,2026-06-28T16:29:29.608727+00:00,256
rikaze-xietongmen,CMFD_regional_rikaze-xietongmen,2017-05-01 00:00,3.3,36.9,2.8,0,低,低,低,tpdc,cmfd-regional-v0106,CMFD_V0106_regional,False,2026-06-28T16:29:29.608793+00:00,209
rikaze-jiangzi,CMFD_regional_rikaze-jiangzi,2017-05-01 00:00,5.2,27.2,3.4,0,低,低,低,tpdc,cmfd-regional-v0106,CMFD_V0106_regional,False,2026-06-28T16:29:29.608863+00:00,77
rikaze-kangma,CMFD_regional_rikaze-kangma,2017-05-01 00:00,2.7,33.7,3.9,0,低,低,低,tpdc,cmfd-regional-v0106,CMFD_V0106_regional,False,2026-06-28T16:29:29.608925+00:00,84
rikaze-zhongba,CMFD_regional_rikaze-zhongba,2017-05-01 00:00,0.8,36.6,3.6,0,低,低,低,tpdc,cmfd-regional-v0106,CMFD_V0106_regional,False,2026-06-28T16:29:29.609018+00:00,702
shannan-cuona,CMFD_regional_shannan-cuona,2017-05-01 00:00,12.1,158.0,1.6,0,低,低,低,tpdc,cmfd-regional-v0106,CMFD_V0106_regional,False,2026-06-28T16:29:29.609108+00:00,480
ali-gaize,CMFD_regional_ali-gaize,2017-05-01 00:00,-0.9,34.8,3.8,0,中,中,低,tpdc,cmfd-regional-v0106,CMFD_V0106_regional,False,2026-06-28T16:29:29.609220+00:00,1892
yushu-chengduo,CMFD_regional_yushu-chengduo,2017-05-01 00:00,0.9,50.5,2.7,0,低,低,低,tpdc,cmfd-regional-v0106,CMFD_V0106_regional,False,2026-06-28T16:29:29.609297+00:00,323
yushu-zaduo,CMFD_regional_yushu-zaduo,2017-05-01 00:00,0.8,62.2,2.8,0,低,低,低,tpdc,cmfd-regional-v0106,CMFD_V0106_regional,False,2026-06-28T16:29:29.609367+00:00,578
guoluo-maqin,CMFD_regional_guoluo-maqin,2017-05-01 00:00,1.7,60.1,2.6,0,低,低,低,tpdc,cmfd-regional-v0106,CMFD_V0106_regional,False,2026-06-28T16:29:29.609439+00:00,352
guoluo-jiuzhi,CMFD_regional_guoluo-jiuzhi,2017-05-01 00:00,2.8,79.8,2.5,0,低,低,低,tpdc,cmfd-regional-v0106,CMFD_V0106_regional,False,2026-06-28T16:29:29.609500+00:00,150
haibei-gangcha,CMFD_regional_haibei-gangcha,2017-05-01 00:00,3.4,77.2,3.1,0,低,低,低,tpdc,cmfd-regional-v0106,CMFD_V0106_regional,False,2026-06-28T16:29:29.609562+00:00,144
huangnan-zeku,CMFD_regional_huangnan-zeku,2017-05-01 00:00,3.1,63.8,2.2,0,低,低,低,tpdc,cmfd-regional-v0106,CMFD_V0106_regional,False,2026-06-28T16:29:29.609619+00:00,112
ganzi-shiqu,CMFD_regional_ganzi-shiqu,2017-05-01 00:00,1.2,58.9,2.7,0,低,低,低,tpdc,cmfd-regional-v0106,CMFD_V0106_regional,False,2026-06-28T16:29:29.609693+00:00,380
ganzi-seda,CMFD_regional_ganzi-seda,2017-05-01 00:00,3.6,71.1,2.5,0,低,低,低,tpdc,cmfd-regional-v0106,CMFD_V0106_regional,False,2026-06-28T16:29:29.609759+00:00,208
aba-hongyuan,CMFD_regional_aba-hongyuan,2017-05-01 00:00,4.5,76.1,2.0,0,低,低,低,tpdc,cmfd-regional-v0106,CMFD_V0106_regional,False,2026-06-28T16:29:29.609819+00:00,196
gannan-luqu,CMFD_regional_gannan-luqu,2017-05-01 00:00,4.6,63.4,2.5,0,低,低,低,tpdc,cmfd-regional-v0106,CMFD_V0106_regional,False,2026-06-28T16:29:29.609878+00:00,80
linzhi-bayi,CMFD_regional_linzhi-bayi,2017-05-01 00:00,4.4,113.6,1.9,0,低,低,低,tpdc,cmfd-regional-v0106,CMFD_V0106_regional,False,2026-06-28T16:29:29.609965+00:00,144
naqu-bange,CMFD_regional_naqu-bange,2017-06-01 00:00,6.8,106.8,3.2,0,低,低,低,tpdc,cmfd-regional-v0106,CMFD_V0106_regional,False,2026-06-28T16:29:29.617396+00:00,529
naqu-seni,CMFD_regional_naqu-seni,2017-06-01 00:00,6.2,174.8,2.4,0,低,低,低,tpdc,cmfd-regional-v0106,CMFD_V0106_regional,False,2026-06-28T16:29:29.617471+00:00,280
naqu-nierong,CMFD_regional_naqu-nierong,2017-06-01 00:00,4.1,195.3,2.8,0,低,低,低,tpdc,cmfd-regional-v0106,CMFD_V0106_regional,False,2026-06-28T16:29:29.617534+00:00,187
naqu-anduo,CMFD_regional_naqu-anduo,2017-06-01 00:00,2.9,87.4,3.7,0,低,低,低,tpdc,cmfd-regional-v0106,CMFD_V0106_regional,False,2026-06-28T16:29:29.617683+00:00,1872
naqu-shenzha,CMFD_regional_naqu-shenzha,2017-06-01 00:00,7.2,81.3,3.6,0,低,低,低,tpdc,cmfd-regional-v0106,CMFD_V0106_regional,False,2026-06-28T16:29:29.617757+00:00,440
changdu-karuo,CMFD_regional_changdu-karuo,2017-06-01 00:00,7.5,122.8,1.7,0,低,低,低,tpdc,cmfd-regional-v0106,CMFD_V0106_regional,False,2026-06-28T16:29:29.617825+00:00,208
changdu-luolong,CMFD_regional_changdu-luolong,2017-06-01 00:00,4.9,108.8,2.2,0,低,低,低,tpdc,cmfd-regional-v0106,CMFD_V0106_regional,False,2026-06-28T16:29:29.617888+00:00,140
changdu-leiwuqi,CMFD_regional_changdu-leiwuqi,2017-06-01 00:00,7.0,109.5,1.8,0,低,低,低,tpdc,cmfd-regional-v0106,CMFD_V0106_regional,False,2026-06-28T16:29:29.617958+00:00,120
changdu-jiangda,CMFD_regional_changdu-jiangda,2017-06-01 00:00,6.7,145.7,1.7,0,低,低,低,tpdc,cmfd-regional-v0106,CMFD_V0106_regional,False,2026-06-28T16:29:29.618022+00:00,256
rikaze-xietongmen,CMFD_regional_rikaze-xietongmen,2017-06-01 00:00,7.7,59.1,2.5,0,低,低,低,tpdc,cmfd-regional-v0106,CMFD_V0106_regional,False,2026-06-28T16:29:29.618084+00:00,209
rikaze-jiangzi,CMFD_regional_rikaze-jiangzi,2017-06-01 00:00,8.8,49.7,3.8,0,低,低,低,tpdc,cmfd-regional-v0106,CMFD_V0106_regional,False,2026-06-28T16:29:29.618142+00:00,77
rikaze-kangma,CMFD_regional_rikaze-kangma,2017-06-01 00:00,6.6,41.7,4.6,0,低,低,低,tpdc,cmfd-regional-v0106,CMFD_V0106_regional,False,2026-06-28T16:29:29.618197+00:00,84
rikaze-zhongba,CMFD_regional_rikaze-zhongba,2017-06-01 00:00,6.2,45.9,3.7,0,低,低,低,tpdc,cmfd-regional-v0106,CMFD_V0106_regional,False,2026-06-28T16:29:29.618284+00:00,702
shannan-cuona,CMFD_regional_shannan-cuona,2017-06-01 00:00,14.7,195.3,1.6,0,低,低,低,tpdc,cmfd-regional-v0106,CMFD_V0106_regional,False,2026-06-28T16:29:29.618360+00:00,480
ali-gaize,CMFD_regional_ali-gaize,2017-06-01 00:00,3.2,54.5,3.6,0,低,低,低,tpdc,cmfd-regional-v0106,CMFD_V0106_regional,False,2026-06-28T16:29:29.618455+00:00,1892
yushu-chengduo,CMFD_regional_yushu-chengduo,2017-06-01 00:00,3.9,95.9,2.4,0,低,低,低,tpdc,cmfd-regional-v0106,CMFD_V0106_regional,False,2026-06-28T16:29:29.618518+00:00,323
yushu-zaduo,CMFD_regional_yushu-zaduo,2017-06-01 00:00,3.7,141.8,2.6,0,低,低,低,tpdc,cmfd-regional-v0106,CMFD_V0106_regional,False,2026-06-28T16:29:29.618594+00:00,578
guoluo-maqin,CMFD_regional_guoluo-maqin,2017-06-01 00:00,5.1,118.5,2.2,0,低,低,低,tpdc,cmfd-regional-v0106,CMFD_V0106_regional,False,2026-06-28T16:29:29.618658+00:00,352
guoluo-jiuzhi,CMFD_regional_guoluo-jiuzhi,2017-06-01 00:00,5.8,135.4,2.0,0,低,低,低,tpdc,cmfd-regional-v0106,CMFD_V0106_regional,False,2026-06-28T16:29:29.618717+00:00,150
haibei-gangcha,CMFD_regional_haibei-gangcha,2017-06-01 00:00,6.6,72.6,2.6,0,低,低,低,tpdc,cmfd-regional-v0106,CMFD_V0106_regional,False,2026-06-28T16:29:29.618776+00:00,144
huangnan-zeku,CMFD_regional_huangnan-zeku,2017-06-01 00:00,6.5,55.4,1.9,0,低,低,低,tpdc,cmfd-regional-v0106,CMFD_V0106_regional,False,2026-06-28T16:29:29.618831+00:00,112
ganzi-shiqu,CMFD_regional_ganzi-shiqu,2017-06-01 00:00,4.4,159.1,2.6,0,低,低,低,tpdc,cmfd-regional-v0106,CMFD_V0106_regional,False,2026-06-28T16:29:29.618893+00:00,380
ganzi-seda,CMFD_regional_ganzi-seda,2017-06-01 00:00,6.4,176.4,2.1,0,低,低,低,tpdc,cmfd-regional-v0106,CMFD_V0106_regional,False,2026-06-28T16:29:29.618953+00:00,208
aba-hongyuan,CMFD_regional_aba-hongyuan,2017-06-01 00:00,7.4,157.0,1.7,0,低,低,低,tpdc,cmfd-regional-v0106,CMFD_V0106_regional,False,2026-06-28T16:29:29.619009+00:00,196
gannan-luqu,CMFD_regional_gannan-luqu,2017-06-01 00:00,8.1,95.4,2.4,0,低,低,低,tpdc,cmfd-regional-v0106,CMFD_V0106_regional,False,2026-06-28T16:29:29.619064+00:00,80
linzhi-bayi,CMFD_regional_linzhi-bayi,2017-06-01 00:00,7.0,149.9,1.9,0,低,低,低,tpdc,cmfd-regional-v0106,CMFD_V0106_regional,False,2026-06-28T16:29:29.619119+00:00,144
naqu-bange,CMFD_regional_naqu-bange,2017-07-01 00:00,8.7,116.1,2.9,0,低,低,低,tpdc,cmfd-regional-v0106,CMFD_V0106_regional,False,2026-06-28T16:29:29.626190+00:00,529
naqu-seni,CMFD_regional_naqu-seni,2017-07-01 00:00,8.6,101.3,2.3,0,低,低,低,tpdc,cmfd-regional-v0106,CMFD_V0106_regional,False,2026-06-28T16:29:29.626266+00:00,280
naqu-nierong,CMFD_regional_naqu-nierong,2017-07-01 00:00,7.8,89.3,2.7,0,低,低,低,tpdc,cmfd-regional-v0106,CMFD_V0106_regional,False,2026-06-28T16:29:29.626330+00:00,187
naqu-anduo,CMFD_regional_naqu-anduo,2017-07-01 00:00,7.2,71.3,3.6,0,低,低,低,tpdc,cmfd-regional-v0106,CMFD_V0106_regional,False,2026-06-28T16:29:29.626447+00:00,1872
naqu-shenzha,CMFD_regional_naqu-shenzha,2017-07-01 00:00,8.9,121.3,3.1,0,低,低,低,tpdc,cmfd-regional-v0106,CMFD_V0106_regional,False,2026-06-28T16:29:29.626519+00:00,440
changdu-karuo,CMFD_regional_changdu-karuo,2017-07-01 00:00,9.2,96.9,1.6,0,低,低,低,tpdc,cmfd-regional-v0106,CMFD_V0106_regional,False,2026-06-28T16:29:29.626586+00:00,208
changdu-luolong,CMFD_regional_changdu-luolong,2017-07-01 00:00,7.6,78.1,2.0,0,低,低,低,tpdc,cmfd-regional-v0106,CMFD_V0106_regional,False,2026-06-28T16:29:29.626645+00:00,140
changdu-leiwuqi,CMFD_regional_changdu-leiwuqi,2017-07-01 00:00,9.0,86.5,1.6,0,低,低,低,tpdc,cmfd-regional-v0106,CMFD_V0106_regional,False,2026-06-28T16:29:29.626703+00:00,120
changdu-jiangda,CMFD_regional_changdu-jiangda,2017-07-01 00:00,8.4,118.2,1.6,0,低,低,低,tpdc,cmfd-regional-v0106,CMFD_V0106_regional,False,2026-06-28T16:29:29.626763+00:00,256
rikaze-xietongmen,CMFD_regional_rikaze-xietongmen,2017-07-01 00:00,7.8,124.6,2.0,0,低,低,低,tpdc,cmfd-regional-v0106,CMFD_V0106_regional,False,2026-06-28T16:29:29.626942+00:00,209
rikaze-jiangzi,CMFD_regional_rikaze-jiangzi,2017-07-01 00:00,9.4,160.7,3.2,0,低,低,低,tpdc,cmfd-regional-v0106,CMFD_V0106_regional,False,2026-06-28T16:29:29.627019+00:00,77
rikaze-kangma,CMFD_regional_rikaze-kangma,2017-07-01 00:00,7.4,151.3,4.0,0,低,低,低,tpdc,cmfd-regional-v0106,CMFD_V0106_regional,False,2026-06-28T16:29:29.627080+00:00,84
rikaze-zhongba,CMFD_regional_rikaze-zhongba,2017-07-01 00:00,8.1,113.6,2.9,0,低,低,低,tpdc,cmfd-regional-v0106,CMFD_V0106_regional,False,2026-06-28T16:29:29.627181+00:00,702
shannan-cuona,CMFD_regional_shannan-cuona,2017-07-01 00:00,14.9,307.2,1.2,0,低,低,低,tpdc,cmfd-regional-v0106,CMFD_V0106_regional,False,2026-06-28T16:29:29.627268+00:00,480
ali-gaize,CMFD_regional_ali-gaize,2017-07-01 00:00,7.9,107.2,3.6,0,低,低,低,tpdc,cmfd-regional-v0106,CMFD_V0106_regional,False,2026-06-28T16:29:29.627379+00:00,1892
yushu-chengduo,CMFD_regional_yushu-chengduo,2017-07-01 00:00,7.9,81.7,2.3,0,低,低,低,tpdc,cmfd-regional-v0106,CMFD_V0106_regional,False,2026-06-28T16:29:29.627459+00:00,323
yushu-zaduo,CMFD_regional_yushu-zaduo,2017-07-01 00:00,7.6,77.7,2.5,0,低,低,低,tpdc,cmfd-regional-v0106,CMFD_V0106_regional,False,2026-06-28T16:29:29.627533+00:00,578
guoluo-maqin,CMFD_regional_guoluo-maqin,2017-07-01 00:00,9.5,65.2,2.2,0,低,低,低,tpdc,cmfd-regional-v0106,CMFD_V0106_regional,False,2026-06-28T16:29:29.627598+00:00,352
guoluo-jiuzhi,CMFD_regional_guoluo-jiuzhi,2017-07-01 00:00,8.7,61.8,1.9,0,低,低,低,tpdc,cmfd-regional-v0106,CMFD_V0106_regional,False,2026-06-28T16:29:29.627662+00:00,150
haibei-gangcha,CMFD_regional_haibei-gangcha,2017-07-01 00:00,10.9,169.9,2.8,0,低,低,低,tpdc,cmfd-regional-v0106,CMFD_V0106_regional,False,2026-06-28T16:29:29.627727+00:00,144
huangnan-zeku,CMFD_regional_huangnan-zeku,2017-07-01 00:00,11.2,56.5,2.1,0,低,低,低,tpdc,cmfd-regional-v0106,CMFD_V0106_regional,False,2026-06-28T16:29:29.627794+00:00,112
ganzi-shiqu,CMFD_regional_ganzi-shiqu,2017-07-01 00:00,7.8,82.9,2.3,0,低,低,低,tpdc,cmfd-regional-v0106,CMFD_V0106_regional,False,2026-06-28T16:29:29.627862+00:00,380
ganzi-seda,CMFD_regional_ganzi-seda,2017-07-01 00:00,8.7,77.1,2.0,0,低,低,低,tpdc,cmfd-regional-v0106,CMFD_V0106_regional,False,2026-06-28T16:29:29.627929+00:00,208
aba-hongyuan,CMFD_regional_aba-hongyuan,2017-07-01 00:00,10.2,71.1,1.9,0,低,低,低,tpdc,cmfd-regional-v0106,CMFD_V0106_regional,False,2026-06-28T16:29:29.627995+00:00,196
gannan-luqu,CMFD_regional_gannan-luqu,2017-07-01 00:00,11.8,60.9,2.2,0,低,低,低,tpdc,cmfd-regional-v0106,CMFD_V0106_regional,False,2026-06-28T16:29:29.628065+00:00,80
linzhi-bayi,CMFD_regional_linzhi-bayi,2017-07-01 00:00,8.8,143.0,1.6,0,低,低,低,tpdc,cmfd-regional-v0106,CMFD_V0106_regional,False,2026-06-28T16:29:29.628126+00:00,144
naqu-bange,CMFD_regional_naqu-bange,2017-08-01 00:00,8.2,110.4,2.5,0,低,低,低,tpdc,cmfd-regional-v0106,CMFD_V0106_regional,False,2026-06-28T16:29:29.635754+00:00,529
naqu-seni,CMFD_regional_naqu-seni,2017-08-01 00:00,8.2,117.1,2.1,0,低,低,低,tpdc,cmfd-regional-v0106,CMFD_V0106_regional,False,2026-06-28T16:29:29.635864+00:00,280
naqu-nierong,CMFD_regional_naqu-nierong,2017-08-01 00:00,7.2,135.3,2.2,0,低,低,低,tpdc,cmfd-regional-v0106,CMFD_V0106_regional,False,2026-06-28T16:29:29.636049+00:00,187
naqu-anduo,CMFD_regional_naqu-anduo,2017-08-01 00:00,6.9,96.8,3.1,0,低,低,低,tpdc,cmfd-regional-v0106,CMFD_V0106_regional,False,2026-06-28T16:29:29.636198+00:00,1872
naqu-shenzha,CMFD_regional_naqu-shenzha,2017-08-01 00:00,8.4,126.8,2.8,0,低,低,低,tpdc,cmfd-regional-v0106,CMFD_V0106_regional,False,2026-06-28T16:29:29.636288+00:00,440
changdu-karuo,CMFD_regional_changdu-karuo,2017-08-01 00:00,9.6,97.6,1.5,0,低,低,低,tpdc,cmfd-regional-v0106,CMFD_V0106_regional,False,2026-06-28T16:29:29.636358+00:00,208
changdu-luolong,CMFD_regional_changdu-luolong,2017-08-01 00:00,8.3,76.9,2.1,0,低,低,低,tpdc,cmfd-regional-v0106,CMFD_V0106_regional,False,2026-06-28T16:29:29.636436+00:00,140
changdu-leiwuqi,CMFD_regional_changdu-leiwuqi,2017-08-01 00:00,9.3,84.4,1.6,0,低,低,低,tpdc,cmfd-regional-v0106,CMFD_V0106_regional,False,2026-06-28T16:29:29.636555+00:00,120
changdu-jiangda,CMFD_regional_changdu-jiangda,2017-08-01 00:00,9.0,113.1,1.6,0,低,低,低,tpdc,cmfd-regional-v0106,CMFD_V0106_regional,False,2026-06-28T16:29:29.636656+00:00,256
rikaze-xietongmen,CMFD_regional_rikaze-xietongmen,2017-08-01 00:00,7.2,161.7,1.8,0,低,低,低,tpdc,cmfd-regional-v0106,CMFD_V0106_regional,False,2026-06-28T16:29:29.636729+00:00,209
rikaze-jiangzi,CMFD_regional_rikaze-jiangzi,2017-08-01 00:00,9.5,88.7,3.2,0,低,低,低,tpdc,cmfd-regional-v0106,CMFD_V0106_regional,False,2026-06-28T16:29:29.636798+00:00,77
rikaze-kangma,CMFD_regional_rikaze-kangma,2017-08-01 00:00,7.7,70.3,4.0,0,低,低,低,tpdc,cmfd-regional-v0106,CMFD_V0106_regional,False,2026-06-28T16:29:29.636868+00:00,84
rikaze-zhongba,CMFD_regional_rikaze-zhongba,2017-08-01 00:00,8.2,61.3,2.9,0,低,低,低,tpdc,cmfd-regional-v0106,CMFD_V0106_regional,False,2026-06-28T16:29:29.636970+00:00,702
shannan-cuona,CMFD_regional_shannan-cuona,2017-08-01 00:00,15.9,173.3,1.5,0,低,低,低,tpdc,cmfd-regional-v0106,CMFD_V0106_regional,False,2026-06-28T16:29:29.637060+00:00,480
ali-gaize,CMFD_regional_ali-gaize,2017-08-01 00:00,7.8,48.5,3.4,0,低,低,低,tpdc,cmfd-regional-v0106,CMFD_V0106_regional,False,2026-06-28T16:29:29.637174+00:00,1892
yushu-chengduo,CMFD_regional_yushu-chengduo,2017-08-01 00:00,7.4,98.8,2.0,0,低,低,低,tpdc,cmfd-regional-v0106,CMFD_V0106_regional,False,2026-06-28T16:29:29.637243+00:00,323
yushu-zaduo,CMFD_regional_yushu-zaduo,2017-08-01 00:00,7.2,120.0,2.3,0,低,低,低,tpdc,cmfd-regional-v0106,CMFD_V0106_regional,False,2026-06-28T16:29:29.637336+00:00,578
guoluo-maqin,CMFD_regional_guoluo-maqin,2017-08-01 00:00,8.8,120.3,2.2,0,低,低,低,tpdc,cmfd-regional-v0106,CMFD_V0106_regional,False,2026-06-28T16:29:29.637742+00:00,352
guoluo-jiuzhi,CMFD_regional_guoluo-jiuzhi,2017-08-01 00:00,9.1,131.2,1.9,0,低,低,低,tpdc,cmfd-regional-v0106,CMFD_V0106_regional,False,2026-06-28T16:29:29.637816+00:00,150
haibei-gangcha,CMFD_regional_haibei-gangcha,2017-08-01 00:00,8.8,137.6,2.6,0,低,低,低,tpdc,cmfd-regional-v0106,CMFD_V0106_regional,False,2026-06-28T16:29:29.637898+00:00,144
huangnan-zeku,CMFD_regional_huangnan-zeku,2017-08-01 00:00,9.8,180.4,1.9,0,低,低,低,tpdc,cmfd-regional-v0106,CMFD_V0106_regional,False,2026-06-28T16:29:29.637977+00:00,112
ganzi-shiqu,CMFD_regional_ganzi-shiqu,2017-08-01 00:00,7.9,107.1,2.2,0,低,低,低,tpdc,cmfd-regional-v0106,CMFD_V0106_regional,False,2026-06-28T16:29:29.638053+00:00,380
ganzi-seda,CMFD_regional_ganzi-seda,2017-08-01 00:00,9.3,113.3,1.8,0,低,低,低,tpdc,cmfd-regional-v0106,CMFD_V0106_regional,False,2026-06-28T16:29:29.638118+00:00,208
aba-hongyuan,CMFD_regional_aba-hongyuan,2017-08-01 00:00,10.9,115.3,1.9,0,低,低,低,tpdc,cmfd-regional-v0106,CMFD_V0106_regional,False,2026-06-28T16:29:29.638189+00:00,196
gannan-luqu,CMFD_regional_gannan-luqu,2017-08-01 00:00,10.6,150.7,2.1,0,低,低,低,tpdc,cmfd-regional-v0106,CMFD_V0106_regional,False,2026-06-28T16:29:29.638254+00:00,80
linzhi-bayi,CMFD_regional_linzhi-bayi,2017-08-01 00:00,9.1,130.0,1.6,0,低,低,低,tpdc,cmfd-regional-v0106,CMFD_V0106_regional,False,2026-06-28T16:29:29.638317+00:00,144
naqu-bange,CMFD_regional_naqu-bange,2017-09-01 00:00,7.3,37.9,3.1,0,低,低,低,tpdc,cmfd-regional-v0106,CMFD_V0106_regional,False,2026-06-28T16:29:29.646203+00:00,529
naqu-seni,CMFD_regional_naqu-seni,2017-09-01 00:00,6.3,70.1,2.3,0,低,低,低,tpdc,cmfd-regional-v0106,CMFD_V0106_regional,False,2026-06-28T16:29:29.646276+00:00,280
naqu-nierong,CMFD_regional_naqu-nierong,2017-09-01 00:00,3.9,75.5,2.5,0,低,低,低,tpdc,cmfd-regional-v0106,CMFD_V0106_regional,False,2026-06-28T16:29:29.646337+00:00,187
naqu-anduo,CMFD_regional_naqu-anduo,2017-09-01 00:00,3.2,43.5,3.4,0,低,低,低,tpdc,cmfd-regional-v0106,CMFD_V0106_regional,False,2026-06-28T16:29:29.646446+00:00,1872
naqu-shenzha,CMFD_regional_naqu-shenzha,2017-09-01 00:00,7.2,31.6,3.0,0,低,低,低,tpdc,cmfd-regional-v0106,CMFD_V0106_regional,False,2026-06-28T16:29:29.646516+00:00,440
changdu-karuo,CMFD_regional_changdu-karuo,2017-09-01 00:00,7.5,68.2,1.4,0,低,低,低,tpdc,cmfd-regional-v0106,CMFD_V0106_regional,False,2026-06-28T16:29:29.646580+00:00,208
changdu-luolong,CMFD_regional_changdu-luolong,2017-09-01 00:00,6.3,31.7,2.2,0,低,低,低,tpdc,cmfd-regional-v0106,CMFD_V0106_regional,False,2026-06-28T16:29:29.646639+00:00,140
changdu-leiwuqi,CMFD_regional_changdu-leiwuqi,2017-09-01 00:00,7.3,50.6,1.5,0,低,低,低,tpdc,cmfd-regional-v0106,CMFD_V0106_regional,False,2026-06-28T16:29:29.646696+00:00,120
changdu-jiangda,CMFD_regional_changdu-jiangda,2017-09-01 00:00,6.5,109.3,1.4,0,低,低,低,tpdc,cmfd-regional-v0106,CMFD_V0106_regional,False,2026-06-28T16:29:29.646754+00:00,256
rikaze-xietongmen,CMFD_regional_rikaze-xietongmen,2017-09-01 00:00,7.1,14.5,1.6,0,低,低,中,tpdc,cmfd-regional-v0106,CMFD_V0106_regional,False,2026-06-28T16:29:29.646816+00:00,209
rikaze-jiangzi,CMFD_regional_rikaze-jiangzi,2017-09-01 00:00,9.4,9.1,3.3,0,低,低,中,tpdc,cmfd-regional-v0106,CMFD_V0106_regional,False,2026-06-28T16:29:29.646873+00:00,77
rikaze-kangma,CMFD_regional_rikaze-kangma,2017-09-01 00:00,7.3,15.6,4.1,0,低,低,中,tpdc,cmfd-regional-v0106,CMFD_V0106_regional,False,2026-06-28T16:29:29.646939+00:00,84
rikaze-zhongba,CMFD_regional_rikaze-zhongba,2017-09-01 00:00,5.4,17.5,3.2,0,低,低,中,tpdc,cmfd-regional-v0106,CMFD_V0106_regional,False,2026-06-28T16:29:29.647033+00:00,702
shannan-cuona,CMFD_regional_shannan-cuona,2017-09-01 00:00,15.0,217.3,1.6,0,低,低,低,tpdc,cmfd-regional-v0106,CMFD_V0106_regional,False,2026-06-28T16:29:29.647133+00:00,480
ali-gaize,CMFD_regional_ali-gaize,2017-09-01 00:00,3.4,13.0,3.4,0,低,低,中,tpdc,cmfd-regional-v0106,CMFD_V0106_regional,False,2026-06-28T16:29:29.647244+00:00,1892
yushu-chengduo,CMFD_regional_yushu-chengduo,2017-09-01 00:00,3.9,106.3,2.0,0,低,低,低,tpdc,cmfd-regional-v0106,CMFD_V0106_regional,False,2026-06-28T16:29:29.647318+00:00,323
yushu-zaduo,CMFD_regional_yushu-zaduo,2017-09-01 00:00,3.7,86.4,2.1,0,低,低,低,tpdc,cmfd-regional-v0106,CMFD_V0106_regional,False,2026-06-28T16:29:29.647393+00:00,578
guoluo-maqin,CMFD_regional_guoluo-maqin,2017-09-01 00:00,4.9,103.9,2.0,0,低,低,低,tpdc,cmfd-regional-v0106,CMFD_V0106_regional,False,2026-06-28T16:29:29.647459+00:00,352
guoluo-jiuzhi,CMFD_regional_guoluo-jiuzhi,2017-09-01 00:00,5.6,136.1,1.9,0,低,低,低,tpdc,cmfd-regional-v0106,CMFD_V0106_regional,False,2026-06-28T16:29:29.647520+00:00,150
haibei-gangcha,CMFD_regional_haibei-gangcha,2017-09-01 00:00,5.0,62.4,2.5,0,低,低,低,tpdc,cmfd-regional-v0106,CMFD_V0106_regional,False,2026-06-28T16:29:29.647582+00:00,144
huangnan-zeku,CMFD_regional_huangnan-zeku,2017-09-01 00:00,6.0,78.2,1.8,0,低,低,低,tpdc,cmfd-regional-v0106,CMFD_V0106_regional,False,2026-06-28T16:29:29.647652+00:00,112
ganzi-shiqu,CMFD_regional_ganzi-shiqu,2017-09-01 00:00,4.6,153.9,2.1,0,低,低,低,tpdc,cmfd-regional-v0106,CMFD_V0106_regional,False,2026-06-28T16:29:29.647718+00:00,380
ganzi-seda,CMFD_regional_ganzi-seda,2017-09-01 00:00,6.7,139.4,1.8,0,低,低,低,tpdc,cmfd-regional-v0106,CMFD_V0106_regional,False,2026-06-28T16:29:29.647779+00:00,208
aba-hongyuan,CMFD_regional_aba-hongyuan,2017-09-01 00:00,7.5,203.3,1.9,0,低,低,低,tpdc,cmfd-regional-v0106,CMFD_V0106_regional,False,2026-06-28T16:29:29.647838+00:00,196
gannan-luqu,CMFD_regional_gannan-luqu,2017-09-01 00:00,7.2,131.2,2.0,0,低,低,低,tpdc,cmfd-regional-v0106,CMFD_V0106_regional,False,2026-06-28T16:29:29.647896+00:00,80
linzhi-bayi,CMFD_regional_linzhi-bayi,2017-09-01 00:00,7.4,93.2,1.7,0,低,低,低,tpdc,cmfd-regional-v0106,CMFD_V0106_regional,False,2026-06-28T16:29:29.647954+00:00,144
naqu-bange,CMFD_regional_naqu-bange,2017-10-01 00:00,2.0,9.3,3.3,0,低,低,中,tpdc,cmfd-regional-v0106,CMFD_V0106_regional,False,2026-06-28T16:29:29.655130+00:00,529
naqu-seni,CMFD_regional_naqu-seni,2017-10-01 00:00,2.0,21.3,2.4,0,低,低,低,tpdc,cmfd-regional-v0106,CMFD_V0106_regional,False,2026-06-28T16:29:29.655207+00:00,280
naqu-nierong,CMFD_regional_naqu-nierong,2017-10-01 00:00,-0.3,14.3,2.8,0,中,低,中,tpdc,cmfd-regional-v0106,CMFD_V0106_regional,False,2026-06-28T16:29:29.655274+00:00,187
naqu-anduo,CMFD_regional_naqu-anduo,2017-10-01 00:00,-3.0,8.6,3.6,0,中,低,中,tpdc,cmfd-regional-v0106,CMFD_V0106_regional,False,2026-06-28T16:29:29.655395+00:00,1872
naqu-shenzha,CMFD_regional_naqu-shenzha,2017-10-01 00:00,1.1,6.9,3.4,0,低,低,中,tpdc,cmfd-regional-v0106,CMFD_V0106_regional,False,2026-06-28T16:29:29.655470+00:00,440
changdu-karuo,CMFD_regional_changdu-karuo,2017-10-01 00:00,3.3,34.0,1.5,0,低,低,低,tpdc,cmfd-regional-v0106,CMFD_V0106_regional,False,2026-06-28T16:29:29.655533+00:00,208
changdu-luolong,CMFD_regional_changdu-luolong,2017-10-01 00:00,2.0,43.1,2.4,0,低,低,低,tpdc,cmfd-regional-v0106,CMFD_V0106_regional,False,2026-06-28T16:29:29.655592+00:00,140
changdu-leiwuqi,CMFD_regional_changdu-leiwuqi,2017-10-01 00:00,3.1,35.9,1.7,0,低,低,低,tpdc,cmfd-regional-v0106,CMFD_V0106_regional,False,2026-06-28T16:29:29.655652+00:00,120
changdu-jiangda,CMFD_regional_changdu-jiangda,2017-10-01 00:00,2.3,45.9,1.5,0,低,低,低,tpdc,cmfd-regional-v0106,CMFD_V0106_regional,False,2026-06-28T16:29:29.655713+00:00,256
rikaze-xietongmen,CMFD_regional_rikaze-xietongmen,2017-10-01 00:00,1.5,5.9,2.0,0,低,低,中,tpdc,cmfd-regional-v0106,CMFD_V0106_regional,False,2026-06-28T16:29:29.655775+00:00,209
rikaze-jiangzi,CMFD_regional_rikaze-jiangzi,2017-10-01 00:00,4.2,4.4,3.5,0,低,低,高,tpdc,cmfd-regional-v0106,CMFD_V0106_regional,False,2026-06-28T16:29:29.655833+00:00,77
rikaze-kangma,CMFD_regional_rikaze-kangma,2017-10-01 00:00,2.1,3.8,4.3,0,低,低,高,tpdc,cmfd-regional-v0106,CMFD_V0106_regional,False,2026-06-28T16:29:29.655891+00:00,84
rikaze-zhongba,CMFD_regional_rikaze-zhongba,2017-10-01 00:00,-0.9,6.9,3.2,0,中,低,中,tpdc,cmfd-regional-v0106,CMFD_V0106_regional,False,2026-06-28T16:29:29.655982+00:00,702
shannan-cuona,CMFD_regional_shannan-cuona,2017-10-01 00:00,11.6,62.5,1.9,0,低,低,低,tpdc,cmfd-regional-v0106,CMFD_V0106_regional,False,2026-06-28T16:29:29.656063+00:00,480
ali-gaize,CMFD_regional_ali-gaize,2017-10-01 00:00,-4.3,6.3,3.3,0,中,低,中,tpdc,cmfd-regional-v0106,CMFD_V0106_regional,False,2026-06-28T16:29:29.656172+00:00,1892
yushu-chengduo,CMFD_regional_yushu-chengduo,2017-10-01 00:00,-1.3,49.8,2.3,0,中,中,低,tpdc,cmfd-regional-v0106,CMFD_V0106_regional,False,2026-06-28T16:29:29.656243+00:00,323
yushu-zaduo,CMFD_regional_yushu-zaduo,2017-10-01 00:00,-0.8,28.4,2.4,0,中,中,低,tpdc,cmfd-regional-v0106,CMFD_V0106_regional,False,2026-06-28T16:29:29.656310+00:00,578
guoluo-maqin,CMFD_regional_guoluo-maqin,2017-10-01 00:00,0.3,54.7,2.1,0,低,低,低,tpdc,cmfd-regional-v0106,CMFD_V0106_regional,False,2026-06-28T16:29:29.656372+00:00,352
guoluo-jiuzhi,CMFD_regional_guoluo-jiuzhi,2017-10-01 00:00,1.5,95.4,2.0,0,低,低,低,tpdc,cmfd-regional-v0106,CMFD_V0106_regional,False,2026-06-28T16:29:29.656429+00:00,150
haibei-gangcha,CMFD_regional_haibei-gangcha,2017-10-01 00:00,-0.5,25.6,2.7,0,中,中,低,tpdc,cmfd-regional-v0106,CMFD_V0106_regional,False,2026-06-28T16:29:29.656488+00:00,144
huangnan-zeku,CMFD_regional_huangnan-zeku,2017-10-01 00:00,1.0,48.6,1.7,0,低,低,低,tpdc,cmfd-regional-v0106,CMFD_V0106_regional,False,2026-06-28T16:29:29.656556+00:00,112
ganzi-shiqu,CMFD_regional_ganzi-shiqu,2017-10-01 00:00,-0.7,90.1,2.1,0,中,高,低,tpdc,cmfd-regional-v0106,CMFD_V0106_regional,False,2026-06-28T16:29:29.656621+00:00,380
ganzi-seda,CMFD_regional_ganzi-seda,2017-10-01 00:00,2.1,72.9,1.8,0,低,低,低,tpdc,cmfd-regional-v0106,CMFD_V0106_regional,False,2026-06-28T16:29:29.656682+00:00,208
aba-hongyuan,CMFD_regional_aba-hongyuan,2017-10-01 00:00,3.2,104.6,2.2,0,低,低,低,tpdc,cmfd-regional-v0106,CMFD_V0106_regional,False,2026-06-28T16:29:29.656749+00:00,196
gannan-luqu,CMFD_regional_gannan-luqu,2017-10-01 00:00,2.9,79.6,2.2,0,低,低,低,tpdc,cmfd-regional-v0106,CMFD_V0106_regional,False,2026-06-28T16:29:29.656808+00:00,80
linzhi-bayi,CMFD_regional_linzhi-bayi,2017-10-01 00:00,3.5,61.1,1.8,0,低,低,低,tpdc,cmfd-regional-v0106,CMFD_V0106_regional,False,2026-06-28T16:29:29.656864+00:00,144
naqu-bange,CMFD_regional_naqu-bange,2017-11-01 00:00,-5.3,1.7,3.4,0,中,低,高,tpdc,cmfd-regional-v0106,CMFD_V0106_regional,False,2026-06-28T16:29:29.664842+00:00,529
naqu-seni,CMFD_regional_naqu-seni,2017-11-01 00:00,-5.9,3.9,2.3,0,中,低,高,tpdc,cmfd-regional-v0106,CMFD_V0106_regional,False,2026-06-28T16:29:29.664915+00:00,280
naqu-nierong,CMFD_regional_naqu-nierong,2017-11-01 00:00,-8.7,2.8,2.8,0,中,低,高,tpdc,cmfd-regional-v0106,CMFD_V0106_regional,False,2026-06-28T16:29:29.664978+00:00,187
naqu-anduo,CMFD_regional_naqu-anduo,2017-11-01 00:00,-11.4,2.2,4.0,0,高,低,高,tpdc,cmfd-regional-v0106,CMFD_V0106_regional,False,2026-06-28T16:29:29.665098+00:00,1872
naqu-shenzha,CMFD_regional_naqu-shenzha,2017-11-01 00:00,-6.0,1.0,3.5,0,中,低,高,tpdc,cmfd-regional-v0106,CMFD_V0106_regional,False,2026-06-28T16:29:29.665173+00:00,440
changdu-karuo,CMFD_regional_changdu-karuo,2017-11-01 00:00,-3.5,5.6,1.4,0,中,低,中,tpdc,cmfd-regional-v0106,CMFD_V0106_regional,False,2026-06-28T16:29:29.665297+00:00,208
changdu-luolong,CMFD_regional_changdu-luolong,2017-11-01 00:00,-4.4,6.9,2.4,0,中,低,中,tpdc,cmfd-regional-v0106,CMFD_V0106_regional,False,2026-06-28T16:29:29.665395+00:00,140
changdu-leiwuqi,CMFD_regional_changdu-leiwuqi,2017-11-01 00:00,-3.7,7.3,1.6,0,中,低,中,tpdc,cmfd-regional-v0106,CMFD_V0106_regional,False,2026-06-28T16:29:29.665461+00:00,120
changdu-jiangda,CMFD_regional_changdu-jiangda,2017-11-01 00:00,-4.6,4.7,1.3,0,中,低,高,tpdc,cmfd-regional-v0106,CMFD_V0106_regional,False,2026-06-28T16:29:29.665527+00:00,256
rikaze-xietongmen,CMFD_regional_rikaze-xietongmen,2017-11-01 00:00,-6.0,0.0,2.3,0,中,低,高,tpdc,cmfd-regional-v0106,CMFD_V0106_regional,False,2026-06-28T16:29:29.665593+00:00,209
rikaze-jiangzi,CMFD_regional_rikaze-jiangzi,2017-11-01 00:00,-3.4,1.1,2.9,0,中,低,高,tpdc,cmfd-regional-v0106,CMFD_V0106_regional,False,2026-06-28T16:29:29.665654+00:00,77
rikaze-kangma,CMFD_regional_rikaze-kangma,2017-11-01 00:00,-5.3,1.6,3.5,0,中,低,高,tpdc,cmfd-regional-v0106,CMFD_V0106_regional,False,2026-06-28T16:29:29.665712+00:00,84
rikaze-zhongba,CMFD_regional_rikaze-zhongba,2017-11-01 00:00,-7.6,4.0,3.6,0,中,低,高,tpdc,cmfd-regional-v0106,CMFD_V0106_regional,False,2026-06-28T16:29:29.665809+00:00,702
shannan-cuona,CMFD_regional_shannan-cuona,2017-11-01 00:00,4.6,7.8,1.9,0,低,低,中,tpdc,cmfd-regional-v0106,CMFD_V0106_regional,False,2026-06-28T16:29:29.665892+00:00,480
ali-gaize,CMFD_regional_ali-gaize,2017-11-01 00:00,-11.6,0.7,3.2,0,高,低,高,tpdc,cmfd-regional-v0106,CMFD_V0106_regional,False,2026-06-28T16:29:29.666078+00:00,1892
yushu-chengduo,CMFD_regional_yushu-chengduo,2017-11-01 00:00,-10.0,4.3,1.7,0,中,低,高,tpdc,cmfd-regional-v0106,CMFD_V0106_regional,False,2026-06-28T16:29:29.666157+00:00,323
yushu-zaduo,CMFD_regional_yushu-zaduo,2017-11-01 00:00,-8.6,3.8,2.4,0,中,低,高,tpdc,cmfd-regional-v0106,CMFD_V0106_regional,False,2026-06-28T16:29:29.666228+00:00,578
guoluo-maqin,CMFD_regional_guoluo-maqin,2017-11-01 00:00,-8.2,3.7,1.7,0,中,低,高,tpdc,cmfd-regional-v0106,CMFD_V0106_regional,False,2026-06-28T16:29:29.666301+00:00,352
guoluo-jiuzhi,CMFD_regional_guoluo-jiuzhi,2017-11-01 00:00,-6.3,7.2,1.8,0,中,低,中,tpdc,cmfd-regional-v0106,CMFD_V0106_regional,False,2026-06-28T16:29:29.666367+00:00,150
haibei-gangcha,CMFD_regional_haibei-gangcha,2017-11-01 00:00,-7.7,0.0,2.8,0,中,低,高,tpdc,cmfd-regional-v0106,CMFD_V0106_regional,False,2026-06-28T16:29:29.666432+00:00,144
huangnan-zeku,CMFD_regional_huangnan-zeku,2017-11-01 00:00,-7.1,3.7,1.6,0,中,低,高,tpdc,cmfd-regional-v0106,CMFD_V0106_regional,False,2026-06-28T16:29:29.666492+00:00,112
ganzi-shiqu,CMFD_regional_ganzi-shiqu,2017-11-01 00:00,-8.3,6.2,1.5,0,中,低,中,tpdc,cmfd-regional-v0106,CMFD_V0106_regional,False,2026-06-28T16:29:29.666556+00:00,380
ganzi-seda,CMFD_regional_ganzi-seda,2017-11-01 00:00,-5.7,5.8,1.6,0,中,低,中,tpdc,cmfd-regional-v0106,CMFD_V0106_regional,False,2026-06-28T16:29:29.666618+00:00,208
aba-hongyuan,CMFD_regional_aba-hongyuan,2017-11-01 00:00,-3.5,18.5,1.8,0,中,低,中,tpdc,cmfd-regional-v0106,CMFD_V0106_regional,False,2026-06-28T16:29:29.666681+00:00,196
gannan-luqu,CMFD_regional_gannan-luqu,2017-11-01 00:00,-3.9,3.7,2.0,0,中,低,高,tpdc,cmfd-regional-v0106,CMFD_V0106_regional,False,2026-06-28T16:29:29.666742+00:00,80
linzhi-bayi,CMFD_regional_linzhi-bayi,2017-11-01 00:00,-2.6,3.8,1.8,0,中,低,高,tpdc,cmfd-regional-v0106,CMFD_V0106_regional,False,2026-06-28T16:29:29.666800+00:00,144
naqu-bange,CMFD_regional_naqu-bange,2017-12-01 00:00,-6.6,2.5,3.8,0,中,低,高,tpdc,cmfd-regional-v0106,CMFD_V0106_regional,False,2026-06-28T16:29:29.674832+00:00,529
naqu-seni,CMFD_regional_naqu-seni,2017-12-01 00:00,-7.9,1.1,2.4,0,中,低,高,tpdc,cmfd-regional-v0106,CMFD_V0106_regional,False,2026-06-28T16:29:29.674907+00:00,280
naqu-nierong,CMFD_regional_naqu-nierong,2017-12-01 00:00,-10.5,0.3,2.8,0,高,低,高,tpdc,cmfd-regional-v0106,CMFD_V0106_regional,False,2026-06-28T16:29:29.674972+00:00,187
naqu-anduo,CMFD_regional_naqu-anduo,2017-12-01 00:00,-11.9,1.3,4.9,0,高,低,高,tpdc,cmfd-regional-v0106,CMFD_V0106_regional,False,2026-06-28T16:29:29.675089+00:00,1872
naqu-shenzha,CMFD_regional_naqu-shenzha,2017-12-01 00:00,-7.0,2.7,4.1,0,中,低,高,tpdc,cmfd-regional-v0106,CMFD_V0106_regional,False,2026-06-28T16:29:29.675168+00:00,440
changdu-karuo,CMFD_regional_changdu-karuo,2017-12-01 00:00,-6.4,0.2,1.2,0,中,低,高,tpdc,cmfd-regional-v0106,CMFD_V0106_regional,False,2026-06-28T16:29:29.675257+00:00,208
changdu-luolong,CMFD_regional_changdu-luolong,2017-12-01 00:00,-6.2,0.1,2.4,0,中,低,高,tpdc,cmfd-regional-v0106,CMFD_V0106_regional,False,2026-06-28T16:29:29.675330+00:00,140
changdu-leiwuqi,CMFD_regional_changdu-leiwuqi,2017-12-01 00:00,-5.9,0.3,1.6,0,中,低,高,tpdc,cmfd-regional-v0106,CMFD_V0106_regional,False,2026-06-28T16:29:29.675401+00:00,120
changdu-jiangda,CMFD_regional_changdu-jiangda,2017-12-01 00:00,-7.4,0.6,1.2,0,中,低,高,tpdc,cmfd-regional-v0106,CMFD_V0106_regional,False,2026-06-28T16:29:29.675463+00:00,256
rikaze-xietongmen,CMFD_regional_rikaze-xietongmen,2017-12-01 00:00,-7.7,2.8,2.4,0,中,低,高,tpdc,cmfd-regional-v0106,CMFD_V0106_regional,False,2026-06-28T16:29:29.675530+00:00,209
rikaze-jiangzi,CMFD_regional_rikaze-jiangzi,2017-12-01 00:00,-5.4,0.9,3.0,0,中,低,高,tpdc,cmfd-regional-v0106,CMFD_V0106_regional,False,2026-06-28T16:29:29.675589+00:00,77
rikaze-kangma,CMFD_regional_rikaze-kangma,2017-12-01 00:00,-6.7,1.0,3.4,0,中,低,高,tpdc,cmfd-regional-v0106,CMFD_V0106_regional,False,2026-06-28T16:29:29.675648+00:00,84
rikaze-zhongba,CMFD_regional_rikaze-zhongba,2017-12-01 00:00,-9.9,3.1,3.4,0,中,低,高,tpdc,cmfd-regional-v0106,CMFD_V0106_regional,False,2026-06-28T16:29:29.675748+00:00,702
shannan-cuona,CMFD_regional_shannan-cuona,2017-12-01 00:00,3.3,2.7,1.5,0,低,低,高,tpdc,cmfd-regional-v0106,CMFD_V0106_regional,False,2026-06-28T16:29:29.675835+00:00,480
ali-gaize,CMFD_regional_ali-gaize,2017-12-01 00:00,-13.6,3.5,4.7,0,高,低,高,tpdc,cmfd-regional-v0106,CMFD_V0106_regional,False,2026-06-28T16:29:29.675938+00:00,1892
yushu-chengduo,CMFD_regional_yushu-chengduo,2017-12-01 00:00,-11.9,1.1,2.1,0,高,低,高,tpdc,cmfd-regional-v0106,CMFD_V0106_regional,False,2026-06-28T16:29:29.676001+00:00,323
yushu-zaduo,CMFD_regional_yushu-zaduo,2017-12-01 00:00,-10.6,0.2,2.6,0,高,低,高,tpdc,cmfd-regional-v0106,CMFD_V0106_regional,False,2026-06-28T16:29:29.676074+00:00,578
guoluo-maqin,CMFD_regional_guoluo-maqin,2017-12-01 00:00,-11.4,1.9,2.0,0,高,低,高,tpdc,cmfd-regional-v0106,CMFD_V0106_regional,False,2026-06-28T16:29:29.676139+00:00,352
guoluo-jiuzhi,CMFD_regional_guoluo-jiuzhi,2017-12-01 00:00,-9.0,0.3,2.2,0,中,低,高,tpdc,cmfd-regional-v0106,CMFD_V0106_regional,False,2026-06-28T16:29:29.676201+00:00,150
haibei-gangcha,CMFD_regional_haibei-gangcha,2017-12-01 00:00,-11.4,0.0,2.7,0,高,低,高,tpdc,cmfd-regional-v0106,CMFD_V0106_regional,False,2026-06-28T16:29:29.676265+00:00,144
huangnan-zeku,CMFD_regional_huangnan-zeku,2017-12-01 00:00,-11.2,1.3,1.8,0,高,低,高,tpdc,cmfd-regional-v0106,CMFD_V0106_regional,False,2026-06-28T16:29:29.676322+00:00,112
ganzi-shiqu,CMFD_regional_ganzi-shiqu,2017-12-01 00:00,-11.3,3.3,1.6,0,高,低,高,tpdc,cmfd-regional-v0106,CMFD_V0106_regional,False,2026-06-28T16:29:29.676383+00:00,380
ganzi-seda,CMFD_regional_ganzi-seda,2017-12-01 00:00,-7.6,0.3,1.8,0,中,低,高,tpdc,cmfd-regional-v0106,CMFD_V0106_regional,False,2026-06-28T16:29:29.676443+00:00,208
aba-hongyuan,CMFD_regional_aba-hongyuan,2017-12-01 00:00,-6.2,2.8,2.0,0,中,低,高,tpdc,cmfd-regional-v0106,CMFD_V0106_regional,False,2026-06-28T16:29:29.676501+00:00,196
gannan-luqu,CMFD_regional_gannan-luqu,2017-12-01 00:00,-7.3,0.0,2.0,0,中,低,高,tpdc,cmfd-regional-v0106,CMFD_V0106_regional,False,2026-06-28T16:29:29.676557+00:00,80
linzhi-bayi,CMFD_regional_linzhi-bayi,2017-12-01 00:00,-4.2,0.2,1.8,0,中,低,高,tpdc,cmfd-regional-v0106,CMFD_V0106_regional,False,2026-06-28T16:29:29.676616+00:00,144
naqu-bange,CMFD_regional_naqu-bange,2018-01-01 00:00,-7.7,2.0,4.9,0,中,低,高,tpdc,cmfd-regional-v0106,CMFD_V0106_regional,False,2026-06-28T16:29:29.684647+00:00,529
naqu-seni,CMFD_regional_naqu-seni,2018-01-01 00:00,-9.6,1.9,3.1,0,中,低,高,tpdc,cmfd-regional-v0106,CMFD_V0106_regional,False,2026-06-28T16:29:29.684732+00:00,280
naqu-nierong,CMFD_regional_naqu-nierong,2018-01-01 00:00,-12.1,1.1,3.8,0,高,低,高,tpdc,cmfd-regional-v0106,CMFD_V0106_regional,False,2026-06-28T16:29:29.684807+00:00,187
naqu-anduo,CMFD_regional_naqu-anduo,2018-01-01 00:00,-14.9,1.5,5.4,0,高,低,高,tpdc,cmfd-regional-v0106,CMFD_V0106_regional,False,2026-06-28T16:29:29.684948+00:00,1872
naqu-shenzha,CMFD_regional_naqu-shenzha,2018-01-01 00:00,-8.4,2.5,5.6,0,中,低,高,tpdc,cmfd-regional-v0106,CMFD_V0106_regional,False,2026-06-28T16:29:29.685022+00:00,440
changdu-karuo,CMFD_regional_changdu-karuo,2018-01-01 00:00,-7.0,1.0,1.6,0,中,低,高,tpdc,cmfd-regional-v0106,CMFD_V0106_regional,False,2026-06-28T16:29:29.685094+00:00,208
changdu-luolong,CMFD_regional_changdu-luolong,2018-01-01 00:00,-8.4,0.9,2.9,0,中,低,高,tpdc,cmfd-regional-v0106,CMFD_V0106_regional,False,2026-06-28T16:29:29.685157+00:00,140
changdu-leiwuqi,CMFD_regional_changdu-leiwuqi,2018-01-01 00:00,-6.7,0.6,2.1,0,中,低,高,tpdc,cmfd-regional-v0106,CMFD_V0106_regional,False,2026-06-28T16:29:29.685218+00:00,120
changdu-jiangda,CMFD_regional_changdu-jiangda,2018-01-01 00:00,-7.7,1.1,1.6,0,中,低,高,tpdc,cmfd-regional-v0106,CMFD_V0106_regional,False,2026-06-28T16:29:29.685280+00:00,256
rikaze-xietongmen,CMFD_regional_rikaze-xietongmen,2018-01-01 00:00,-7.8,0.9,3.7,0,中,低,高,tpdc,cmfd-regional-v0106,CMFD_V0106_regional,False,2026-06-28T16:29:29.685350+00:00,209
rikaze-jiangzi,CMFD_regional_rikaze-jiangzi,2018-01-01 00:00,-4.5,1.1,3.8,0,中,低,高,tpdc,cmfd-regional-v0106,CMFD_V0106_regional,False,2026-06-28T16:29:29.685416+00:00,77
rikaze-kangma,CMFD_regional_rikaze-kangma,2018-01-01 00:00,-6.2,0.6,4.4,0,中,低,高,tpdc,cmfd-regional-v0106,CMFD_V0106_regional,False,2026-06-28T16:29:29.685477+00:00,84
rikaze-zhongba,CMFD_regional_rikaze-zhongba,2018-01-01 00:00,-11.3,4.1,4.4,0,高,低,高,tpdc,cmfd-regional-v0106,CMFD_V0106_regional,False,2026-06-28T16:29:29.685576+00:00,702
shannan-cuona,CMFD_regional_shannan-cuona,2018-01-01 00:00,0.4,7.8,1.7,0,低,低,中,tpdc,cmfd-regional-v0106,CMFD_V0106_regional,False,2026-06-28T16:29:29.685678+00:00,480
ali-gaize,CMFD_regional_ali-gaize,2018-01-01 00:00,-16.5,2.7,5.6,0,高,低,高,tpdc,cmfd-regional-v0106,CMFD_V0106_regional,False,2026-06-28T16:29:29.685790+00:00,1892
yushu-chengduo,CMFD_regional_yushu-chengduo,2018-01-01 00:00,-13.0,5.9,2.4,0,高,低,中,tpdc,cmfd-regional-v0106,CMFD_V0106_regional,False,2026-06-28T16:29:29.685861+00:00,323
yushu-zaduo,CMFD_regional_yushu-zaduo,2018-01-01 00:00,-11.7,1.9,3.4,0,高,低,高,tpdc,cmfd-regional-v0106,CMFD_V0106_regional,False,2026-06-28T16:29:29.685936+00:00,578
guoluo-maqin,CMFD_regional_guoluo-maqin,2018-01-01 00:00,-13.8,5.2,2.0,0,高,低,中,tpdc,cmfd-regional-v0106,CMFD_V0106_regional,False,2026-06-28T16:29:29.686002+00:00,352
guoluo-jiuzhi,CMFD_regional_guoluo-jiuzhi,2018-01-01 00:00,-10.6,6.4,2.4,0,高,低,中,tpdc,cmfd-regional-v0106,CMFD_V0106_regional,False,2026-06-28T16:29:29.686063+00:00,150
haibei-gangcha,CMFD_regional_haibei-gangcha,2018-01-01 00:00,-14.4,3.1,2.7,0,高,低,高,tpdc,cmfd-regional-v0106,CMFD_V0106_regional,False,2026-06-28T16:29:29.686139+00:00,144
huangnan-zeku,CMFD_regional_huangnan-zeku,2018-01-01 00:00,-12.5,2.7,2.1,0,高,低,高,tpdc,cmfd-regional-v0106,CMFD_V0106_regional,False,2026-06-28T16:29:29.686208+00:00,112
ganzi-shiqu,CMFD_regional_ganzi-shiqu,2018-01-01 00:00,-13.0,6.2,1.9,0,高,低,中,tpdc,cmfd-regional-v0106,CMFD_V0106_regional,False,2026-06-28T16:29:29.686280+00:00,380
ganzi-seda,CMFD_regional_ganzi-seda,2018-01-01 00:00,-9.1,1.1,2.4,0,中,低,高,tpdc,cmfd-regional-v0106,CMFD_V0106_regional,False,2026-06-28T16:29:29.686344+00:00,208
aba-hongyuan,CMFD_regional_aba-hongyuan,2018-01-01 00:00,-7.2,6.2,2.2,0,中,低,中,tpdc,cmfd-regional-v0106,CMFD_V0106_regional,False,2026-06-28T16:29:29.686417+00:00,196
gannan-luqu,CMFD_regional_gannan-luqu,2018-01-01 00:00,-9.3,6.2,2.3,0,中,低,中,tpdc,cmfd-regional-v0106,CMFD_V0106_regional,False,2026-06-28T16:29:29.686481+00:00,80
linzhi-bayi,CMFD_regional_linzhi-bayi,2018-01-01 00:00,-6.6,1.4,2.1,0,中,低,高,tpdc,cmfd-regional-v0106,CMFD_V0106_regional,False,2026-06-28T16:29:29.686543+00:00,144
naqu-bange,CMFD_regional_naqu-bange,2018-02-01 00:00,-6.6,2.5,4.5,0,中,低,高,tpdc,cmfd-regional-v0106,CMFD_V0106_regional,False,2026-06-28T16:29:29.697456+00:00,529
naqu-seni,CMFD_regional_naqu-seni,2018-02-01 00:00,-7.8,4.7,2.9,0,中,低,高,tpdc,cmfd-regional-v0106,CMFD_V0106_regional,False,2026-06-28T16:29:29.697537+00:00,280
naqu-nierong,CMFD_regional_naqu-nierong,2018-02-01 00:00,-9.7,4.4,4.0,0,中,低,高,tpdc,cmfd-regional-v0106,CMFD_V0106_regional,False,2026-06-28T16:29:29.697602+00:00,187
naqu-anduo,CMFD_regional_naqu-anduo,2018-02-01 00:00,-13.1,2.8,5.2,0,高,低,高,tpdc,cmfd-regional-v0106,CMFD_V0106_regional,False,2026-06-28T16:29:29.697721+00:00,1872
naqu-shenzha,CMFD_regional_naqu-shenzha,2018-02-01 00:00,-7.6,2.2,5.4,0,中,低,高,tpdc,cmfd-regional-v0106,CMFD_V0106_regional,False,2026-06-28T16:29:29.697793+00:00,440
changdu-karuo,CMFD_regional_changdu-karuo,2018-02-01 00:00,-4.1,10.7,1.9,0,中,低,中,tpdc,cmfd-regional-v0106,CMFD_V0106_regional,False,2026-06-28T16:29:29.697856+00:00,208
changdu-luolong,CMFD_regional_changdu-luolong,2018-02-01 00:00,-6.3,12.5,2.8,0,中,低,中,tpdc,cmfd-regional-v0106,CMFD_V0106_regional,False,2026-06-28T16:29:29.697919+00:00,140
changdu-leiwuqi,CMFD_regional_changdu-leiwuqi,2018-02-01 00:00,-4.5,8.9,2.2,0,中,低,中,tpdc,cmfd-regional-v0106,CMFD_V0106_regional,False,2026-06-28T16:29:29.697981+00:00,120
changdu-jiangda,CMFD_regional_changdu-jiangda,2018-02-01 00:00,-5.0,9.8,1.8,0,中,低,中,tpdc,cmfd-regional-v0106,CMFD_V0106_regional,False,2026-06-28T16:29:29.698048+00:00,256
rikaze-xietongmen,CMFD_regional_rikaze-xietongmen,2018-02-01 00:00,-5.9,2.8,4.1,0,中,低,高,tpdc,cmfd-regional-v0106,CMFD_V0106_regional,False,2026-06-28T16:29:29.698123+00:00,209
rikaze-jiangzi,CMFD_regional_rikaze-jiangzi,2018-02-01 00:00,-2.5,2.2,4.4,0,中,低,高,tpdc,cmfd-regional-v0106,CMFD_V0106_regional,False,2026-06-28T16:29:29.698201+00:00,77
rikaze-kangma,CMFD_regional_rikaze-kangma,2018-02-01 00:00,-5.0,4.1,4.8,0,中,低,高,tpdc,cmfd-regional-v0106,CMFD_V0106_regional,False,2026-06-28T16:29:29.698268+00:00,84
rikaze-zhongba,CMFD_regional_rikaze-zhongba,2018-02-01 00:00,-10.1,12.4,5.1,0,高,低,中,tpdc,cmfd-regional-v0106,CMFD_V0106_regional,False,2026-06-28T16:29:29.698364+00:00,702
shannan-cuona,CMFD_regional_shannan-cuona,2018-02-01 00:00,3.0,35.9,1.8,0,低,低,低,tpdc,cmfd-regional-v0106,CMFD_V0106_regional,False,2026-06-28T16:29:29.698443+00:00,480
ali-gaize,CMFD_regional_ali-gaize,2018-02-01 00:00,-14.0,3.8,5.7,0,高,低,高,tpdc,cmfd-regional-v0106,CMFD_V0106_regional,False,2026-06-28T16:29:29.698538+00:00,1892
yushu-chengduo,CMFD_regional_yushu-chengduo,2018-02-01 00:00,-10.3,9.6,2.8,0,高,低,中,tpdc,cmfd-regional-v0106,CMFD_V0106_regional,False,2026-06-28T16:29:29.698601+00:00,323
yushu-zaduo,CMFD_regional_yushu-zaduo,2018-02-01 00:00,-9.5,5.2,3.4,0,中,低,中,tpdc,cmfd-regional-v0106,CMFD_V0106_regional,False,2026-06-28T16:29:29.698671+00:00,578
guoluo-maqin,CMFD_regional_guoluo-maqin,2018-02-01 00:00,-11.2,6.0,2.5,0,高,低,中,tpdc,cmfd-regional-v0106,CMFD_V0106_regional,False,2026-06-28T16:29:29.698739+00:00,352
guoluo-jiuzhi,CMFD_regional_guoluo-jiuzhi,2018-02-01 00:00,-8.7,9.4,2.7,0,中,低,中,tpdc,cmfd-regional-v0106,CMFD_V0106_regional,False,2026-06-28T16:29:29.698802+00:00,150
haibei-gangcha,CMFD_regional_haibei-gangcha,2018-02-01 00:00,-12.8,2.5,3.1,0,高,低,高,tpdc,cmfd-regional-v0106,CMFD_V0106_regional,False,2026-06-28T16:29:29.698864+00:00,144
huangnan-zeku,CMFD_regional_huangnan-zeku,2018-02-01 00:00,-10.7,3.4,2.3,0,高,低,高,tpdc,cmfd-regional-v0106,CMFD_V0106_regional,False,2026-06-28T16:29:29.698924+00:00,112
ganzi-shiqu,CMFD_regional_ganzi-shiqu,2018-02-01 00:00,-10.3,19.7,2.3,0,高,低,中,tpdc,cmfd-regional-v0106,CMFD_V0106_regional,False,2026-06-28T16:29:29.698991+00:00,380
ganzi-seda,CMFD_regional_ganzi-seda,2018-02-01 00:00,-6.7,8.1,2.6,0,中,低,中,tpdc,cmfd-regional-v0106,CMFD_V0106_regional,False,2026-06-28T16:29:29.699052+00:00,208
aba-hongyuan,CMFD_regional_aba-hongyuan,2018-02-01 00:00,-5.1,12.9,2.3,0,中,低,中,tpdc,cmfd-regional-v0106,CMFD_V0106_regional,False,2026-06-28T16:29:29.699111+00:00,196
gannan-luqu,CMFD_regional_gannan-luqu,2018-02-01 00:00,-8.4,3.4,2.4,0,中,低,高,tpdc,cmfd-regional-v0106,CMFD_V0106_regional,False,2026-06-28T16:29:29.699168+00:00,80
linzhi-bayi,CMFD_regional_linzhi-bayi,2018-02-01 00:00,-4.3,17.7,2.2,0,中,低,中,tpdc,cmfd-regional-v0106,CMFD_V0106_regional,False,2026-06-28T16:29:29.699224+00:00,144
naqu-bange,CMFD_regional_naqu-bange,2018-03-01 00:00,-5.2,9.4,3.4,0,中,低,中,tpdc,cmfd-regional-v0106,CMFD_V0106_regional,False,2026-06-28T16:29:29.708341+00:00,529
naqu-seni,CMFD_regional_naqu-seni,2018-03-01 00:00,-6.3,16.5,2.3,0,中,低,中,tpdc,cmfd-regional-v0106,CMFD_V0106_regional,False,2026-06-28T16:29:29.708442+00:00,280
naqu-nierong,CMFD_regional_naqu-nierong,2018-03-01 00:00,-6.8,6.3,3.0,0,中,低,中,tpdc,cmfd-regional-v0106,CMFD_V0106_regional,False,2026-06-28T16:29:29.708513+00:00,187
naqu-anduo,CMFD_regional_naqu-anduo,2018-03-01 00:00,-9.8,6.7,3.8,0,中,低,中,tpdc,cmfd-regional-v0106,CMFD_V0106_regional,False,2026-06-28T16:29:29.708639+00:00,1872
naqu-shenzha,CMFD_regional_naqu-shenzha,2018-03-01 00:00,-6.1,5.5,4.1,0,中,低,中,tpdc,cmfd-regional-v0106,CMFD_V0106_regional,False,2026-06-28T16:29:29.708714+00:00,440
changdu-karuo,CMFD_regional_changdu-karuo,2018-03-01 00:00,-3.0,11.1,1.6,0,中,低,中,tpdc,cmfd-regional-v0106,CMFD_V0106_regional,False,2026-06-28T16:29:29.708778+00:00,208
changdu-luolong,CMFD_regional_changdu-luolong,2018-03-01 00:00,-3.7,24.5,2.4,0,中,中,低,tpdc,cmfd-regional-v0106,CMFD_V0106_regional,False,2026-06-28T16:29:29.708837+00:00,140
changdu-leiwuqi,CMFD_regional_changdu-leiwuqi,2018-03-01 00:00,-3.4,13.2,1.8,0,中,低,中,tpdc,cmfd-regional-v0106,CMFD_V0106_regional,False,2026-06-28T16:29:29.708902+00:00,120
changdu-jiangda,CMFD_regional_changdu-jiangda,2018-03-01 00:00,-3.6,10.0,1.6,0,中,低,中,tpdc,cmfd-regional-v0106,CMFD_V0106_regional,False,2026-06-28T16:29:29.708965+00:00,256
rikaze-xietongmen,CMFD_regional_rikaze-xietongmen,2018-03-01 00:00,-4.8,5.4,3.2,0,中,低,中,tpdc,cmfd-regional-v0106,CMFD_V0106_regional,False,2026-06-28T16:29:29.709030+00:00,209
rikaze-jiangzi,CMFD_regional_rikaze-jiangzi,2018-03-01 00:00,-1.5,10.5,3.9,0,中,低,中,tpdc,cmfd-regional-v0106,CMFD_V0106_regional,False,2026-06-28T16:29:29.709091+00:00,77
rikaze-kangma,CMFD_regional_rikaze-kangma,2018-03-01 00:00,-3.9,22.1,4.4,0,中,中,低,tpdc,cmfd-regional-v0106,CMFD_V0106_regional,False,2026-06-28T16:29:29.709153+00:00,84
rikaze-zhongba,CMFD_regional_rikaze-zhongba,2018-03-01 00:00,-7.4,19.6,4.5,0,中,低,中,tpdc,cmfd-regional-v0106,CMFD_V0106_regional,False,2026-06-28T16:29:29.709250+00:00,702
shannan-cuona,CMFD_regional_shannan-cuona,2018-03-01 00:00,6.0,51.1,2.2,0,低,低,低,tpdc,cmfd-regional-v0106,CMFD_V0106_regional,False,2026-06-28T16:29:29.709371+00:00,480
ali-gaize,CMFD_regional_ali-gaize,2018-03-01 00:00,-9.7,7.3,4.4,0,中,低,中,tpdc,cmfd-regional-v0106,CMFD_V0106_regional,False,2026-06-28T16:29:29.709500+00:00,1892
yushu-chengduo,CMFD_regional_yushu-chengduo,2018-03-01 00:00,-6.5,21.6,2.6,0,中,中,低,tpdc,cmfd-regional-v0106,CMFD_V0106_regional,False,2026-06-28T16:29:29.709585+00:00,323
yushu-zaduo,CMFD_regional_yushu-zaduo,2018-03-01 00:00,-7.0,8.9,2.5,0,中,低,中,tpdc,cmfd-regional-v0106,CMFD_V0106_regional,False,2026-06-28T16:29:29.709912+00:00,578
guoluo-maqin,CMFD_regional_guoluo-maqin,2018-03-01 00:00,-5.6,21.4,2.1,0,中,中,低,tpdc,cmfd-regional-v0106,CMFD_V0106_regional,False,2026-06-28T16:29:29.710097+00:00,352
guoluo-jiuzhi,CMFD_regional_guoluo-jiuzhi,2018-03-01 00:00,-4.7,41.9,2.0,0,中,中,低,tpdc,cmfd-regional-v0106,CMFD_V0106_regional,False,2026-06-28T16:29:29.710173+00:00,150
haibei-gangcha,CMFD_regional_haibei-gangcha,2018-03-01 00:00,-3.8,5.2,3.0,0,中,低,中,tpdc,cmfd-regional-v0106,CMFD_V0106_regional,False,2026-06-28T16:29:29.710244+00:00,144
huangnan-zeku,CMFD_regional_huangnan-zeku,2018-03-01 00:00,-3.4,12.6,2.0,0,中,低,中,tpdc,cmfd-regional-v0106,CMFD_V0106_regional,False,2026-06-28T16:29:29.710332+00:00,112
ganzi-shiqu,CMFD_regional_ganzi-shiqu,2018-03-01 00:00,-7.0,18.5,2.2,0,中,低,中,tpdc,cmfd-regional-v0106,CMFD_V0106_regional,False,2026-06-28T16:29:29.710405+00:00,380
ganzi-seda,CMFD_regional_ganzi-seda,2018-03-01 00:00,-4.0,18.2,2.2,0,中,低,中,tpdc,cmfd-regional-v0106,CMFD_V0106_regional,False,2026-06-28T16:29:29.710470+00:00,208
aba-hongyuan,CMFD_regional_aba-hongyuan,2018-03-01 00:00,-0.9,35.3,2.3,0,中,中,低,tpdc,cmfd-regional-v0106,CMFD_V0106_regional,False,2026-06-28T16:29:29.710533+00:00,196
gannan-luqu,CMFD_regional_gannan-luqu,2018-03-01 00:00,-1.6,23.9,2.5,0,中,中,低,tpdc,cmfd-regional-v0106,CMFD_V0106_regional,False,2026-06-28T16:29:29.710594+00:00,80
linzhi-bayi,CMFD_regional_linzhi-bayi,2018-03-01 00:00,-2.1,33.4,1.9,0,中,中,低,tpdc,cmfd-regional-v0106,CMFD_V0106_regional,False,2026-06-28T16:29:29.710656+00:00,144
naqu-bange,CMFD_regional_naqu-bange,2018-04-01 00:00,-0.9,13.8,3.1,0,中,低,中,tpdc,cmfd-regional-v0106,CMFD_V0106_regional,False,2026-06-28T16:29:29.718434+00:00,529
naqu-seni,CMFD_regional_naqu-seni,2018-04-01 00:00,-1.9,21.9,2.3,0,中,中,低,tpdc,cmfd-regional-v0106,CMFD_V0106_regional,False,2026-06-28T16:29:29.718506+00:00,280
naqu-nierong,CMFD_regional_naqu-nierong,2018-04-01 00:00,-3.1,21.1,2.9,0,中,中,低,tpdc,cmfd-regional-v0106,CMFD_V0106_regional,False,2026-06-28T16:29:29.718570+00:00,187
naqu-anduo,CMFD_regional_naqu-anduo,2018-04-01 00:00,-4.3,12.8,3.8,0,中,低,中,tpdc,cmfd-regional-v0106,CMFD_V0106_regional,False,2026-06-28T16:29:29.718678+00:00,1872
naqu-shenzha,CMFD_regional_naqu-shenzha,2018-04-01 00:00,-1.4,17.2,3.6,0,中,低,中,tpdc,cmfd-regional-v0106,CMFD_V0106_regional,False,2026-06-28T16:29:29.718746+00:00,440
changdu-karuo,CMFD_regional_changdu-karuo,2018-04-01 00:00,1.9,12.6,1.9,0,低,低,中,tpdc,cmfd-regional-v0106,CMFD_V0106_regional,False,2026-06-28T16:29:29.718805+00:00,208
changdu-luolong,CMFD_regional_changdu-luolong,2018-04-01 00:00,-0.2,22.2,2.6,0,中,中,低,tpdc,cmfd-regional-v0106,CMFD_V0106_regional,False,2026-06-28T16:29:29.718869+00:00,140
changdu-leiwuqi,CMFD_regional_changdu-leiwuqi,2018-04-01 00:00,1.3,30.5,2.2,0,低,低,低,tpdc,cmfd-regional-v0106,CMFD_V0106_regional,False,2026-06-28T16:29:29.718931+00:00,120
changdu-jiangda,CMFD_regional_changdu-jiangda,2018-04-01 00:00,1.1,13.3,1.8,0,低,低,中,tpdc,cmfd-regional-v0106,CMFD_V0106_regional,False,2026-06-28T16:29:29.718991+00:00,256
rikaze-xietongmen,CMFD_regional_rikaze-xietongmen,2018-04-01 00:00,-0.3,20.7,2.6,0,中,中,低,tpdc,cmfd-regional-v0106,CMFD_V0106_regional,False,2026-06-28T16:29:29.719053+00:00,209
rikaze-jiangzi,CMFD_regional_rikaze-jiangzi,2018-04-01 00:00,2.3,27.3,3.7,0,低,低,低,tpdc,cmfd-regional-v0106,CMFD_V0106_regional,False,2026-06-28T16:29:29.719110+00:00,77
rikaze-kangma,CMFD_regional_rikaze-kangma,2018-04-01 00:00,-0.3,34.9,4.2,0,中,中,低,tpdc,cmfd-regional-v0106,CMFD_V0106_regional,False,2026-06-28T16:29:29.719164+00:00,84
rikaze-zhongba,CMFD_regional_rikaze-zhongba,2018-04-01 00:00,-2.4,25.7,3.6,0,中,中,低,tpdc,cmfd-regional-v0106,CMFD_V0106_regional,False,2026-06-28T16:29:29.719249+00:00,702
shannan-cuona,CMFD_regional_shannan-cuona,2018-04-01 00:00,9.9,72.2,2.2,0,低,低,低,tpdc,cmfd-regional-v0106,CMFD_V0106_regional,False,2026-06-28T16:29:29.719324+00:00,480
ali-gaize,CMFD_regional_ali-gaize,2018-04-01 00:00,-3.9,11.2,4.2,0,中,低,中,tpdc,cmfd-regional-v0106,CMFD_V0106_regional,False,2026-06-28T16:29:29.719415+00:00,1892
yushu-chengduo,CMFD_regional_yushu-chengduo,2018-04-01 00:00,-2.6,26.7,2.7,0,中,中,低,tpdc,cmfd-regional-v0106,CMFD_V0106_regional,False,2026-06-28T16:29:29.719478+00:00,323
yushu-zaduo,CMFD_regional_yushu-zaduo,2018-04-01 00:00,-2.8,19.9,2.7,0,中,低,中,tpdc,cmfd-regional-v0106,CMFD_V0106_regional,False,2026-06-28T16:29:29.719543+00:00,578
guoluo-maqin,CMFD_regional_guoluo-maqin,2018-04-01 00:00,-1.3,49.3,2.1,0,中,中,低,tpdc,cmfd-regional-v0106,CMFD_V0106_regional,False,2026-06-28T16:29:29.719603+00:00,352
guoluo-jiuzhi,CMFD_regional_guoluo-jiuzhi,2018-04-01 00:00,-0.0,57.5,2.3,0,中,高,低,tpdc,cmfd-regional-v0106,CMFD_V0106_regional,False,2026-06-28T16:29:29.719664+00:00,150
haibei-gangcha,CMFD_regional_haibei-gangcha,2018-04-01 00:00,0.3,22.3,3.2,0,低,低,低,tpdc,cmfd-regional-v0106,CMFD_V0106_regional,False,2026-06-28T16:29:29.719724+00:00,144
huangnan-zeku,CMFD_regional_huangnan-zeku,2018-04-01 00:00,0.8,57.4,2.2,0,低,低,低,tpdc,cmfd-regional-v0106,CMFD_V0106_regional,False,2026-06-28T16:29:29.719782+00:00,112
ganzi-shiqu,CMFD_regional_ganzi-shiqu,2018-04-01 00:00,-2.6,42.0,2.4,0,中,中,低,tpdc,cmfd-regional-v0106,CMFD_V0106_regional,False,2026-06-28T16:29:29.719859+00:00,380
ganzi-seda,CMFD_regional_ganzi-seda,2018-04-01 00:00,0.4,34.3,2.3,0,低,低,低,tpdc,cmfd-regional-v0106,CMFD_V0106_regional,False,2026-06-28T16:29:29.719967+00:00,208
aba-hongyuan,CMFD_regional_aba-hongyuan,2018-04-01 00:00,2.3,88.2,2.4,0,低,低,低,tpdc,cmfd-regional-v0106,CMFD_V0106_regional,False,2026-06-28T16:29:29.720064+00:00,196
gannan-luqu,CMFD_regional_gannan-luqu,2018-04-01 00:00,1.6,86.6,2.6,0,低,低,低,tpdc,cmfd-regional-v0106,CMFD_V0106_regional,False,2026-06-28T16:29:29.720136+00:00,80
linzhi-bayi,CMFD_regional_linzhi-bayi,2018-04-01 00:00,1.5,24.0,2.0,0,低,低,低,tpdc,cmfd-regional-v0106,CMFD_V0106_regional,False,2026-06-28T16:29:29.720199+00:00,144
naqu-bange,CMFD_regional_naqu-bange,2018-05-01 00:00,3.5,20.8,3.4,0,低,低,低,tpdc,cmfd-regional-v0106,CMFD_V0106_regional,False,2026-06-28T16:29:29.727590+00:00,529
naqu-seni,CMFD_regional_naqu-seni,2018-05-01 00:00,2.5,32.8,2.6,0,低,低,低,tpdc,cmfd-regional-v0106,CMFD_V0106_regional,False,2026-06-28T16:29:29.727661+00:00,280
naqu-nierong,CMFD_regional_naqu-nierong,2018-05-01 00:00,1.1,30.5,3.1,0,低,低,低,tpdc,cmfd-regional-v0106,CMFD_V0106_regional,False,2026-06-28T16:29:29.727727+00:00,187
naqu-anduo,CMFD_regional_naqu-anduo,2018-05-01 00:00,-0.3,17.5,4.1,0,中,低,中,tpdc,cmfd-regional-v0106,CMFD_V0106_regional,False,2026-06-28T16:29:29.727845+00:00,1872
naqu-shenzha,CMFD_regional_naqu-shenzha,2018-05-01 00:00,3.2,14.4,4.0,0,低,低,中,tpdc,cmfd-regional-v0106,CMFD_V0106_regional,False,2026-06-28T16:29:29.727927+00:00,440
changdu-karuo,CMFD_regional_changdu-karuo,2018-05-01 00:00,6.0,45.5,2.0,0,低,低,低,tpdc,cmfd-regional-v0106,CMFD_V0106_regional,False,2026-06-28T16:29:29.727992+00:00,208
changdu-luolong,CMFD_regional_changdu-luolong,2018-05-01 00:00,3.0,35.3,2.6,0,低,低,低,tpdc,cmfd-regional-v0106,CMFD_V0106_regional,False,2026-06-28T16:29:29.728051+00:00,140
changdu-leiwuqi,CMFD_regional_changdu-leiwuqi,2018-05-01 00:00,4.9,53.1,2.0,0,低,低,低,tpdc,cmfd-regional-v0106,CMFD_V0106_regional,False,2026-06-28T16:29:29.728113+00:00,120
changdu-jiangda,CMFD_regional_changdu-jiangda,2018-05-01 00:00,5.2,50.9,1.8,0,低,低,低,tpdc,cmfd-regional-v0106,CMFD_V0106_regional,False,2026-06-28T16:29:29.728213+00:00,256
rikaze-xietongmen,CMFD_regional_rikaze-xietongmen,2018-05-01 00:00,4.0,20.6,2.7,0,低,低,低,tpdc,cmfd-regional-v0106,CMFD_V0106_regional,False,2026-06-28T16:29:29.728343+00:00,209
rikaze-jiangzi,CMFD_regional_rikaze-jiangzi,2018-05-01 00:00,6.0,24.0,4.1,0,低,低,低,tpdc,cmfd-regional-v0106,CMFD_V0106_regional,False,2026-06-28T16:29:29.728415+00:00,77
rikaze-kangma,CMFD_regional_rikaze-kangma,2018-05-01 00:00,3.4,27.1,4.8,0,低,低,低,tpdc,cmfd-regional-v0106,CMFD_V0106_regional,False,2026-06-28T16:29:29.728478+00:00,84
rikaze-zhongba,CMFD_regional_rikaze-zhongba,2018-05-01 00:00,1.9,32.8,4.1,0,低,低,低,tpdc,cmfd-regional-v0106,CMFD_V0106_regional,False,2026-06-28T16:29:29.728574+00:00,702
shannan-cuona,CMFD_regional_shannan-cuona,2018-05-01 00:00,12.9,136.5,2.2,0,低,低,低,tpdc,cmfd-regional-v0106,CMFD_V0106_regional,False,2026-06-28T16:29:29.728656+00:00,480
ali-gaize,CMFD_regional_ali-gaize,2018-05-01 00:00,-0.1,18.6,4.7,0,中,低,中,tpdc,cmfd-regional-v0106,CMFD_V0106_regional,False,2026-06-28T16:29:29.728770+00:00,1892
yushu-chengduo,CMFD_regional_yushu-chengduo,2018-05-01 00:00,1.9,43.3,2.8,0,低,低,低,tpdc,cmfd-regional-v0106,CMFD_V0106_regional,False,2026-06-28T16:29:29.728840+00:00,323
yushu-zaduo,CMFD_regional_yushu-zaduo,2018-05-01 00:00,1.3,36.2,2.8,0,低,低,低,tpdc,cmfd-regional-v0106,CMFD_V0106_regional,False,2026-06-28T16:29:29.728911+00:00,578
guoluo-maqin,CMFD_regional_guoluo-maqin,2018-05-01 00:00,3.2,65.6,2.0,0,低,低,低,tpdc,cmfd-regional-v0106,CMFD_V0106_regional,False,2026-06-28T16:29:29.728980+00:00,352
guoluo-jiuzhi,CMFD_regional_guoluo-jiuzhi,2018-05-01 00:00,4.2,66.5,1.9,0,低,低,低,tpdc,cmfd-regional-v0106,CMFD_V0106_regional,False,2026-06-28T16:29:29.729039+00:00,150
haibei-gangcha,CMFD_regional_haibei-gangcha,2018-05-01 00:00,4.7,50.3,3.3,0,低,低,低,tpdc,cmfd-regional-v0106,CMFD_V0106_regional,False,2026-06-28T16:29:29.729100+00:00,144
huangnan-zeku,CMFD_regional_huangnan-zeku,2018-05-01 00:00,4.9,70.4,2.1,0,低,低,低,tpdc,cmfd-regional-v0106,CMFD_V0106_regional,False,2026-06-28T16:29:29.729158+00:00,112
ganzi-shiqu,CMFD_regional_ganzi-shiqu,2018-05-01 00:00,2.1,61.3,2.4,0,低,低,低,tpdc,cmfd-regional-v0106,CMFD_V0106_regional,False,2026-06-28T16:29:29.729219+00:00,380
ganzi-seda,CMFD_regional_ganzi-seda,2018-05-01 00:00,4.4,78.1,2.2,0,低,低,低,tpdc,cmfd-regional-v0106,CMFD_V0106_regional,False,2026-06-28T16:29:29.729284+00:00,208
aba-hongyuan,CMFD_regional_aba-hongyuan,2018-05-01 00:00,5.8,136.1,2.3,0,低,低,低,tpdc,cmfd-regional-v0106,CMFD_V0106_regional,False,2026-06-28T16:29:29.729345+00:00,196
gannan-luqu,CMFD_regional_gannan-luqu,2018-05-01 00:00,6.0,118.7,2.6,0,低,低,低,tpdc,cmfd-regional-v0106,CMFD_V0106_regional,False,2026-06-28T16:29:29.729402+00:00,80
linzhi-bayi,CMFD_regional_linzhi-bayi,2018-05-01 00:00,4.8,46.4,2.2,0,低,低,低,tpdc,cmfd-regional-v0106,CMFD_V0106_regional,False,2026-06-28T16:29:29.729459+00:00,144
naqu-bange,CMFD_regional_naqu-bange,2018-06-01 00:00,8.2,71.5,3.3,0,低,低,低,tpdc,cmfd-regional-v0106,CMFD_V0106_regional,False,2026-06-28T16:29:29.737515+00:00,529
naqu-seni,CMFD_regional_naqu-seni,2018-06-01 00:00,7.2,87.6,2.5,0,低,低,低,tpdc,cmfd-regional-v0106,CMFD_V0106_regional,False,2026-06-28T16:29:29.737590+00:00,280
naqu-nierong,CMFD_regional_naqu-nierong,2018-06-01 00:00,5.1,83.1,2.6,0,低,低,低,tpdc,cmfd-regional-v0106,CMFD_V0106_regional,False,2026-06-28T16:29:29.737651+00:00,187
naqu-anduo,CMFD_regional_naqu-anduo,2018-06-01 00:00,4.9,68.1,3.8,0,低,低,低,tpdc,cmfd-regional-v0106,CMFD_V0106_regional,False,2026-06-28T16:29:29.737756+00:00,1872
naqu-shenzha,CMFD_regional_naqu-shenzha,2018-06-01 00:00,8.5,67.5,3.5,0,低,低,低,tpdc,cmfd-regional-v0106,CMFD_V0106_regional,False,2026-06-28T16:29:29.737823+00:00,440
changdu-karuo,CMFD_regional_changdu-karuo,2018-06-01 00:00,9.4,91.5,1.8,0,低,低,低,tpdc,cmfd-regional-v0106,CMFD_V0106_regional,False,2026-06-28T16:29:29.737882+00:00,208
changdu-luolong,CMFD_regional_changdu-luolong,2018-06-01 00:00,7.4,48.7,2.5,0,低,低,低,tpdc,cmfd-regional-v0106,CMFD_V0106_regional,False,2026-06-28T16:29:29.738007+00:00,140
changdu-leiwuqi,CMFD_regional_changdu-leiwuqi,2018-06-01 00:00,8.7,110.4,1.8,0,低,低,低,tpdc,cmfd-regional-v0106,CMFD_V0106_regional,False,2026-06-28T16:29:29.738120+00:00,120
changdu-jiangda,CMFD_regional_changdu-jiangda,2018-06-01 00:00,8.1,110.2,1.7,0,低,低,低,tpdc,cmfd-regional-v0106,CMFD_V0106_regional,False,2026-06-28T16:29:29.738194+00:00,256
rikaze-xietongmen,CMFD_regional_rikaze-xietongmen,2018-06-01 00:00,8.5,56.9,2.2,0,低,低,低,tpdc,cmfd-regional-v0106,CMFD_V0106_regional,False,2026-06-28T16:29:29.738261+00:00,209
rikaze-jiangzi,CMFD_regional_rikaze-jiangzi,2018-06-01 00:00,10.3,39.4,4.1,0,低,低,低,tpdc,cmfd-regional-v0106,CMFD_V0106_regional,False,2026-06-28T16:29:29.738321+00:00,77
rikaze-kangma,CMFD_regional_rikaze-kangma,2018-06-01 00:00,7.8,37.6,5.0,0,低,低,低,tpdc,cmfd-regional-v0106,CMFD_V0106_regional,False,2026-06-28T16:29:29.738379+00:00,84
rikaze-zhongba,CMFD_regional_rikaze-zhongba,2018-06-01 00:00,7.9,39.7,3.3,0,低,低,低,tpdc,cmfd-regional-v0106,CMFD_V0106_regional,False,2026-06-28T16:29:29.738474+00:00,702
shannan-cuona,CMFD_regional_shannan-cuona,2018-06-01 00:00,16.1,249.7,2.1,0,低,低,低,tpdc,cmfd-regional-v0106,CMFD_V0106_regional,False,2026-06-28T16:29:29.738552+00:00,480
ali-gaize,CMFD_regional_ali-gaize,2018-06-01 00:00,6.3,39.6,4.1,0,低,低,低,tpdc,cmfd-regional-v0106,CMFD_V0106_regional,False,2026-06-28T16:29:29.738655+00:00,1892
yushu-chengduo,CMFD_regional_yushu-chengduo,2018-06-01 00:00,5.3,96.9,2.5,0,低,低,低,tpdc,cmfd-regional-v0106,CMFD_V0106_regional,False,2026-06-28T16:29:29.738718+00:00,323
yushu-zaduo,CMFD_regional_yushu-zaduo,2018-06-01 00:00,4.8,85.9,2.3,0,低,低,低,tpdc,cmfd-regional-v0106,CMFD_V0106_regional,False,2026-06-28T16:29:29.738785+00:00,578
guoluo-maqin,CMFD_regional_guoluo-maqin,2018-06-01 00:00,6.4,92.4,2.1,0,低,低,低,tpdc,cmfd-regional-v0106,CMFD_V0106_regional,False,2026-06-28T16:29:29.738846+00:00,352
guoluo-jiuzhi,CMFD_regional_guoluo-jiuzhi,2018-06-01 00:00,6.9,113.7,2.1,0,低,低,低,tpdc,cmfd-regional-v0106,CMFD_V0106_regional,False,2026-06-28T16:29:29.738902+00:00,150
haibei-gangcha,CMFD_regional_haibei-gangcha,2018-06-01 00:00,7.9,77.0,2.7,0,低,低,低,tpdc,cmfd-regional-v0106,CMFD_V0106_regional,False,2026-06-28T16:29:29.738960+00:00,144
huangnan-zeku,CMFD_regional_huangnan-zeku,2018-06-01 00:00,7.9,103.5,1.9,0,低,低,低,tpdc,cmfd-regional-v0106,CMFD_V0106_regional,False,2026-06-28T16:29:29.739014+00:00,112
ganzi-shiqu,CMFD_regional_ganzi-shiqu,2018-06-01 00:00,5.7,102.0,2.4,0,低,低,低,tpdc,cmfd-regional-v0106,CMFD_V0106_regional,False,2026-06-28T16:29:29.739074+00:00,380
ganzi-seda,CMFD_regional_ganzi-seda,2018-06-01 00:00,7.3,125.4,2.1,0,低,低,低,tpdc,cmfd-regional-v0106,CMFD_V0106_regional,False,2026-06-28T16:29:29.739132+00:00,208
aba-hongyuan,CMFD_regional_aba-hongyuan,2018-06-01 00:00,8.2,140.5,2.1,0,低,低,低,tpdc,cmfd-regional-v0106,CMFD_V0106_regional,False,2026-06-28T16:29:29.739188+00:00,196
gannan-luqu,CMFD_regional_gannan-luqu,2018-06-01 00:00,8.7,125.1,2.2,0,低,低,低,tpdc,cmfd-regional-v0106,CMFD_V0106_regional,False,2026-06-28T16:29:29.739242+00:00,80
linzhi-bayi,CMFD_regional_linzhi-bayi,2018-06-01 00:00,8.3,66.2,1.8,0,低,低,低,tpdc,cmfd-regional-v0106,CMFD_V0106_regional,False,2026-06-28T16:29:29.739296+00:00,144
naqu-bange,CMFD_regional_naqu-bange,2018-07-01 00:00,8.5,135.6,2.6,0,低,低,低,tpdc,cmfd-regional-v0106,CMFD_V0106_regional,False,2026-06-28T16:29:29.746105+00:00,529
naqu-seni,CMFD_regional_naqu-seni,2018-07-01 00:00,8.6,168.1,2.2,0,低,低,低,tpdc,cmfd-regional-v0106,CMFD_V0106_regional,False,2026-06-28T16:29:29.746182+00:00,280
naqu-nierong,CMFD_regional_naqu-nierong,2018-07-01 00:00,7.6,137.7,2.2,0,低,低,低,tpdc,cmfd-regional-v0106,CMFD_V0106_regional,False,2026-06-28T16:29:29.746250+00:00,187
naqu-anduo,CMFD_regional_naqu-anduo,2018-07-01 00:00,7.5,86.7,3.0,0,低,低,低,tpdc,cmfd-regional-v0106,CMFD_V0106_regional,False,2026-06-28T16:29:29.746375+00:00,1872
naqu-shenzha,CMFD_regional_naqu-shenzha,2018-07-01 00:00,8.8,124.9,2.9,0,低,低,低,tpdc,cmfd-regional-v0106,CMFD_V0106_regional,False,2026-06-28T16:29:29.746444+00:00,440
changdu-karuo,CMFD_regional_changdu-karuo,2018-07-01 00:00,10.2,134.0,1.7,0,低,低,低,tpdc,cmfd-regional-v0106,CMFD_V0106_regional,False,2026-06-28T16:29:29.746504+00:00,208
changdu-luolong,CMFD_regional_changdu-luolong,2018-07-01 00:00,8.8,103.9,2.2,0,低,低,低,tpdc,cmfd-regional-v0106,CMFD_V0106_regional,False,2026-06-28T16:29:29.746560+00:00,140
changdu-leiwuqi,CMFD_regional_changdu-leiwuqi,2018-07-01 00:00,9.7,117.5,1.6,0,低,低,低,tpdc,cmfd-regional-v0106,CMFD_V0106_regional,False,2026-06-28T16:29:29.746618+00:00,120
changdu-jiangda,CMFD_regional_changdu-jiangda,2018-07-01 00:00,9.2,172.9,1.7,0,低,低,低,tpdc,cmfd-regional-v0106,CMFD_V0106_regional,False,2026-06-28T16:29:29.746678+00:00,256
rikaze-xietongmen,CMFD_regional_rikaze-xietongmen,2018-07-01 00:00,7.2,171.1,1.8,0,低,低,低,tpdc,cmfd-regional-v0106,CMFD_V0106_regional,False,2026-06-28T16:29:29.746745+00:00,209
rikaze-jiangzi,CMFD_regional_rikaze-jiangzi,2018-07-01 00:00,9.6,106.3,3.7,0,低,低,低,tpdc,cmfd-regional-v0106,CMFD_V0106_regional,False,2026-06-28T16:29:29.746804+00:00,77
rikaze-kangma,CMFD_regional_rikaze-kangma,2018-07-01 00:00,7.9,70.1,4.6,0,低,低,低,tpdc,cmfd-regional-v0106,CMFD_V0106_regional,False,2026-06-28T16:29:29.746863+00:00,84
rikaze-zhongba,CMFD_regional_rikaze-zhongba,2018-07-01 00:00,8.5,95.0,2.9,0,低,低,低,tpdc,cmfd-regional-v0106,CMFD_V0106_regional,False,2026-06-28T16:29:29.746954+00:00,702
shannan-cuona,CMFD_regional_shannan-cuona,2018-07-01 00:00,16.3,326.5,1.7,0,低,低,低,tpdc,cmfd-regional-v0106,CMFD_V0106_regional,False,2026-06-28T16:29:29.747032+00:00,480
ali-gaize,CMFD_regional_ali-gaize,2018-07-01 00:00,8.2,93.1,3.7,0,低,低,低,tpdc,cmfd-regional-v0106,CMFD_V0106_regional,False,2026-06-28T16:29:29.747128+00:00,1892
yushu-chengduo,CMFD_regional_yushu-chengduo,2018-07-01 00:00,8.0,96.9,2.4,0,低,低,低,tpdc,cmfd-regional-v0106,CMFD_V0106_regional,False,2026-06-28T16:29:29.747191+00:00,323
yushu-zaduo,CMFD_regional_yushu-zaduo,2018-07-01 00:00,7.5,110.3,2.1,0,低,低,低,tpdc,cmfd-regional-v0106,CMFD_V0106_regional,False,2026-06-28T16:29:29.747256+00:00,578
guoluo-maqin,CMFD_regional_guoluo-maqin,2018-07-01 00:00,9.6,134.7,2.2,0,低,低,低,tpdc,cmfd-regional-v0106,CMFD_V0106_regional,False,2026-06-28T16:29:29.747320+00:00,352
guoluo-jiuzhi,CMFD_regional_guoluo-jiuzhi,2018-07-01 00:00,9.5,135.4,2.1,0,低,低,低,tpdc,cmfd-regional-v0106,CMFD_V0106_regional,False,2026-06-28T16:29:29.747380+00:00,150
haibei-gangcha,CMFD_regional_haibei-gangcha,2018-07-01 00:00,10.6,110.9,2.9,0,低,低,低,tpdc,cmfd-regional-v0106,CMFD_V0106_regional,False,2026-06-28T16:29:29.747441+00:00,144
huangnan-zeku,CMFD_regional_huangnan-zeku,2018-07-01 00:00,11.0,141.3,2.0,0,低,低,低,tpdc,cmfd-regional-v0106,CMFD_V0106_regional,False,2026-06-28T16:29:29.747498+00:00,112
ganzi-shiqu,CMFD_regional_ganzi-shiqu,2018-07-01 00:00,8.3,139.9,2.4,0,低,低,低,tpdc,cmfd-regional-v0106,CMFD_V0106_regional,False,2026-06-28T16:29:29.747559+00:00,380
ganzi-seda,CMFD_regional_ganzi-seda,2018-07-01 00:00,9.5,144.9,2.0,0,低,低,低,tpdc,cmfd-regional-v0106,CMFD_V0106_regional,False,2026-06-28T16:29:29.747617+00:00,208
aba-hongyuan,CMFD_regional_aba-hongyuan,2018-07-01 00:00,10.8,218.5,2.1,0,低,低,低,tpdc,cmfd-regional-v0106,CMFD_V0106_regional,False,2026-06-28T16:29:29.747688+00:00,196
gannan-luqu,CMFD_regional_gannan-luqu,2018-07-01 00:00,11.9,150.4,2.3,0,低,低,低,tpdc,cmfd-regional-v0106,CMFD_V0106_regional,False,2026-06-28T16:29:29.747748+00:00,80
linzhi-bayi,CMFD_regional_linzhi-bayi,2018-07-01 00:00,9.4,154.4,1.8,0,低,低,低,tpdc,cmfd-regional-v0106,CMFD_V0106_regional,False,2026-06-28T16:29:29.747815+00:00,144
naqu-bange,CMFD_regional_naqu-bange,2018-08-01 00:00,7.8,149.8,2.5,0,低,低,低,tpdc,cmfd-regional-v0106,CMFD_V0106_regional,False,2026-06-28T16:29:29.755682+00:00,529
naqu-seni,CMFD_regional_naqu-seni,2018-08-01 00:00,8.5,161.2,2.1,0,低,低,低,tpdc,cmfd-regional-v0106,CMFD_V0106_regional,False,2026-06-28T16:29:29.755755+00:00,280
naqu-nierong,CMFD_regional_naqu-nierong,2018-08-01 00:00,7.7,101.3,2.2,0,低,低,低,tpdc,cmfd-regional-v0106,CMFD_V0106_regional,False,2026-06-28T16:29:29.755818+00:00,187
naqu-anduo,CMFD_regional_naqu-anduo,2018-08-01 00:00,7.0,83.8,3.2,0,低,低,低,tpdc,cmfd-regional-v0106,CMFD_V0106_regional,False,2026-06-28T16:29:29.755927+00:00,1872
naqu-shenzha,CMFD_regional_naqu-shenzha,2018-08-01 00:00,7.8,144.2,2.6,0,低,低,低,tpdc,cmfd-regional-v0106,CMFD_V0106_regional,False,2026-06-28T16:29:29.756003+00:00,440
changdu-karuo,CMFD_regional_changdu-karuo,2018-08-01 00:00,9.1,137.5,1.6,0,低,低,低,tpdc,cmfd-regional-v0106,CMFD_V0106_regional,False,2026-06-28T16:29:29.756079+00:00,208
changdu-luolong,CMFD_regional_changdu-luolong,2018-08-01 00:00,8.1,89.2,1.9,0,低,低,低,tpdc,cmfd-regional-v0106,CMFD_V0106_regional,False,2026-06-28T16:29:29.756143+00:00,140
changdu-leiwuqi,CMFD_regional_changdu-leiwuqi,2018-08-01 00:00,8.7,129.0,1.5,0,低,低,低,tpdc,cmfd-regional-v0106,CMFD_V0106_regional,False,2026-06-28T16:29:29.756204+00:00,120
changdu-jiangda,CMFD_regional_changdu-jiangda,2018-08-01 00:00,8.4,133.6,1.6,0,低,低,低,tpdc,cmfd-regional-v0106,CMFD_V0106_regional,False,2026-06-28T16:29:29.756266+00:00,256
rikaze-xietongmen,CMFD_regional_rikaze-xietongmen,2018-08-01 00:00,6.3,166.2,1.7,0,低,低,低,tpdc,cmfd-regional-v0106,CMFD_V0106_regional,False,2026-06-28T16:29:29.756330+00:00,209
rikaze-jiangzi,CMFD_regional_rikaze-jiangzi,2018-08-01 00:00,9.0,94.2,3.5,0,低,低,低,tpdc,cmfd-regional-v0106,CMFD_V0106_regional,False,2026-06-28T16:29:29.756389+00:00,77
rikaze-kangma,CMFD_regional_rikaze-kangma,2018-08-01 00:00,7.3,82.6,4.2,0,低,低,低,tpdc,cmfd-regional-v0106,CMFD_V0106_regional,False,2026-06-28T16:29:29.756446+00:00,84
rikaze-zhongba,CMFD_regional_rikaze-zhongba,2018-08-01 00:00,7.4,160.2,2.4,0,低,低,低,tpdc,cmfd-regional-v0106,CMFD_V0106_regional,False,2026-06-28T16:29:29.756538+00:00,702
shannan-cuona,CMFD_regional_shannan-cuona,2018-08-01 00:00,15.6,176.5,1.6,0,低,低,低,tpdc,cmfd-regional-v0106,CMFD_V0106_regional,False,2026-06-28T16:29:29.756623+00:00,480
ali-gaize,CMFD_regional_ali-gaize,2018-08-01 00:00,7.3,64.0,3.6,0,低,低,低,tpdc,cmfd-regional-v0106,CMFD_V0106_regional,False,2026-06-28T16:29:29.756733+00:00,1892
yushu-chengduo,CMFD_regional_yushu-chengduo,2018-08-01 00:00,7.6,97.4,2.3,0,低,低,低,tpdc,cmfd-regional-v0106,CMFD_V0106_regional,False,2026-06-28T16:29:29.756802+00:00,323
yushu-zaduo,CMFD_regional_yushu-zaduo,2018-08-01 00:00,7.4,103.2,2.1,0,低,低,低,tpdc,cmfd-regional-v0106,CMFD_V0106_regional,False,2026-06-28T16:29:29.756873+00:00,578
guoluo-maqin,CMFD_regional_guoluo-maqin,2018-08-01 00:00,9.3,198.0,2.1,0,低,低,低,tpdc,cmfd-regional-v0106,CMFD_V0106_regional,False,2026-06-28T16:29:29.756939+00:00,352
guoluo-jiuzhi,CMFD_regional_guoluo-jiuzhi,2018-08-01 00:00,9.3,124.3,2.0,0,低,低,低,tpdc,cmfd-regional-v0106,CMFD_V0106_regional,False,2026-06-28T16:29:29.757000+00:00,150
haibei-gangcha,CMFD_regional_haibei-gangcha,2018-08-01 00:00,10.1,129.3,2.5,0,低,低,低,tpdc,cmfd-regional-v0106,CMFD_V0106_regional,False,2026-06-28T16:29:29.757063+00:00,144
huangnan-zeku,CMFD_regional_huangnan-zeku,2018-08-01 00:00,10.9,202.2,2.0,0,低,低,低,tpdc,cmfd-regional-v0106,CMFD_V0106_regional,False,2026-06-28T16:29:29.757123+00:00,112
ganzi-shiqu,CMFD_regional_ganzi-shiqu,2018-08-01 00:00,7.7,111.9,2.2,0,低,低,低,tpdc,cmfd-regional-v0106,CMFD_V0106_regional,False,2026-06-28T16:29:29.757187+00:00,380
ganzi-seda,CMFD_regional_ganzi-seda,2018-08-01 00:00,9.0,102.0,1.8,0,低,低,低,tpdc,cmfd-regional-v0106,CMFD_V0106_regional,False,2026-06-28T16:29:29.757250+00:00,208
aba-hongyuan,CMFD_regional_aba-hongyuan,2018-08-01 00:00,10.4,89.0,2.2,0,低,低,低,tpdc,cmfd-regional-v0106,CMFD_V0106_regional,False,2026-06-28T16:29:29.757311+00:00,196
gannan-luqu,CMFD_regional_gannan-luqu,2018-08-01 00:00,12.1,177.1,2.3,0,低,低,低,tpdc,cmfd-regional-v0106,CMFD_V0106_regional,False,2026-06-28T16:29:29.757370+00:00,80
linzhi-bayi,CMFD_regional_linzhi-bayi,2018-08-01 00:00,9.2,91.7,1.6,0,低,低,低,tpdc,cmfd-regional-v0106,CMFD_V0106_regional,False,2026-06-28T16:29:29.757430+00:00,144
naqu-bange,CMFD_regional_naqu-bange,2018-09-01 00:00,6.2,58.4,2.8,0,低,低,低,tpdc,cmfd-regional-v0106,CMFD_V0106_regional,False,2026-06-28T16:29:29.764694+00:00,529
naqu-seni,CMFD_regional_naqu-seni,2018-09-01 00:00,6.0,69.8,2.2,0,低,低,低,tpdc,cmfd-regional-v0106,CMFD_V0106_regional,False,2026-06-28T16:29:29.764770+00:00,280
naqu-nierong,CMFD_regional_naqu-nierong,2018-09-01 00:00,4.2,80.5,2.3,0,低,低,低,tpdc,cmfd-regional-v0106,CMFD_V0106_regional,False,2026-06-28T16:29:29.764832+00:00,187
naqu-anduo,CMFD_regional_naqu-anduo,2018-09-01 00:00,3.0,69.0,3.1,0,低,低,低,tpdc,cmfd-regional-v0106,CMFD_V0106_regional,False,2026-06-28T16:29:29.764941+00:00,1872
naqu-shenzha,CMFD_regional_naqu-shenzha,2018-09-01 00:00,6.3,45.4,3.0,0,低,低,低,tpdc,cmfd-regional-v0106,CMFD_V0106_regional,False,2026-06-28T16:29:29.765008+00:00,440
changdu-karuo,CMFD_regional_changdu-karuo,2018-09-01 00:00,7.1,113.6,1.6,0,低,低,低,tpdc,cmfd-regional-v0106,CMFD_V0106_regional,False,2026-06-28T16:29:29.765068+00:00,208
changdu-luolong,CMFD_regional_changdu-luolong,2018-09-01 00:00,6.0,91.9,2.3,0,低,低,低,tpdc,cmfd-regional-v0106,CMFD_V0106_regional,False,2026-06-28T16:29:29.765124+00:00,140
changdu-leiwuqi,CMFD_regional_changdu-leiwuqi,2018-09-01 00:00,6.8,93.3,1.7,0,低,低,低,tpdc,cmfd-regional-v0106,CMFD_V0106_regional,False,2026-06-28T16:29:29.765179+00:00,120
changdu-jiangda,CMFD_regional_changdu-jiangda,2018-09-01 00:00,6.4,137.5,1.6,0,低,低,低,tpdc,cmfd-regional-v0106,CMFD_V0106_regional,False,2026-06-28T16:29:29.765237+00:00,256
rikaze-xietongmen,CMFD_regional_rikaze-xietongmen,2018-09-01 00:00,6.6,31.5,2.2,0,低,低,低,tpdc,cmfd-regional-v0106,CMFD_V0106_regional,False,2026-06-28T16:29:29.765299+00:00,209
rikaze-jiangzi,CMFD_regional_rikaze-jiangzi,2018-09-01 00:00,8.4,26.6,3.4,0,低,低,低,tpdc,cmfd-regional-v0106,CMFD_V0106_regional,False,2026-06-28T16:29:29.765355+00:00,77
rikaze-kangma,CMFD_regional_rikaze-kangma,2018-09-01 00:00,6.4,26.7,4.1,0,低,低,低,tpdc,cmfd-regional-v0106,CMFD_V0106_regional,False,2026-06-28T16:29:29.765417+00:00,84
rikaze-zhongba,CMFD_regional_rikaze-zhongba,2018-09-01 00:00,5.3,25.9,3.6,0,低,低,低,tpdc,cmfd-regional-v0106,CMFD_V0106_regional,False,2026-06-28T16:29:29.765507+00:00,702
shannan-cuona,CMFD_regional_shannan-cuona,2018-09-01 00:00,14.5,154.2,1.8,0,低,低,低,tpdc,cmfd-regional-v0106,CMFD_V0106_regional,False,2026-06-28T16:29:29.765584+00:00,480
ali-gaize,CMFD_regional_ali-gaize,2018-09-01 00:00,3.1,23.6,3.5,0,低,低,低,tpdc,cmfd-regional-v0106,CMFD_V0106_regional,False,2026-06-28T16:29:29.765788+00:00,1892
yushu-chengduo,CMFD_regional_yushu-chengduo,2018-09-01 00:00,3.8,108.6,2.1,0,低,低,低,tpdc,cmfd-regional-v0106,CMFD_V0106_regional,False,2026-06-28T16:29:29.766082+00:00,323
yushu-zaduo,CMFD_regional_yushu-zaduo,2018-09-01 00:00,4.0,95.5,2.3,0,低,低,低,tpdc,cmfd-regional-v0106,CMFD_V0106_regional,False,2026-06-28T16:29:29.766205+00:00,578
guoluo-maqin,CMFD_regional_guoluo-maqin,2018-09-01 00:00,4.7,98.6,2.0,0,低,低,低,tpdc,cmfd-regional-v0106,CMFD_V0106_regional,False,2026-06-28T16:29:29.766286+00:00,352
guoluo-jiuzhi,CMFD_regional_guoluo-jiuzhi,2018-09-01 00:00,5.7,137.8,1.9,0,低,低,低,tpdc,cmfd-regional-v0106,CMFD_V0106_regional,False,2026-06-28T16:29:29.766376+00:00,150
haibei-gangcha,CMFD_regional_haibei-gangcha,2018-09-01 00:00,4.8,67.4,2.4,0,低,低,低,tpdc,cmfd-regional-v0106,CMFD_V0106_regional,False,2026-06-28T16:29:29.766455+00:00,144
huangnan-zeku,CMFD_regional_huangnan-zeku,2018-09-01 00:00,5.8,128.6,1.8,0,低,低,低,tpdc,cmfd-regional-v0106,CMFD_V0106_regional,False,2026-06-28T16:29:29.766532+00:00,112
ganzi-shiqu,CMFD_regional_ganzi-shiqu,2018-09-01 00:00,4.6,103.4,2.2,0,低,低,低,tpdc,cmfd-regional-v0106,CMFD_V0106_regional,False,2026-06-28T16:29:29.766609+00:00,380
ganzi-seda,CMFD_regional_ganzi-seda,2018-09-01 00:00,6.6,114.4,1.9,0,低,低,低,tpdc,cmfd-regional-v0106,CMFD_V0106_regional,False,2026-06-28T16:29:29.766693+00:00,208
aba-hongyuan,CMFD_regional_aba-hongyuan,2018-09-01 00:00,7.8,164.6,2.1,0,低,低,低,tpdc,cmfd-regional-v0106,CMFD_V0106_regional,False,2026-06-28T16:29:29.766757+00:00,196
gannan-luqu,CMFD_regional_gannan-luqu,2018-09-01 00:00,7.3,125.9,2.1,0,低,低,低,tpdc,cmfd-regional-v0106,CMFD_V0106_regional,False,2026-06-28T16:29:29.766819+00:00,80
linzhi-bayi,CMFD_regional_linzhi-bayi,2018-09-01 00:00,7.3,104.6,1.7,0,低,低,低,tpdc,cmfd-regional-v0106,CMFD_V0106_regional,False,2026-06-28T16:29:29.766884+00:00,144
naqu-bange,CMFD_regional_naqu-bange,2018-10-01 00:00,-1.9,8.7,2.9,0,中,低,中,tpdc,cmfd-regional-v0106,CMFD_V0106_regional,False,2026-06-28T16:29:29.774227+00:00,529
naqu-seni,CMFD_regional_naqu-seni,2018-10-01 00:00,-2.2,13.9,2.2,0,中,低,中,tpdc,cmfd-regional-v0106,CMFD_V0106_regional,False,2026-06-28T16:29:29.774304+00:00,280
naqu-nierong,CMFD_regional_naqu-nierong,2018-10-01 00:00,-4.4,21.0,2.5,0,中,中,低,tpdc,cmfd-regional-v0106,CMFD_V0106_regional,False,2026-06-28T16:29:29.774384+00:00,187
naqu-anduo,CMFD_regional_naqu-anduo,2018-10-01 00:00,-7.2,15.9,3.2,0,中,低,中,tpdc,cmfd-regional-v0106,CMFD_V0106_regional,False,2026-06-28T16:29:29.774510+00:00,1872
naqu-shenzha,CMFD_regional_naqu-shenzha,2018-10-01 00:00,-2.6,8.1,3.4,0,中,低,中,tpdc,cmfd-regional-v0106,CMFD_V0106_regional,False,2026-06-28T16:29:29.774585+00:00,440
changdu-karuo,CMFD_regional_changdu-karuo,2018-10-01 00:00,-1.1,54.9,1.5,0,中,高,低,tpdc,cmfd-regional-v0106,CMFD_V0106_regional,False,2026-06-28T16:29:29.774649+00:00,208
changdu-luolong,CMFD_regional_changdu-luolong,2018-10-01 00:00,-1.9,49.8,2.6,0,中,中,低,tpdc,cmfd-regional-v0106,CMFD_V0106_regional,False,2026-06-28T16:29:29.774708+00:00,140
changdu-leiwuqi,CMFD_regional_changdu-leiwuqi,2018-10-01 00:00,-1.2,60.6,1.8,0,中,高,低,tpdc,cmfd-regional-v0106,CMFD_V0106_regional,False,2026-06-28T16:29:29.774772+00:00,120
changdu-jiangda,CMFD_regional_changdu-jiangda,2018-10-01 00:00,-1.8,53.8,1.4,0,中,高,低,tpdc,cmfd-regional-v0106,CMFD_V0106_regional,False,2026-06-28T16:29:29.774839+00:00,256
rikaze-xietongmen,CMFD_regional_rikaze-xietongmen,2018-10-01 00:00,-1.2,3.2,2.6,0,中,低,高,tpdc,cmfd-regional-v0106,CMFD_V0106_regional,False,2026-06-28T16:29:29.774904+00:00,209
rikaze-jiangzi,CMFD_regional_rikaze-jiangzi,2018-10-01 00:00,1.4,3.4,3.8,0,低,低,高,tpdc,cmfd-regional-v0106,CMFD_V0106_regional,False,2026-06-28T16:29:29.774966+00:00,77
rikaze-kangma,CMFD_regional_rikaze-kangma,2018-10-01 00:00,-0.7,8.3,4.6,0,中,低,中,tpdc,cmfd-regional-v0106,CMFD_V0106_regional,False,2026-06-28T16:29:29.775028+00:00,84
rikaze-zhongba,CMFD_regional_rikaze-zhongba,2018-10-01 00:00,-3.8,5.5,3.7,0,中,低,中,tpdc,cmfd-regional-v0106,CMFD_V0106_regional,False,2026-06-28T16:29:29.775117+00:00,702
shannan-cuona,CMFD_regional_shannan-cuona,2018-10-01 00:00,8.8,45.5,1.9,0,低,低,低,tpdc,cmfd-regional-v0106,CMFD_V0106_regional,False,2026-06-28T16:29:29.775198+00:00,480
ali-gaize,CMFD_regional_ali-gaize,2018-10-01 00:00,-7.3,4.5,3.4,0,中,低,高,tpdc,cmfd-regional-v0106,CMFD_V0106_regional,False,2026-06-28T16:29:29.775322+00:00,1892
yushu-chengduo,CMFD_regional_yushu-chengduo,2018-10-01 00:00,-4.7,37.0,2.1,0,中,中,低,tpdc,cmfd-regional-v0106,CMFD_V0106_regional,False,2026-06-28T16:29:29.775414+00:00,323
yushu-zaduo,CMFD_regional_yushu-zaduo,2018-10-01 00:00,-5.1,36.1,2.2,0,中,中,低,tpdc,cmfd-regional-v0106,CMFD_V0106_regional,False,2026-06-28T16:29:29.775489+00:00,578
guoluo-maqin,CMFD_regional_guoluo-maqin,2018-10-01 00:00,-3.0,16.0,1.9,0,中,低,中,tpdc,cmfd-regional-v0106,CMFD_V0106_regional,False,2026-06-28T16:29:29.775555+00:00,352
guoluo-jiuzhi,CMFD_regional_guoluo-jiuzhi,2018-10-01 00:00,-2.0,34.2,1.8,0,中,中,低,tpdc,cmfd-regional-v0106,CMFD_V0106_regional,False,2026-06-28T16:29:29.775614+00:00,150
haibei-gangcha,CMFD_regional_haibei-gangcha,2018-10-01 00:00,-2.4,15.5,2.5,0,中,低,中,tpdc,cmfd-regional-v0106,CMFD_V0106_regional,False,2026-06-28T16:29:29.775679+00:00,144
huangnan-zeku,CMFD_regional_huangnan-zeku,2018-10-01 00:00,-1.8,15.7,1.6,0,中,低,中,tpdc,cmfd-regional-v0106,CMFD_V0106_regional,False,2026-06-28T16:29:29.775739+00:00,112
ganzi-shiqu,CMFD_regional_ganzi-shiqu,2018-10-01 00:00,-4.4,43.4,1.9,0,中,中,低,tpdc,cmfd-regional-v0106,CMFD_V0106_regional,False,2026-06-28T16:29:29.775803+00:00,380
ganzi-seda,CMFD_regional_ganzi-seda,2018-10-01 00:00,-1.9,65.6,1.7,0,中,高,低,tpdc,cmfd-regional-v0106,CMFD_V0106_regional,False,2026-06-28T16:29:29.775885+00:00,208
aba-hongyuan,CMFD_regional_aba-hongyuan,2018-10-01 00:00,0.2,74.8,1.9,0,低,低,低,tpdc,cmfd-regional-v0106,CMFD_V0106_regional,False,2026-06-28T16:29:29.775966+00:00,196
gannan-luqu,CMFD_regional_gannan-luqu,2018-10-01 00:00,0.4,37.1,2.0,0,低,低,低,tpdc,cmfd-regional-v0106,CMFD_V0106_regional,False,2026-06-28T16:29:29.776043+00:00,80
linzhi-bayi,CMFD_regional_linzhi-bayi,2018-10-01 00:00,0.8,39.1,2.2,0,低,低,低,tpdc,cmfd-regional-v0106,CMFD_V0106_regional,False,2026-06-28T16:29:29.776108+00:00,144
naqu-bange,CMFD_regional_naqu-bange,2018-11-01 00:00,-4.8,2.6,4.0,0,中,低,高,tpdc,cmfd-regional-v0106,CMFD_V0106_regional,False,2026-06-28T16:29:29.783838+00:00,529
naqu-seni,CMFD_regional_naqu-seni,2018-11-01 00:00,-6.6,10.2,2.5,0,中,低,中,tpdc,cmfd-regional-v0106,CMFD_V0106_regional,False,2026-06-28T16:29:29.783965+00:00,280
naqu-nierong,CMFD_regional_naqu-nierong,2018-11-01 00:00,-8.5,12.2,3.2,0,中,低,中,tpdc,cmfd-regional-v0106,CMFD_V0106_regional,False,2026-06-28T16:29:29.784034+00:00,187
naqu-anduo,CMFD_regional_naqu-anduo,2018-11-01 00:00,-11.4,4.6,4.2,0,高,低,高,tpdc,cmfd-regional-v0106,CMFD_V0106_regional,False,2026-06-28T16:29:29.784152+00:00,1872
naqu-shenzha,CMFD_regional_naqu-shenzha,2018-11-01 00:00,-5.0,3.3,4.8,0,中,低,高,tpdc,cmfd-regional-v0106,CMFD_V0106_regional,False,2026-06-28T16:29:29.784225+00:00,440
changdu-karuo,CMFD_regional_changdu-karuo,2018-11-01 00:00,-6.5,38.8,1.6,0,中,中,低,tpdc,cmfd-regional-v0106,CMFD_V0106_regional,False,2026-06-28T16:29:29.784287+00:00,208
changdu-luolong,CMFD_regional_changdu-luolong,2018-11-01 00:00,-6.6,19.1,2.6,0,中,低,中,tpdc,cmfd-regional-v0106,CMFD_V0106_regional,False,2026-06-28T16:29:29.784348+00:00,140
changdu-leiwuqi,CMFD_regional_changdu-leiwuqi,2018-11-01 00:00,-6.8,42.6,1.8,0,中,中,低,tpdc,cmfd-regional-v0106,CMFD_V0106_regional,False,2026-06-28T16:29:29.784412+00:00,120
changdu-jiangda,CMFD_regional_changdu-jiangda,2018-11-01 00:00,-7.4,26.5,1.5,0,中,中,低,tpdc,cmfd-regional-v0106,CMFD_V0106_regional,False,2026-06-28T16:29:29.784476+00:00,256
rikaze-xietongmen,CMFD_regional_rikaze-xietongmen,2018-11-01 00:00,-4.8,2.6,3.6,0,中,低,高,tpdc,cmfd-regional-v0106,CMFD_V0106_regional,False,2026-06-28T16:29:29.784539+00:00,209
rikaze-jiangzi,CMFD_regional_rikaze-jiangzi,2018-11-01 00:00,-2.5,1.6,3.8,0,中,低,高,tpdc,cmfd-regional-v0106,CMFD_V0106_regional,False,2026-06-28T16:29:29.784600+00:00,77
rikaze-kangma,CMFD_regional_rikaze-kangma,2018-11-01 00:00,-4.3,1.3,4.4,0,中,低,高,tpdc,cmfd-regional-v0106,CMFD_V0106_regional,False,2026-06-28T16:29:29.784671+00:00,84
rikaze-zhongba,CMFD_regional_rikaze-zhongba,2018-11-01 00:00,-6.5,3.5,4.7,0,中,低,高,tpdc,cmfd-regional-v0106,CMFD_V0106_regional,False,2026-06-28T16:29:29.784761+00:00,702
shannan-cuona,CMFD_regional_shannan-cuona,2018-11-01 00:00,4.5,7.6,2.1,0,低,低,中,tpdc,cmfd-regional-v0106,CMFD_V0106_regional,False,2026-06-28T16:29:29.784840+00:00,480
ali-gaize,CMFD_regional_ali-gaize,2018-11-01 00:00,-10.9,4.2,5.2,0,高,低,高,tpdc,cmfd-regional-v0106,CMFD_V0106_regional,False,2026-06-28T16:29:29.784944+00:00,1892
yushu-chengduo,CMFD_regional_yushu-chengduo,2018-11-01 00:00,-10.6,9.2,2.4,0,高,低,中,tpdc,cmfd-regional-v0106,CMFD_V0106_regional,False,2026-06-28T16:29:29.785009+00:00,323
yushu-zaduo,CMFD_regional_yushu-zaduo,2018-11-01 00:00,-10.1,13.2,2.6,0,高,低,中,tpdc,cmfd-regional-v0106,CMFD_V0106_regional,False,2026-06-28T16:29:29.785077+00:00,578
guoluo-maqin,CMFD_regional_guoluo-maqin,2018-11-01 00:00,-9.8,15.9,2.1,0,中,低,中,tpdc,cmfd-regional-v0106,CMFD_V0106_regional,False,2026-06-28T16:29:29.785138+00:00,352
guoluo-jiuzhi,CMFD_regional_guoluo-jiuzhi,2018-11-01 00:00,-8.2,17.4,2.1,0,中,低,中,tpdc,cmfd-regional-v0106,CMFD_V0106_regional,False,2026-06-28T16:29:29.785196+00:00,150
haibei-gangcha,CMFD_regional_haibei-gangcha,2018-11-01 00:00,-9.2,22.2,2.7,0,中,中,低,tpdc,cmfd-regional-v0106,CMFD_V0106_regional,False,2026-06-28T16:29:29.785254+00:00,144
huangnan-zeku,CMFD_regional_huangnan-zeku,2018-11-01 00:00,-8.0,12.7,1.8,0,中,低,中,tpdc,cmfd-regional-v0106,CMFD_V0106_regional,False,2026-06-28T16:29:29.785309+00:00,112
ganzi-shiqu,CMFD_regional_ganzi-shiqu,2018-11-01 00:00,-11.0,20.7,1.8,0,高,中,低,tpdc,cmfd-regional-v0106,CMFD_V0106_regional,False,2026-06-28T16:29:29.785370+00:00,380
ganzi-seda,CMFD_regional_ganzi-seda,2018-11-01 00:00,-8.4,28.2,1.7,0,中,中,低,tpdc,cmfd-regional-v0106,CMFD_V0106_regional,False,2026-06-28T16:29:29.785428+00:00,208
aba-hongyuan,CMFD_regional_aba-hongyuan,2018-11-01 00:00,-4.9,29.3,2.2,0,中,中,低,tpdc,cmfd-regional-v0106,CMFD_V0106_regional,False,2026-06-28T16:29:29.785485+00:00,196
gannan-luqu,CMFD_regional_gannan-luqu,2018-11-01 00:00,-5.3,13.7,2.3,0,中,低,中,tpdc,cmfd-regional-v0106,CMFD_V0106_regional,False,2026-06-28T16:29:29.785539+00:00,80
linzhi-bayi,CMFD_regional_linzhi-bayi,2018-11-01 00:00,-3.6,7.4,2.1,0,中,低,中,tpdc,cmfd-regional-v0106,CMFD_V0106_regional,False,2026-06-28T16:29:29.785594+00:00,144
naqu-bange,CMFD_regional_naqu-bange,2018-12-01 00:00,-10.1,6.5,3.7,0,高,低,中,tpdc,cmfd-regional-v0106,CMFD_V0106_regional,False,2026-06-28T16:29:29.792593+00:00,529
naqu-seni,CMFD_regional_naqu-seni,2018-12-01 00:00,-11.5,9.8,2.3,0,高,低,中,tpdc,cmfd-regional-v0106,CMFD_V0106_regional,False,2026-06-28T16:29:29.792736+00:00,280
naqu-nierong,CMFD_regional_naqu-nierong,2018-12-01 00:00,-13.8,5.8,2.7,0,高,低,中,tpdc,cmfd-regional-v0106,CMFD_V0106_regional,False,2026-06-28T16:29:29.792807+00:00,187
naqu-anduo,CMFD_regional_naqu-anduo,2018-12-01 00:00,-16.8,5.3,3.9,0,高,低,中,tpdc,cmfd-regional-v0106,CMFD_V0106_regional,False,2026-06-28T16:29:29.792922+00:00,1872
naqu-shenzha,CMFD_regional_naqu-shenzha,2018-12-01 00:00,-10.5,10.9,4.0,0,高,低,中,tpdc,cmfd-regional-v0106,CMFD_V0106_regional,False,2026-06-28T16:29:29.792992+00:00,440
changdu-karuo,CMFD_regional_changdu-karuo,2018-12-01 00:00,-9.1,10.8,1.4,0,中,低,中,tpdc,cmfd-regional-v0106,CMFD_V0106_regional,False,2026-06-28T16:29:29.793057+00:00,208
changdu-luolong,CMFD_regional_changdu-luolong,2018-12-01 00:00,-8.6,9.4,2.7,0,中,低,中,tpdc,cmfd-regional-v0106,CMFD_V0106_regional,False,2026-06-28T16:29:29.793121+00:00,140
changdu-leiwuqi,CMFD_regional_changdu-leiwuqi,2018-12-01 00:00,-9.4,8.2,1.7,0,中,低,中,tpdc,cmfd-regional-v0106,CMFD_V0106_regional,False,2026-06-28T16:29:29.793189+00:00,120
changdu-jiangda,CMFD_regional_changdu-jiangda,2018-12-01 00:00,-9.8,6.4,1.5,0,中,低,中,tpdc,cmfd-regional-v0106,CMFD_V0106_regional,False,2026-06-28T16:29:29.793253+00:00,256
rikaze-xietongmen,CMFD_regional_rikaze-xietongmen,2018-12-01 00:00,-12.5,7.3,2.3,0,高,低,中,tpdc,cmfd-regional-v0106,CMFD_V0106_regional,False,2026-06-28T16:29:29.793318+00:00,209
rikaze-jiangzi,CMFD_regional_rikaze-jiangzi,2018-12-01 00:00,-11.1,12.5,3.3,0,高,低,中,tpdc,cmfd-regional-v0106,CMFD_V0106_regional,False,2026-06-28T16:29:29.793385+00:00,77
rikaze-kangma,CMFD_regional_rikaze-kangma,2018-12-01 00:00,-12.9,13.1,4.0,0,高,低,中,tpdc,cmfd-regional-v0106,CMFD_V0106_regional,False,2026-06-28T16:29:29.793456+00:00,84
rikaze-zhongba,CMFD_regional_rikaze-zhongba,2018-12-01 00:00,-13.6,4.0,3.6,0,高,低,高,tpdc,cmfd-regional-v0106,CMFD_V0106_regional,False,2026-06-28T16:29:29.793554+00:00,702
shannan-cuona,CMFD_regional_shannan-cuona,2018-12-01 00:00,-1.8,49.1,1.8,0,中,中,低,tpdc,cmfd-regional-v0106,CMFD_V0106_regional,False,2026-06-28T16:29:29.793638+00:00,480
ali-gaize,CMFD_regional_ali-gaize,2018-12-01 00:00,-18.4,3.6,3.3,0,高,低,高,tpdc,cmfd-regional-v0106,CMFD_V0106_regional,False,2026-06-28T16:29:29.793739+00:00,1892
yushu-chengduo,CMFD_regional_yushu-chengduo,2018-12-01 00:00,-13.9,6.7,2.3,0,高,低,中,tpdc,cmfd-regional-v0106,CMFD_V0106_regional,False,2026-06-28T16:29:29.793807+00:00,323
yushu-zaduo,CMFD_regional_yushu-zaduo,2018-12-01 00:00,-14.2,6.2,2.5,0,高,低,中,tpdc,cmfd-regional-v0106,CMFD_V0106_regional,False,2026-06-28T16:29:29.793873+00:00,578
guoluo-maqin,CMFD_regional_guoluo-maqin,2018-12-01 00:00,-13.5,4.2,2.2,0,高,低,高,tpdc,cmfd-regional-v0106,CMFD_V0106_regional,False,2026-06-28T16:29:29.793934+00:00,352
guoluo-jiuzhi,CMFD_regional_guoluo-jiuzhi,2018-12-01 00:00,-10.4,2.3,2.3,0,高,低,高,tpdc,cmfd-regional-v0106,CMFD_V0106_regional,False,2026-06-28T16:29:29.793992+00:00,150
haibei-gangcha,CMFD_regional_haibei-gangcha,2018-12-01 00:00,-13.5,0.6,3.0,0,高,低,高,tpdc,cmfd-regional-v0106,CMFD_V0106_regional,False,2026-06-28T16:29:29.794051+00:00,144
huangnan-zeku,CMFD_regional_huangnan-zeku,2018-12-01 00:00,-12.1,2.7,1.9,0,高,低,高,tpdc,cmfd-regional-v0106,CMFD_V0106_regional,False,2026-06-28T16:29:29.794109+00:00,112
ganzi-shiqu,CMFD_regional_ganzi-shiqu,2018-12-01 00:00,-14.2,6.3,1.8,0,高,低,中,tpdc,cmfd-regional-v0106,CMFD_V0106_regional,False,2026-06-28T16:29:29.794181+00:00,380
ganzi-seda,CMFD_regional_ganzi-seda,2018-12-01 00:00,-10.6,6.1,1.8,0,高,低,中,tpdc,cmfd-regional-v0106,CMFD_V0106_regional,False,2026-06-28T16:29:29.794241+00:00,208
aba-hongyuan,CMFD_regional_aba-hongyuan,2018-12-01 00:00,-7.3,3.4,2.2,0,中,低,高,tpdc,cmfd-regional-v0106,CMFD_V0106_regional,False,2026-06-28T16:29:29.794303+00:00,196
gannan-luqu,CMFD_regional_gannan-luqu,2018-12-01 00:00,-7.8,2.0,2.2,0,中,低,高,tpdc,cmfd-regional-v0106,CMFD_V0106_regional,False,2026-06-28T16:29:29.794358+00:00,80
linzhi-bayi,CMFD_regional_linzhi-bayi,2018-12-01 00:00,-6.8,7.9,1.9,0,中,低,中,tpdc,cmfd-regional-v0106,CMFD_V0106_regional,False,2026-06-28T16:29:29.794414+00:00,144
