region_id,station,observed_at,temperature_c,precipitation_mm_24h,wind_speed_mps,snow_depth_cm,cold_wave_risk,snowstorm_risk,drought_risk,data_source,source_id,dataset_name,is_sample
naqu-bange,CMFD_naqu-bange,2020-01-01 00:00,-12.1,0.59,4.3,0,高,低,中,tpdc,cmfd-v2,CMFD_V0200,false
naqu-seni,CMFD_naqu-seni,2020-01-01 00:00,-12.2,0.86,2.3,0,高,低,中,tpdc,cmfd-v2,CMFD_V0200,false
naqu-nierong,CMFD_naqu-nierong,2020-01-01 00:00,-19.9,0.89,1.7,0,高,低,中,tpdc,cmfd-v2,CMFD_V0200,false
naqu-anduo,CMFD_naqu-anduo,2020-01-01 00:00,-16.6,0.78,2.8,0,高,低,中,tpdc,cmfd-v2,CMFD_V0200,false
naqu-shenzha,CMFD_naqu-shenzha,2020-01-01 00:00,-11.0,0.51,4.6,0,高,低,中,tpdc,cmfd-v2,CMFD_V0200,false
changdu-karuo,CMFD_changdu-karuo,2020-01-01 00:00,-2.9,0.61,1.6,0,中,低,中,tpdc,cmfd-v2,CMFD_V0200,false
changdu-luolong,CMFD_changdu-luolong,2020-01-01 00:00,-6.7,0.59,2.0,0,中,低,中,tpdc,cmfd-v2,CMFD_V0200,false
changdu-leiwuqi,CMFD_changdu-leiwuqi,2020-01-01 00:00,-9.1,0.58,1.4,0,中,低,中,tpdc,cmfd-v2,CMFD_V0200,false
changdu-jiangda,CMFD_changdu-jiangda,2020-01-01 00:00,-11.3,0.54,2.1,0,高,低,中,tpdc,cmfd-v2,CMFD_V0200,false
rikaze-xietongmen,CMFD_rikaze-xietongmen,2020-01-01 00:00,-3.8,0.51,2.3,0,中,低,中,tpdc,cmfd-v2,CMFD_V0200,false
rikaze-jiangzi,CMFD_rikaze-jiangzi,2020-01-01 00:00,-4.0,0.52,2.2,0,中,低,中,tpdc,cmfd-v2,CMFD_V0200,false
rikaze-kangma,CMFD_rikaze-kangma,2020-01-01 00:00,-10.2,0.52,2.9,0,高,低,中,tpdc,cmfd-v2,CMFD_V0200,false
rikaze-zhongba,CMFD_rikaze-zhongba,2020-01-01 00:00,-15.4,0.95,3.5,0,高,低,中,tpdc,cmfd-v2,CMFD_V0200,false
shannan-cuona,CMFD_shannan-cuona,2020-01-01 00:00,-13.5,0.7,1.6,0,高,低,中,tpdc,cmfd-v2,CMFD_V0200,false
ali-gaize,CMFD_ali-gaize,2020-01-01 00:00,-13.3,0.57,2.8,0,高,低,中,tpdc,cmfd-v2,CMFD_V0200,false
yushu-chengduo,CMFD_yushu-chengduo,2020-01-01 00:00,-11.7,0.84,0.7,0,高,低,中,tpdc,cmfd-v2,CMFD_V0200,false
yushu-zaduo,CMFD_yushu-zaduo,2020-01-01 00:00,-12.2,1.16,1.5,0,高,低,中,tpdc,cmfd-v2,CMFD_V0200,false
guoluo-maqin,CMFD_guoluo-maqin,2020-01-01 00:00,-9.8,0.64,1.7,0,中,低,中,tpdc,cmfd-v2,CMFD_V0200,false
guoluo-jiuzhi,CMFD_guoluo-jiuzhi,2020-01-01 00:00,-10.0,0.82,1.7,0,中,低,中,tpdc,cmfd-v2,CMFD_V0200,false
haibei-gangcha,CMFD_haibei-gangcha,2020-01-01 00:00,-12.4,0.58,2.1,0,高,低,中,tpdc,cmfd-v2,CMFD_V0200,false
huangnan-zeku,CMFD_huangnan-zeku,2020-01-01 00:00,-10.9,0.64,2.0,0,高,低,中,tpdc,cmfd-v2,CMFD_V0200,false
ganzi-shiqu,CMFD_ganzi-shiqu,2020-01-01 00:00,-12.2,0.84,2.2,0,高,低,中,tpdc,cmfd-v2,CMFD_V0200,false
ganzi-seda,CMFD_ganzi-seda,2020-01-01 00:00,-9.8,0.57,2.2,0,中,低,中,tpdc,cmfd-v2,CMFD_V0200,false
aba-hongyuan,CMFD_aba-hongyuan,2020-01-01 00:00,-7.9,0.91,2.3,0,中,低,中,tpdc,cmfd-v2,CMFD_V0200,false
gannan-luqu,CMFD_gannan-luqu,2020-01-01 00:00,-8.4,0.74,2.3,0,中,低,中,tpdc,cmfd-v2,CMFD_V0200,false
naqu-bange,CMFD_naqu-bange,2020-02-01 00:00,-11.5,0.4,3.2,0,高,低,中,tpdc,cmfd-v2,CMFD_V0200,false
naqu-seni,CMFD_naqu-seni,2020-02-01 00:00,-9.2,0.49,2.4,0,中,低,中,tpdc,cmfd-v2,CMFD_V0200,false
naqu-nierong,CMFD_naqu-nierong,2020-02-01 00:00,-16.8,0.55,2.1,0,高,低,中,tpdc,cmfd-v2,CMFD_V0200,false
naqu-anduo,CMFD_naqu-anduo,2020-02-01 00:00,-13.8,0.37,2.6,0,高,低,中,tpdc,cmfd-v2,CMFD_V0200,false
naqu-shenzha,CMFD_naqu-shenzha,2020-02-01 00:00,-9.7,0.29,3.8,0,中,低,中,tpdc,cmfd-v2,CMFD_V0200,false
changdu-karuo,CMFD_changdu-karuo,2020-02-01 00:00,-0.1,0.44,1.6,0,中,低,中,tpdc,cmfd-v2,CMFD_V0200,false
changdu-luolong,CMFD_changdu-luolong,2020-02-01 00:00,-3.6,0.45,2.0,0,中,低,中,tpdc,cmfd-v2,CMFD_V0200,false
changdu-leiwuqi,CMFD_changdu-leiwuqi,2020-02-01 00:00,-6.3,0.5,1.5,0,中,低,中,tpdc,cmfd-v2,CMFD_V0200,false
changdu-jiangda,CMFD_changdu-jiangda,2020-02-01 00:00,-7.8,0.36,2.1,0,中,低,中,tpdc,cmfd-v2,CMFD_V0200,false
rikaze-xietongmen,CMFD_rikaze-xietongmen,2020-02-01 00:00,-1.4,0.23,2.3,0,中,低,中,tpdc,cmfd-v2,CMFD_V0200,false
rikaze-jiangzi,CMFD_rikaze-jiangzi,2020-02-01 00:00,-1.6,0.21,2.3,0,中,低,中,tpdc,cmfd-v2,CMFD_V0200,false
rikaze-kangma,CMFD_rikaze-kangma,2020-02-01 00:00,-8.2,0.2,3.0,0,中,低,中,tpdc,cmfd-v2,CMFD_V0200,false
rikaze-zhongba,CMFD_rikaze-zhongba,2020-02-01 00:00,-12.8,0.01,2.5,0,高,低,中,tpdc,cmfd-v2,CMFD_V0200,false
shannan-cuona,CMFD_shannan-cuona,2020-02-01 00:00,-11.6,0.73,1.8,0,高,低,中,tpdc,cmfd-v2,CMFD_V0200,false
ali-gaize,CMFD_ali-gaize,2020-02-01 00:00,-9.3,0.2,2.9,0,中,低,中,tpdc,cmfd-v2,CMFD_V0200,false
yushu-chengduo,CMFD_yushu-chengduo,2020-02-01 00:00,-11.2,0.53,1.0,0,高,低,中,tpdc,cmfd-v2,CMFD_V0200,false
yushu-zaduo,CMFD_yushu-zaduo,2020-02-01 00:00,-9.5,0.55,1.8,0,中,低,中,tpdc,cmfd-v2,CMFD_V0200,false
guoluo-maqin,CMFD_guoluo-maqin,2020-02-01 00:00,-8.7,0.32,1.8,0,中,低,中,tpdc,cmfd-v2,CMFD_V0200,false
guoluo-jiuzhi,CMFD_guoluo-jiuzhi,2020-02-01 00:00,-8.3,0.51,1.9,0,中,低,中,tpdc,cmfd-v2,CMFD_V0200,false
haibei-gangcha,CMFD_haibei-gangcha,2020-02-01 00:00,-9.4,0.24,2.5,0,中,低,中,tpdc,cmfd-v2,CMFD_V0200,false
huangnan-zeku,CMFD_huangnan-zeku,2020-02-01 00:00,-9.8,0.4,2.4,0,中,低,中,tpdc,cmfd-v2,CMFD_V0200,false
ganzi-shiqu,CMFD_ganzi-shiqu,2020-02-01 00:00,-10.7,0.52,2.2,0,高,低,中,tpdc,cmfd-v2,CMFD_V0200,false
ganzi-seda,CMFD_ganzi-seda,2020-02-01 00:00,-7.6,0.54,2.2,0,中,低,中,tpdc,cmfd-v2,CMFD_V0200,false
aba-hongyuan,CMFD_aba-hongyuan,2020-02-01 00:00,-7.3,0.73,2.2,0,中,低,中,tpdc,cmfd-v2,CMFD_V0200,false
gannan-luqu,CMFD_gannan-luqu,2020-02-01 00:00,-6.9,0.4,2.7,0,中,低,中,tpdc,cmfd-v2,CMFD_V0200,false
naqu-bange,CMFD_naqu-bange,2020-03-01 00:00,-4.8,1.18,4.7,0,中,低,中,tpdc,cmfd-v2,CMFD_V0200,false
naqu-seni,CMFD_naqu-seni,2020-03-01 00:00,-3.8,1.41,2.9,0,中,低,中,tpdc,cmfd-v2,CMFD_V0200,false
naqu-nierong,CMFD_naqu-nierong,2020-03-01 00:00,-12.7,1.67,2.0,0,高,低,中,tpdc,cmfd-v2,CMFD_V0200,false
naqu-anduo,CMFD_naqu-anduo,2020-03-01 00:00,-9.2,1.31,3.2,0,中,低,中,tpdc,cmfd-v2,CMFD_V0200,false
naqu-shenzha,CMFD_naqu-shenzha,2020-03-01 00:00,-4.8,1.07,4.9,0,中,低,中,tpdc,cmfd-v2,CMFD_V0200,false
changdu-karuo,CMFD_changdu-karuo,2020-03-01 00:00,5.0,1.22,2.0,0,低,低,中,tpdc,cmfd-v2,CMFD_V0200,false
changdu-luolong,CMFD_changdu-luolong,2020-03-01 00:00,1.2,1.35,2.6,0,低,低,中,tpdc,cmfd-v2,CMFD_V0200,false
changdu-leiwuqi,CMFD_changdu-leiwuqi,2020-03-01 00:00,-1.1,1.62,1.7,0,中,低,中,tpdc,cmfd-v2,CMFD_V0200,false
changdu-jiangda,CMFD_changdu-jiangda,2020-03-01 00:00,-2.9,1.57,2.4,0,中,低,中,tpdc,cmfd-v2,CMFD_V0200,false
rikaze-xietongmen,CMFD_rikaze-xietongmen,2020-03-01 00:00,3.0,1.08,3.0,0,低,低,中,tpdc,cmfd-v2,CMFD_V0200,false
rikaze-jiangzi,CMFD_rikaze-jiangzi,2020-03-01 00:00,3.0,1.13,2.8,0,低,低,中,tpdc,cmfd-v2,CMFD_V0200,false
rikaze-kangma,CMFD_rikaze-kangma,2020-03-01 00:00,-3.7,1.04,3.4,0,中,低,中,tpdc,cmfd-v2,CMFD_V0200,false
rikaze-zhongba,CMFD_rikaze-zhongba,2020-03-01 00:00,-6.3,1.04,3.2,0,中,低,中,tpdc,cmfd-v2,CMFD_V0200,false
shannan-cuona,CMFD_shannan-cuona,2020-03-01 00:00,-7.3,2.19,1.8,0,中,低,中,tpdc,cmfd-v2,CMFD_V0200,false
ali-gaize,CMFD_ali-gaize,2020-03-01 00:00,-3.9,1.04,3.6,0,中,低,中,tpdc,cmfd-v2,CMFD_V0200,false
yushu-chengduo,CMFD_yushu-chengduo,2020-03-01 00:00,-3.5,1.44,1.6,0,中,低,中,tpdc,cmfd-v2,CMFD_V0200,false
yushu-zaduo,CMFD_yushu-zaduo,2020-03-01 00:00,-3.2,1.31,2.2,0,中,低,中,tpdc,cmfd-v2,CMFD_V0200,false
guoluo-maqin,CMFD_guoluo-maqin,2020-03-01 00:00,-2.3,1.69,2.1,0,中,低,中,tpdc,cmfd-v2,CMFD_V0200,false
guoluo-jiuzhi,CMFD_guoluo-jiuzhi,2020-03-01 00:00,-3.3,2.29,1.9,0,中,低,中,tpdc,cmfd-v2,CMFD_V0200,false
haibei-gangcha,CMFD_haibei-gangcha,2020-03-01 00:00,-4.1,1.35,2.7,0,中,低,中,tpdc,cmfd-v2,CMFD_V0200,false
huangnan-zeku,CMFD_huangnan-zeku,2020-03-01 00:00,-3.8,1.73,2.6,0,中,低,中,tpdc,cmfd-v2,CMFD_V0200,false
ganzi-shiqu,CMFD_ganzi-shiqu,2020-03-01 00:00,-3.9,1.63,2.9,0,中,低,中,tpdc,cmfd-v2,CMFD_V0200,false
ganzi-seda,CMFD_ganzi-seda,2020-03-01 00:00,-2.4,1.7,2.5,0,中,低,中,tpdc,cmfd-v2,CMFD_V0200,false
aba-hongyuan,CMFD_aba-hongyuan,2020-03-01 00:00,-1.5,2.2,2.4,0,中,低,中,tpdc,cmfd-v2,CMFD_V0200,false
gannan-luqu,CMFD_gannan-luqu,2020-03-01 00:00,-2.2,2.13,2.8,0,中,低,中,tpdc,cmfd-v2,CMFD_V0200,false
naqu-bange,CMFD_naqu-bange,2020-04-01 00:00,-2.2,0.31,3.6,0,中,低,中,tpdc,cmfd-v2,CMFD_V0200,false
naqu-seni,CMFD_naqu-seni,2020-04-01 00:00,-1.1,1.14,2.5,0,中,低,中,tpdc,cmfd-v2,CMFD_V0200,false
naqu-nierong,CMFD_naqu-nierong,2020-04-01 00:00,-8.0,1.29,2.0,0,中,低,中,tpdc,cmfd-v2,CMFD_V0200,false
naqu-anduo,CMFD_naqu-anduo,2020-04-01 00:00,-5.0,0.88,2.8,0,中,低,中,tpdc,cmfd-v2,CMFD_V0200,false
naqu-shenzha,CMFD_naqu-shenzha,2020-04-01 00:00,-2.2,0.01,3.7,0,中,低,中,tpdc,cmfd-v2,CMFD_V0200,false
changdu-karuo,CMFD_changdu-karuo,2020-04-01 00:00,7.2,0.61,2.0,0,低,低,中,tpdc,cmfd-v2,CMFD_V0200,false
changdu-luolong,CMFD_changdu-luolong,2020-04-01 00:00,3.4,1.26,2.5,0,低,低,中,tpdc,cmfd-v2,CMFD_V0200,false
changdu-leiwuqi,CMFD_changdu-leiwuqi,2020-04-01 00:00,1.6,1.16,1.7,0,低,低,中,tpdc,cmfd-v2,CMFD_V0200,false
changdu-jiangda,CMFD_changdu-jiangda,2020-04-01 00:00,-2.1,1.37,2.3,0,中,低,中,tpdc,cmfd-v2,CMFD_V0200,false
rikaze-xietongmen,CMFD_rikaze-xietongmen,2020-04-01 00:00,5.1,0.0,2.7,0,低,低,中,tpdc,cmfd-v2,CMFD_V0200,false
rikaze-jiangzi,CMFD_rikaze-jiangzi,2020-04-01 00:00,5.3,0.0,2.5,0,低,低,中,tpdc,cmfd-v2,CMFD_V0200,false
rikaze-kangma,CMFD_rikaze-kangma,2020-04-01 00:00,-1.4,0.0,3.2,0,中,低,中,tpdc,cmfd-v2,CMFD_V0200,false
rikaze-zhongba,CMFD_rikaze-zhongba,2020-04-01 00:00,0.6,0.46,3.2,0,低,低,中,tpdc,cmfd-v2,CMFD_V0200,false
shannan-cuona,CMFD_shannan-cuona,2020-04-01 00:00,-4.7,1.08,2.2,0,中,低,中,tpdc,cmfd-v2,CMFD_V0200,false
ali-gaize,CMFD_ali-gaize,2020-04-01 00:00,0.0,0.46,2.9,0,低,低,中,tpdc,cmfd-v2,CMFD_V0200,false
yushu-chengduo,CMFD_yushu-chengduo,2020-04-01 00:00,1.3,1.74,2.0,0,低,低,中,tpdc,cmfd-v2,CMFD_V0200,false
yushu-zaduo,CMFD_yushu-zaduo,2020-04-01 00:00,-0.3,1.53,2.0,0,中,低,中,tpdc,cmfd-v2,CMFD_V0200,false
guoluo-maqin,CMFD_guoluo-maqin,2020-04-01 00:00,0.8,1.8,2.0,0,低,低,中,tpdc,cmfd-v2,CMFD_V0200,false
guoluo-jiuzhi,CMFD_guoluo-jiuzhi,2020-04-01 00:00,-0.3,2.39,1.9,0,中,低,中,tpdc,cmfd-v2,CMFD_V0200,false
haibei-gangcha,CMFD_haibei-gangcha,2020-04-01 00:00,0.1,0.91,2.9,0,低,低,中,tpdc,cmfd-v2,CMFD_V0200,false
huangnan-zeku,CMFD_huangnan-zeku,2020-04-01 00:00,-0.6,1.6,2.7,0,中,低,中,tpdc,cmfd-v2,CMFD_V0200,false
ganzi-shiqu,CMFD_ganzi-shiqu,2020-04-01 00:00,-1.1,1.77,2.6,0,中,低,中,tpdc,cmfd-v2,CMFD_V0200,false
ganzi-seda,CMFD_ganzi-seda,2020-04-01 00:00,0.7,2.04,2.4,0,低,低,中,tpdc,cmfd-v2,CMFD_V0200,false
aba-hongyuan,CMFD_aba-hongyuan,2020-04-01 00:00,1.0,3.56,2.6,0,低,低,中,tpdc,cmfd-v2,CMFD_V0200,false
gannan-luqu,CMFD_gannan-luqu,2020-04-01 00:00,0.4,2.78,3.0,0,低,低,中,tpdc,cmfd-v2,CMFD_V0200,false
naqu-bange,CMFD_naqu-bange,2020-05-01 00:00,2.2,0.57,3.5,0,低,低,中,tpdc,cmfd-v2,CMFD_V0200,false
naqu-seni,CMFD_naqu-seni,2020-05-01 00:00,2.6,0.77,2.4,0,低,低,中,tpdc,cmfd-v2,CMFD_V0200,false
naqu-nierong,CMFD_naqu-nierong,2020-05-01 00:00,-3.7,1.64,2.2,0,中,低,中,tpdc,cmfd-v2,CMFD_V0200,false
naqu-anduo,CMFD_naqu-anduo,2020-05-01 00:00,-2.5,0.57,2.6,0,中,低,中,tpdc,cmfd-v2,CMFD_V0200,false
naqu-shenzha,CMFD_naqu-shenzha,2020-05-01 00:00,2.6,0.0,3.5,0,低,低,中,tpdc,cmfd-v2,CMFD_V0200,false
changdu-karuo,CMFD_changdu-karuo,2020-05-01 00:00,10.4,0.87,1.8,0,低,低,中,tpdc,cmfd-v2,CMFD_V0200,false
changdu-luolong,CMFD_changdu-luolong,2020-05-01 00:00,7.1,1.97,2.7,0,低,低,中,tpdc,cmfd-v2,CMFD_V0200,false
changdu-leiwuqi,CMFD_changdu-leiwuqi,2020-05-01 00:00,5.1,2.32,1.7,0,低,低,中,tpdc,cmfd-v2,CMFD_V0200,false
changdu-jiangda,CMFD_changdu-jiangda,2020-05-01 00:00,1.3,1.4,2.3,0,低,低,中,tpdc,cmfd-v2,CMFD_V0200,false
rikaze-xietongmen,CMFD_rikaze-xietongmen,2020-05-01 00:00,10.2,0.0,2.6,0,低,低,中,tpdc,cmfd-v2,CMFD_V0200,false
rikaze-jiangzi,CMFD_rikaze-jiangzi,2020-05-01 00:00,8.9,0.0,2.4,0,低,低,中,tpdc,cmfd-v2,CMFD_V0200,false
rikaze-kangma,CMFD_rikaze-kangma,2020-05-01 00:00,2.4,0.0,3.2,0,低,低,中,tpdc,cmfd-v2,CMFD_V0200,false
rikaze-zhongba,CMFD_rikaze-zhongba,2020-05-01 00:00,4.7,0.0,3.9,0,低,低,中,tpdc,cmfd-v2,CMFD_V0200,false
shannan-cuona,CMFD_shannan-cuona,2020-05-01 00:00,1.4,3.37,2.4,0,低,低,中,tpdc,cmfd-v2,CMFD_V0200,false
ali-gaize,CMFD_ali-gaize,2020-05-01 00:00,4.2,0.0,3.1,0,低,低,中,tpdc,cmfd-v2,CMFD_V0200,false
yushu-chengduo,CMFD_yushu-chengduo,2020-05-01 00:00,5.6,1.63,2.0,0,低,低,中,tpdc,cmfd-v2,CMFD_V0200,false
yushu-zaduo,CMFD_yushu-zaduo,2020-05-01 00:00,4.0,1.43,2.0,0,低,低,中,tpdc,cmfd-v2,CMFD_V0200,false
guoluo-maqin,CMFD_guoluo-maqin,2020-05-01 00:00,4.6,2.14,1.9,0,低,低,中,tpdc,cmfd-v2,CMFD_V0200,false
guoluo-jiuzhi,CMFD_guoluo-jiuzhi,2020-05-01 00:00,3.9,2.99,2.0,0,低,低,中,tpdc,cmfd-v2,CMFD_V0200,false
haibei-gangcha,CMFD_haibei-gangcha,2020-05-01 00:00,4.9,1.45,3.3,0,低,低,中,tpdc,cmfd-v2,CMFD_V0200,false
huangnan-zeku,CMFD_huangnan-zeku,2020-05-01 00:00,3.7,3.14,2.6,0,低,低,中,tpdc,cmfd-v2,CMFD_V0200,false
ganzi-shiqu,CMFD_ganzi-shiqu,2020-05-01 00:00,2.5,0.92,2.4,0,低,低,中,tpdc,cmfd-v2,CMFD_V0200,false
ganzi-seda,CMFD_ganzi-seda,2020-05-01 00:00,4.3,2.22,2.0,0,低,低,中,tpdc,cmfd-v2,CMFD_V0200,false
aba-hongyuan,CMFD_aba-hongyuan,2020-05-01 00:00,5.3,3.57,2.4,0,低,低,中,tpdc,cmfd-v2,CMFD_V0200,false
gannan-luqu,CMFD_gannan-luqu,2020-05-01 00:00,5.3,3.69,2.8,0,低,低,中,tpdc,cmfd-v2,CMFD_V0200,false
naqu-bange,CMFD_naqu-bange,2020-06-01 00:00,7.1,1.12,3.3,0,低,低,中,tpdc,cmfd-v2,CMFD_V0200,false
naqu-seni,CMFD_naqu-seni,2020-06-01 00:00,8.2,5.41,2.3,0,低,低,中,tpdc,cmfd-v2,CMFD_V0200,false
naqu-nierong,CMFD_naqu-nierong,2020-06-01 00:00,4.4,5.41,2.4,0,低,低,中,tpdc,cmfd-v2,CMFD_V0200,false
naqu-anduo,CMFD_naqu-anduo,2020-06-01 00:00,5.5,3.61,2.9,0,低,低,中,tpdc,cmfd-v2,CMFD_V0200,false
naqu-shenzha,CMFD_naqu-shenzha,2020-06-01 00:00,8.3,0.0,3.6,0,低,低,中,tpdc,cmfd-v2,CMFD_V0200,false
changdu-karuo,CMFD_changdu-karuo,2020-06-01 00:00,16.3,5.78,1.8,0,低,低,中,tpdc,cmfd-v2,CMFD_V0200,false
changdu-luolong,CMFD_changdu-luolong,2020-06-01 00:00,13.7,4.22,3.0,0,低,低,中,tpdc,cmfd-v2,CMFD_V0200,false
changdu-leiwuqi,CMFD_changdu-leiwuqi,2020-06-01 00:00,11.0,7.3,1.5,0,低,低,中,tpdc,cmfd-v2,CMFD_V0200,false
changdu-jiangda,CMFD_changdu-jiangda,2020-06-01 00:00,5.4,9.42,2.0,0,低,低,中,tpdc,cmfd-v2,CMFD_V0200,false
rikaze-xietongmen,CMFD_rikaze-xietongmen,2020-06-01 00:00,16.1,0.0,2.7,0,低,低,中,tpdc,cmfd-v2,CMFD_V0200,false
rikaze-jiangzi,CMFD_rikaze-jiangzi,2020-06-01 00:00,14.9,0.27,2.3,0,低,低,中,tpdc,cmfd-v2,CMFD_V0200,false
rikaze-kangma,CMFD_rikaze-kangma,2020-06-01 00:00,8.3,0.0,3.5,0,低,低,中,tpdc,cmfd-v2,CMFD_V0200,false
rikaze-zhongba,CMFD_rikaze-zhongba,2020-06-01 00:00,8.3,0.0,4.0,0,低,低,中,tpdc,cmfd-v2,CMFD_V0200,false
shannan-cuona,CMFD_shannan-cuona,2020-06-01 00:00,6.5,3.6,2.7,0,低,低,中,tpdc,cmfd-v2,CMFD_V0200,false
ali-gaize,CMFD_ali-gaize,2020-06-01 00:00,10.3,0.0,3.5,0,低,低,中,tpdc,cmfd-v2,CMFD_V0200,false
yushu-chengduo,CMFD_yushu-chengduo,2020-06-01 00:00,9.1,6.63,1.7,0,低,低,中,tpdc,cmfd-v2,CMFD_V0200,false
yushu-zaduo,CMFD_yushu-zaduo,2020-06-01 00:00,8.7,6.01,1.7,0,低,低,中,tpdc,cmfd-v2,CMFD_V0200,false
guoluo-maqin,CMFD_guoluo-maqin,2020-06-01 00:00,8.9,7.44,1.8,0,低,低,中,tpdc,cmfd-v2,CMFD_V0200,false
guoluo-jiuzhi,CMFD_guoluo-jiuzhi,2020-06-01 00:00,8.3,10.49,1.7,0,低,低,中,tpdc,cmfd-v2,CMFD_V0200,false
haibei-gangcha,CMFD_haibei-gangcha,2020-06-01 00:00,8.6,4.83,3.1,0,低,低,中,tpdc,cmfd-v2,CMFD_V0200,false
huangnan-zeku,CMFD_huangnan-zeku,2020-06-01 00:00,8.0,7.4,2.8,0,低,低,中,tpdc,cmfd-v2,CMFD_V0200,false
ganzi-shiqu,CMFD_ganzi-shiqu,2020-06-01 00:00,7.8,8.05,2.1,0,低,低,中,tpdc,cmfd-v2,CMFD_V0200,false
ganzi-seda,CMFD_ganzi-seda,2020-06-01 00:00,10.0,10.11,2.3,0,低,低,中,tpdc,cmfd-v2,CMFD_V0200,false
aba-hongyuan,CMFD_aba-hongyuan,2020-06-01 00:00,10.2,9.37,2.4,0,低,低,中,tpdc,cmfd-v2,CMFD_V0200,false
gannan-luqu,CMFD_gannan-luqu,2020-06-01 00:00,9.2,7.73,2.5,0,低,低,中,tpdc,cmfd-v2,CMFD_V0200,false
naqu-bange,CMFD_naqu-bange,2020-07-01 00:00,8.2,3.81,2.0,0,低,低,中,tpdc,cmfd-v2,CMFD_V0200,false
naqu-seni,CMFD_naqu-seni,2020-07-01 00:00,10.6,3.72,2.2,0,低,低,中,tpdc,cmfd-v2,CMFD_V0200,false
naqu-nierong,CMFD_naqu-nierong,2020-07-01 00:00,9.5,4.43,2.7,0,低,低,中,tpdc,cmfd-v2,CMFD_V0200,false
naqu-anduo,CMFD_naqu-anduo,2020-07-01 00:00,9.4,4.24,2.6,0,低,低,中,tpdc,cmfd-v2,CMFD_V0200,false
naqu-shenzha,CMFD_naqu-shenzha,2020-07-01 00:00,9.5,2.2,3.2,0,低,低,中,tpdc,cmfd-v2,CMFD_V0200,false
changdu-karuo,CMFD_changdu-karuo,2020-07-01 00:00,16.2,4.0,1.5,0,低,低,中,tpdc,cmfd-v2,CMFD_V0200,false
changdu-luolong,CMFD_changdu-luolong,2020-07-01 00:00,15.3,2.44,2.7,0,低,低,中,tpdc,cmfd-v2,CMFD_V0200,false
changdu-leiwuqi,CMFD_changdu-leiwuqi,2020-07-01 00:00,11.7,4.91,0.9,0,低,低,中,tpdc,cmfd-v2,CMFD_V0200,false
changdu-jiangda,CMFD_changdu-jiangda,2020-07-01 00:00,5.8,7.35,1.8,0,低,低,中,tpdc,cmfd-v2,CMFD_V0200,false
rikaze-xietongmen,CMFD_rikaze-xietongmen,2020-07-01 00:00,14.6,3.44,2.1,0,低,低,中,tpdc,cmfd-v2,CMFD_V0200,false
rikaze-jiangzi,CMFD_rikaze-jiangzi,2020-07-01 00:00,14.5,4.09,1.9,0,低,低,中,tpdc,cmfd-v2,CMFD_V0200,false
rikaze-kangma,CMFD_rikaze-kangma,2020-07-01 00:00,8.7,3.51,3.0,0,低,低,中,tpdc,cmfd-v2,CMFD_V0200,false
rikaze-zhongba,CMFD_rikaze-zhongba,2020-07-01 00:00,10.8,0.0,4.2,0,低,低,中,tpdc,cmfd-v2,CMFD_V0200,false
shannan-cuona,CMFD_shannan-cuona,2020-07-01 00:00,8.1,2.5,2.1,0,低,低,中,tpdc,cmfd-v2,CMFD_V0200,false
ali-gaize,CMFD_ali-gaize,2020-07-01 00:00,13.8,0.72,3.2,0,低,低,中,tpdc,cmfd-v2,CMFD_V0200,false
yushu-chengduo,CMFD_yushu-chengduo,2020-07-01 00:00,11.4,3.31,1.6,0,低,低,中,tpdc,cmfd-v2,CMFD_V0200,false
yushu-zaduo,CMFD_yushu-zaduo,2020-07-01 00:00,11.3,6.09,1.8,0,低,低,中,tpdc,cmfd-v2,CMFD_V0200,false
guoluo-maqin,CMFD_guoluo-maqin,2020-07-01 00:00,11.1,3.06,1.7,0,低,低,中,tpdc,cmfd-v2,CMFD_V0200,false
guoluo-jiuzhi,CMFD_guoluo-jiuzhi,2020-07-01 00:00,10.0,4.47,1.6,0,低,低,中,tpdc,cmfd-v2,CMFD_V0200,false
haibei-gangcha,CMFD_haibei-gangcha,2020-07-01 00:00,10.8,2.12,2.6,0,低,低,中,tpdc,cmfd-v2,CMFD_V0200,false
huangnan-zeku,CMFD_huangnan-zeku,2020-07-01 00:00,10.3,2.27,2.6,0,低,低,中,tpdc,cmfd-v2,CMFD_V0200,false
ganzi-shiqu,CMFD_ganzi-shiqu,2020-07-01 00:00,9.9,5.11,2.1,0,低,低,中,tpdc,cmfd-v2,CMFD_V0200,false
ganzi-seda,CMFD_ganzi-seda,2020-07-01 00:00,11.0,5.35,2.0,0,低,低,中,tpdc,cmfd-v2,CMFD_V0200,false
aba-hongyuan,CMFD_aba-hongyuan,2020-07-01 00:00,11.2,2.95,2.1,0,低,低,中,tpdc,cmfd-v2,CMFD_V0200,false
gannan-luqu,CMFD_gannan-luqu,2020-07-01 00:00,10.9,4.01,2.0,0,低,低,中,tpdc,cmfd-v2,CMFD_V0200,false
naqu-bange,CMFD_naqu-bange,2020-08-01 00:00,7.8,0.0,2.8,0,低,低,中,tpdc,cmfd-v2,CMFD_V0200,false
naqu-seni,CMFD_naqu-seni,2020-08-01 00:00,10.7,1.7,1.9,0,低,低,中,tpdc,cmfd-v2,CMFD_V0200,false
naqu-nierong,CMFD_naqu-nierong,2020-08-01 00:00,10.0,2.91,2.4,0,低,低,中,tpdc,cmfd-v2,CMFD_V0200,false
naqu-anduo,CMFD_naqu-anduo,2020-08-01 00:00,9.9,1.14,2.5,0,低,低,中,tpdc,cmfd-v2,CMFD_V0200,false
naqu-shenzha,CMFD_naqu-shenzha,2020-08-01 00:00,9.3,0.0,3.2,0,低,低,中,tpdc,cmfd-v2,CMFD_V0200,false
changdu-karuo,CMFD_changdu-karuo,2020-08-01 00:00,16.2,5.78,1.4,0,低,低,中,tpdc,cmfd-v2,CMFD_V0200,false
changdu-luolong,CMFD_changdu-luolong,2020-08-01 00:00,14.7,4.77,2.4,0,低,低,中,tpdc,cmfd-v2,CMFD_V0200,false
changdu-leiwuqi,CMFD_changdu-leiwuqi,2020-08-01 00:00,11.4,5.74,1.0,0,低,低,中,tpdc,cmfd-v2,CMFD_V0200,false
changdu-jiangda,CMFD_changdu-jiangda,2020-08-01 00:00,5.8,7.9,2.1,0,低,低,中,tpdc,cmfd-v2,CMFD_V0200,false
rikaze-xietongmen,CMFD_rikaze-xietongmen,2020-08-01 00:00,14.5,0.0,2.2,0,低,低,中,tpdc,cmfd-v2,CMFD_V0200,false
rikaze-jiangzi,CMFD_rikaze-jiangzi,2020-08-01 00:00,13.5,0.0,1.8,0,低,低,中,tpdc,cmfd-v2,CMFD_V0200,false
rikaze-kangma,CMFD_rikaze-kangma,2020-08-01 00:00,7.9,0.0,2.7,0,低,低,中,tpdc,cmfd-v2,CMFD_V0200,false
rikaze-zhongba,CMFD_rikaze-zhongba,2020-08-01 00:00,11.0,0.0,3.7,0,低,低,中,tpdc,cmfd-v2,CMFD_V0200,false
shannan-cuona,CMFD_shannan-cuona,2020-08-01 00:00,8.2,2.34,1.9,0,低,低,中,tpdc,cmfd-v2,CMFD_V0200,false
ali-gaize,CMFD_ali-gaize,2020-08-01 00:00,12.9,0.0,3.1,0,低,低,中,tpdc,cmfd-v2,CMFD_V0200,false
yushu-chengduo,CMFD_yushu-chengduo,2020-08-01 00:00,10.5,6.5,1.5,0,低,低,中,tpdc,cmfd-v2,CMFD_V0200,false
yushu-zaduo,CMFD_yushu-zaduo,2020-08-01 00:00,10.8,6.59,2.0,0,低,低,中,tpdc,cmfd-v2,CMFD_V0200,false
guoluo-maqin,CMFD_guoluo-maqin,2020-08-01 00:00,10.5,6.74,1.1,0,低,低,中,tpdc,cmfd-v2,CMFD_V0200,false
guoluo-jiuzhi,CMFD_guoluo-jiuzhi,2020-08-01 00:00,9.8,6.01,1.7,0,低,低,中,tpdc,cmfd-v2,CMFD_V0200,false
haibei-gangcha,CMFD_haibei-gangcha,2020-08-01 00:00,10.6,5.48,2.8,0,低,低,中,tpdc,cmfd-v2,CMFD_V0200,false
huangnan-zeku,CMFD_huangnan-zeku,2020-08-01 00:00,9.8,5.36,2.5,0,低,低,中,tpdc,cmfd-v2,CMFD_V0200,false
ganzi-shiqu,CMFD_ganzi-shiqu,2020-08-01 00:00,9.3,5.78,2.0,0,低,低,中,tpdc,cmfd-v2,CMFD_V0200,false
ganzi-seda,CMFD_ganzi-seda,2020-08-01 00:00,10.7,5.5,2.0,0,低,低,中,tpdc,cmfd-v2,CMFD_V0200,false
aba-hongyuan,CMFD_aba-hongyuan,2020-08-01 00:00,10.8,7.01,2.1,0,低,低,中,tpdc,cmfd-v2,CMFD_V0200,false
gannan-luqu,CMFD_gannan-luqu,2020-08-01 00:00,10.7,7.46,2.3,0,低,低,中,tpdc,cmfd-v2,CMFD_V0200,false
naqu-bange,CMFD_naqu-bange,2020-09-01 00:00,6.7,0.0,3.1,0,低,低,中,tpdc,cmfd-v2,CMFD_V0200,false
naqu-seni,CMFD_naqu-seni,2020-09-01 00:00,9.4,0.48,2.1,0,低,低,中,tpdc,cmfd-v2,CMFD_V0200,false
naqu-nierong,CMFD_naqu-nierong,2020-09-01 00:00,7.7,1.59,2.3,0,低,低,中,tpdc,cmfd-v2,CMFD_V0200,false
naqu-anduo,CMFD_naqu-anduo,2020-09-01 00:00,7.9,0.38,2.6,0,低,低,中,tpdc,cmfd-v2,CMFD_V0200,false
naqu-shenzha,CMFD_naqu-shenzha,2020-09-01 00:00,8.4,0.0,3.3,0,低,低,中,tpdc,cmfd-v2,CMFD_V0200,false
changdu-karuo,CMFD_changdu-karuo,2020-09-01 00:00,14.6,3.38,1.6,0,低,低,中,tpdc,cmfd-v2,CMFD_V0200,false
changdu-luolong,CMFD_changdu-luolong,2020-09-01 00:00,12.8,2.87,2.4,0,低,低,中,tpdc,cmfd-v2,CMFD_V0200,false
changdu-leiwuqi,CMFD_changdu-leiwuqi,2020-09-01 00:00,9.8,3.08,1.2,0,低,低,中,tpdc,cmfd-v2,CMFD_V0200,false
changdu-jiangda,CMFD_changdu-jiangda,2020-09-01 00:00,4.2,3.96,2.0,0,低,低,中,tpdc,cmfd-v2,CMFD_V0200,false
rikaze-xietongmen,CMFD_rikaze-xietongmen,2020-09-01 00:00,14.5,0.0,2.1,0,低,低,中,tpdc,cmfd-v2,CMFD_V0200,false
rikaze-jiangzi,CMFD_rikaze-jiangzi,2020-09-01 00:00,13.8,0.0,1.8,0,低,低,中,tpdc,cmfd-v2,CMFD_V0200,false
rikaze-kangma,CMFD_rikaze-kangma,2020-09-01 00:00,8.0,0.0,2.7,0,低,低,中,tpdc,cmfd-v2,CMFD_V0200,false
rikaze-zhongba,CMFD_rikaze-zhongba,2020-09-01 00:00,7.9,0.0,3.4,0,低,低,中,tpdc,cmfd-v2,CMFD_V0200,false
shannan-cuona,CMFD_shannan-cuona,2020-09-01 00:00,7.1,1.97,2.4,0,低,低,中,tpdc,cmfd-v2,CMFD_V0200,false
ali-gaize,CMFD_ali-gaize,2020-09-01 00:00,11.0,0.0,2.9,0,低,低,中,tpdc,cmfd-v2,CMFD_V0200,false
yushu-chengduo,CMFD_yushu-chengduo,2020-09-01 00:00,8.7,4.13,1.4,0,低,低,中,tpdc,cmfd-v2,CMFD_V0200,false
yushu-zaduo,CMFD_yushu-zaduo,2020-09-01 00:00,9.2,3.35,1.8,0,低,低,中,tpdc,cmfd-v2,CMFD_V0200,false
guoluo-maqin,CMFD_guoluo-maqin,2020-09-01 00:00,8.7,2.49,1.4,0,低,低,中,tpdc,cmfd-v2,CMFD_V0200,false
guoluo-jiuzhi,CMFD_guoluo-jiuzhi,2020-09-01 00:00,7.9,4.37,1.6,0,低,低,中,tpdc,cmfd-v2,CMFD_V0200,false
haibei-gangcha,CMFD_haibei-gangcha,2020-09-01 00:00,7.2,0.75,2.6,0,低,低,中,tpdc,cmfd-v2,CMFD_V0200,false
huangnan-zeku,CMFD_huangnan-zeku,2020-09-01 00:00,7.3,2.0,2.3,0,低,低,中,tpdc,cmfd-v2,CMFD_V0200,false
ganzi-shiqu,CMFD_ganzi-shiqu,2020-09-01 00:00,7.9,3.62,1.9,0,低,低,中,tpdc,cmfd-v2,CMFD_V0200,false
ganzi-seda,CMFD_ganzi-seda,2020-09-01 00:00,8.3,4.82,1.7,0,低,低,中,tpdc,cmfd-v2,CMFD_V0200,false
aba-hongyuan,CMFD_aba-hongyuan,2020-09-01 00:00,8.5,5.25,2.1,0,低,低,中,tpdc,cmfd-v2,CMFD_V0200,false
gannan-luqu,CMFD_gannan-luqu,2020-09-01 00:00,8.2,3.52,2.3,0,低,低,中,tpdc,cmfd-v2,CMFD_V0200,false
naqu-bange,CMFD_naqu-bange,2020-10-01 00:00,1.4,0.0,3.4,0,低,低,中,tpdc,cmfd-v2,CMFD_V0200,false
naqu-seni,CMFD_naqu-seni,2020-10-01 00:00,4.6,0.0,2.6,0,低,低,中,tpdc,cmfd-v2,CMFD_V0200,false
naqu-nierong,CMFD_naqu-nierong,2020-10-01 00:00,2.9,0.0,3.2,0,低,低,中,tpdc,cmfd-v2,CMFD_V0200,false
naqu-anduo,CMFD_naqu-anduo,2020-10-01 00:00,2.7,0.0,3.4,0,低,低,中,tpdc,cmfd-v2,CMFD_V0200,false
naqu-shenzha,CMFD_naqu-shenzha,2020-10-01 00:00,3.0,0.0,3.3,0,低,低,中,tpdc,cmfd-v2,CMFD_V0200,false
changdu-karuo,CMFD_changdu-karuo,2020-10-01 00:00,11.5,0.0,1.6,0,低,低,中,tpdc,cmfd-v2,CMFD_V0200,false
changdu-luolong,CMFD_changdu-luolong,2020-10-01 00:00,9.0,0.0,2.8,0,低,低,中,tpdc,cmfd-v2,CMFD_V0200,false
changdu-leiwuqi,CMFD_changdu-leiwuqi,2020-10-01 00:00,6.3,0.0,1.2,0,低,低,中,tpdc,cmfd-v2,CMFD_V0200,false
changdu-jiangda,CMFD_changdu-jiangda,2020-10-01 00:00,0.7,0.0,2.2,0,低,低,中,tpdc,cmfd-v2,CMFD_V0200,false
rikaze-xietongmen,CMFD_rikaze-xietongmen,2020-10-01 00:00,10.8,0.0,2.1,0,低,低,中,tpdc,cmfd-v2,CMFD_V0200,false
rikaze-jiangzi,CMFD_rikaze-jiangzi,2020-10-01 00:00,10.5,0.02,2.1,0,低,低,中,tpdc,cmfd-v2,CMFD_V0200,false
rikaze-kangma,CMFD_rikaze-kangma,2020-10-01 00:00,4.8,0.07,3.1,0,低,低,中,tpdc,cmfd-v2,CMFD_V0200,false
rikaze-zhongba,CMFD_rikaze-zhongba,2020-10-01 00:00,3.0,0.0,3.5,0,低,低,中,tpdc,cmfd-v2,CMFD_V0200,false
shannan-cuona,CMFD_shannan-cuona,2020-10-01 00:00,3.6,0.65,2.8,0,低,低,中,tpdc,cmfd-v2,CMFD_V0200,false
ali-gaize,CMFD_ali-gaize,2020-10-01 00:00,2.7,0.0,3.2,0,低,低,中,tpdc,cmfd-v2,CMFD_V0200,false
yushu-chengduo,CMFD_yushu-chengduo,2020-10-01 00:00,3.5,0.0,1.5,0,低,低,中,tpdc,cmfd-v2,CMFD_V0200,false
yushu-zaduo,CMFD_yushu-zaduo,2020-10-01 00:00,5.0,0.0,2.0,0,低,低,中,tpdc,cmfd-v2,CMFD_V0200,false
guoluo-maqin,CMFD_guoluo-maqin,2020-10-01 00:00,3.8,0.0,1.6,0,低,低,中,tpdc,cmfd-v2,CMFD_V0200,false
guoluo-jiuzhi,CMFD_guoluo-jiuzhi,2020-10-01 00:00,2.8,0.27,1.9,0,低,低,中,tpdc,cmfd-v2,CMFD_V0200,false
haibei-gangcha,CMFD_haibei-gangcha,2020-10-01 00:00,0.8,0.0,2.7,0,低,低,中,tpdc,cmfd-v2,CMFD_V0200,false
huangnan-zeku,CMFD_huangnan-zeku,2020-10-01 00:00,1.0,0.0,2.6,0,低,低,中,tpdc,cmfd-v2,CMFD_V0200,false
ganzi-shiqu,CMFD_ganzi-shiqu,2020-10-01 00:00,3.7,0.08,2.3,0,低,低,中,tpdc,cmfd-v2,CMFD_V0200,false
ganzi-seda,CMFD_ganzi-seda,2020-10-01 00:00,4.9,0.0,2.0,0,低,低,中,tpdc,cmfd-v2,CMFD_V0200,false
aba-hongyuan,CMFD_aba-hongyuan,2020-10-01 00:00,4.4,0.06,2.6,0,低,低,中,tpdc,cmfd-v2,CMFD_V0200,false
gannan-luqu,CMFD_gannan-luqu,2020-10-01 00:00,1.7,0.92,2.6,0,低,低,中,tpdc,cmfd-v2,CMFD_V0200,false
naqu-bange,CMFD_naqu-bange,2020-11-01 00:00,-8.2,0.32,3.6,0,中,低,中,tpdc,cmfd-v2,CMFD_V0200,false
naqu-seni,CMFD_naqu-seni,2020-11-01 00:00,-4.9,0.51,2.4,0,中,低,中,tpdc,cmfd-v2,CMFD_V0200,false
naqu-nierong,CMFD_naqu-nierong,2020-11-01 00:00,-5.1,0.6,3.1,0,中,低,中,tpdc,cmfd-v2,CMFD_V0200,false
naqu-anduo,CMFD_naqu-anduo,2020-11-01 00:00,-7.2,0.35,3.2,0,中,低,中,tpdc,cmfd-v2,CMFD_V0200,false
naqu-shenzha,CMFD_naqu-shenzha,2020-11-01 00:00,-5.4,0.31,4.0,0,中,低,中,tpdc,cmfd-v2,CMFD_V0200,false
changdu-karuo,CMFD_changdu-karuo,2020-11-01 00:00,3.7,0.57,1.6,0,低,低,中,tpdc,cmfd-v2,CMFD_V0200,false
changdu-luolong,CMFD_changdu-luolong,2020-11-01 00:00,0.6,0.57,2.3,0,低,低,中,tpdc,cmfd-v2,CMFD_V0200,false
changdu-leiwuqi,CMFD_changdu-leiwuqi,2020-11-01 00:00,-2.1,0.54,1.3,0,中,低,中,tpdc,cmfd-v2,CMFD_V0200,false
changdu-jiangda,CMFD_changdu-jiangda,2020-11-01 00:00,-5.9,0.57,2.3,0,中,低,中,tpdc,cmfd-v2,CMFD_V0200,false
rikaze-xietongmen,CMFD_rikaze-xietongmen,2020-11-01 00:00,2.1,0.29,2.5,0,低,低,中,tpdc,cmfd-v2,CMFD_V0200,false
rikaze-jiangzi,CMFD_rikaze-jiangzi,2020-11-01 00:00,2.3,0.28,2.0,0,低,低,中,tpdc,cmfd-v2,CMFD_V0200,false
rikaze-kangma,CMFD_rikaze-kangma,2020-11-01 00:00,-3.7,0.28,2.8,0,中,低,中,tpdc,cmfd-v2,CMFD_V0200,false
rikaze-zhongba,CMFD_rikaze-zhongba,2020-11-01 00:00,-3.8,0.3,3.7,0,中,低,中,tpdc,cmfd-v2,CMFD_V0200,false
shannan-cuona,CMFD_shannan-cuona,2020-11-01 00:00,-5.0,0.39,2.0,0,中,低,中,tpdc,cmfd-v2,CMFD_V0200,false
ali-gaize,CMFD_ali-gaize,2020-11-01 00:00,-6.0,0.29,3.0,0,中,低,中,tpdc,cmfd-v2,CMFD_V0200,false
yushu-chengduo,CMFD_yushu-chengduo,2020-11-01 00:00,-2.1,1.1,1.2,0,中,低,中,tpdc,cmfd-v2,CMFD_V0200,false
yushu-zaduo,CMFD_yushu-zaduo,2020-11-01 00:00,-2.5,0.54,2.0,0,中,低,中,tpdc,cmfd-v2,CMFD_V0200,false
guoluo-maqin,CMFD_guoluo-maqin,2020-11-01 00:00,-2.5,0.58,1.5,0,中,低,中,tpdc,cmfd-v2,CMFD_V0200,false
guoluo-jiuzhi,CMFD_guoluo-jiuzhi,2020-11-01 00:00,-3.1,0.95,1.6,0,中,低,中,tpdc,cmfd-v2,CMFD_V0200,false
haibei-gangcha,CMFD_haibei-gangcha,2020-11-01 00:00,-4.4,0.4,2.3,0,中,低,中,tpdc,cmfd-v2,CMFD_V0200,false
huangnan-zeku,CMFD_huangnan-zeku,2020-11-01 00:00,-4.4,0.54,2.0,0,中,低,中,tpdc,cmfd-v2,CMFD_V0200,false
ganzi-shiqu,CMFD_ganzi-shiqu,2020-11-01 00:00,-3.5,0.58,2.0,0,中,低,中,tpdc,cmfd-v2,CMFD_V0200,false
ganzi-seda,CMFD_ganzi-seda,2020-11-01 00:00,-2.3,0.57,2.1,0,中,低,中,tpdc,cmfd-v2,CMFD_V0200,false
aba-hongyuan,CMFD_aba-hongyuan,2020-11-01 00:00,-1.4,0.94,2.1,0,中,低,中,tpdc,cmfd-v2,CMFD_V0200,false
gannan-luqu,CMFD_gannan-luqu,2020-11-01 00:00,-2.6,0.75,2.3,0,中,低,中,tpdc,cmfd-v2,CMFD_V0200,false
naqu-bange,CMFD_naqu-bange,2020-12-01 00:00,-11.3,0.52,5.0,0,高,低,中,tpdc,cmfd-v2,CMFD_V0200,false
naqu-seni,CMFD_naqu-seni,2020-12-01 00:00,-9.1,0.53,2.7,0,中,低,中,tpdc,cmfd-v2,CMFD_V0200,false
naqu-nierong,CMFD_naqu-nierong,2020-12-01 00:00,-9.4,0.52,4.1,0,中,低,中,tpdc,cmfd-v2,CMFD_V0200,false
naqu-anduo,CMFD_naqu-anduo,2020-12-01 00:00,-12.2,0.51,3.9,0,高,低,中,tpdc,cmfd-v2,CMFD_V0200,false
naqu-shenzha,CMFD_naqu-shenzha,2020-12-01 00:00,-7.0,0.51,5.9,0,中,低,中,tpdc,cmfd-v2,CMFD_V0200,false
changdu-karuo,CMFD_changdu-karuo,2020-12-01 00:00,0.4,0.5,1.5,0,低,低,中,tpdc,cmfd-v2,CMFD_V0200,false
changdu-luolong,CMFD_changdu-luolong,2020-12-01 00:00,-2.9,0.56,2.0,0,中,低,中,tpdc,cmfd-v2,CMFD_V0200,false
changdu-leiwuqi,CMFD_changdu-leiwuqi,2020-12-01 00:00,-5.2,0.54,1.2,0,中,低,中,tpdc,cmfd-v2,CMFD_V0200,false
changdu-jiangda,CMFD_changdu-jiangda,2020-12-01 00:00,-7.4,0.52,2.5,0,中,低,中,tpdc,cmfd-v2,CMFD_V0200,false
rikaze-xietongmen,CMFD_rikaze-xietongmen,2020-12-01 00:00,0.4,0.49,2.5,0,低,低,中,tpdc,cmfd-v2,CMFD_V0200,false
rikaze-jiangzi,CMFD_rikaze-jiangzi,2020-12-01 00:00,-0.3,0.49,2.0,0,中,低,中,tpdc,cmfd-v2,CMFD_V0200,false
rikaze-kangma,CMFD_rikaze-kangma,2020-12-01 00:00,-6.1,0.48,2.7,0,中,低,中,tpdc,cmfd-v2,CMFD_V0200,false
rikaze-zhongba,CMFD_rikaze-zhongba,2020-12-01 00:00,-6.7,0.53,4.1,0,中,低,中,tpdc,cmfd-v2,CMFD_V0200,false
shannan-cuona,CMFD_shannan-cuona,2020-12-01 00:00,-8.5,0.55,1.4,0,中,低,中,tpdc,cmfd-v2,CMFD_V0200,false
ali-gaize,CMFD_ali-gaize,2020-12-01 00:00,-8.3,0.49,3.5,0,中,低,中,tpdc,cmfd-v2,CMFD_V0200,false
yushu-chengduo,CMFD_yushu-chengduo,2020-12-01 00:00,-8.1,0.68,1.4,0,中,低,中,tpdc,cmfd-v2,CMFD_V0200,false
yushu-zaduo,CMFD_yushu-zaduo,2020-12-01 00:00,-7.0,0.56,2.2,0,中,低,中,tpdc,cmfd-v2,CMFD_V0200,false
guoluo-maqin,CMFD_guoluo-maqin,2020-12-01 00:00,-8.4,0.51,1.7,0,中,低,中,tpdc,cmfd-v2,CMFD_V0200,false
guoluo-jiuzhi,CMFD_guoluo-jiuzhi,2020-12-01 00:00,-8.5,0.67,1.6,0,中,低,中,tpdc,cmfd-v2,CMFD_V0200,false
haibei-gangcha,CMFD_haibei-gangcha,2020-12-01 00:00,-11.3,0.51,2.9,0,高,低,中,tpdc,cmfd-v2,CMFD_V0200,false
huangnan-zeku,CMFD_huangnan-zeku,2020-12-01 00:00,-10.7,0.55,2.2,0,高,低,中,tpdc,cmfd-v2,CMFD_V0200,false
ganzi-shiqu,CMFD_ganzi-shiqu,2020-12-01 00:00,-7.7,0.83,2.6,0,中,低,中,tpdc,cmfd-v2,CMFD_V0200,false
ganzi-seda,CMFD_ganzi-seda,2020-12-01 00:00,-7.7,0.72,2.2,0,中,低,中,tpdc,cmfd-v2,CMFD_V0200,false
aba-hongyuan,CMFD_aba-hongyuan,2020-12-01 00:00,-6.9,0.84,2.1,0,中,低,中,tpdc,cmfd-v2,CMFD_V0200,false
gannan-luqu,CMFD_gannan-luqu,2020-12-01 00:00,-8.5,0.55,2.5,0,中,低,中,tpdc,cmfd-v2,CMFD_V0200,false
naqu-bange,CMFD_naqu-bange,2021-01-01 00:00,-13.1,0.01,3.5,0,高,低,中,tpdc,cmfd-v2,CMFD_V0200,false
naqu-seni,CMFD_naqu-seni,2021-01-01 00:00,-9.4,0.03,2.5,0,中,低,中,tpdc,cmfd-v2,CMFD_V0200,false
naqu-nierong,CMFD_naqu-nierong,2021-01-01 00:00,-10.6,0.02,3.5,0,高,低,中,tpdc,cmfd-v2,CMFD_V0200,false
naqu-anduo,CMFD_naqu-anduo,2021-01-01 00:00,-13.5,0.0,3.2,0,高,低,中,tpdc,cmfd-v2,CMFD_V0200,false
naqu-shenzha,CMFD_naqu-shenzha,2021-01-01 00:00,-8.4,0.0,3.3,0,中,低,中,tpdc,cmfd-v2,CMFD_V0200,false
changdu-karuo,CMFD_changdu-karuo,2021-01-01 00:00,0.0,0.0,1.6,0,低,低,中,tpdc,cmfd-v2,CMFD_V0200,false
changdu-luolong,CMFD_changdu-luolong,2021-01-01 00:00,-2.9,0.0,2.1,0,中,低,中,tpdc,cmfd-v2,CMFD_V0200,false
changdu-leiwuqi,CMFD_changdu-leiwuqi,2021-01-01 00:00,-5.9,0.02,1.2,0,中,低,中,tpdc,cmfd-v2,CMFD_V0200,false
changdu-jiangda,CMFD_changdu-jiangda,2021-01-01 00:00,-8.5,0.0,2.8,0,中,低,中,tpdc,cmfd-v2,CMFD_V0200,false
rikaze-xietongmen,CMFD_rikaze-xietongmen,2021-01-01 00:00,1.3,0.0,2.1,0,低,低,中,tpdc,cmfd-v2,CMFD_V0200,false
rikaze-jiangzi,CMFD_rikaze-jiangzi,2021-01-01 00:00,0.0,0.0,2.1,0,低,低,中,tpdc,cmfd-v2,CMFD_V0200,false
rikaze-kangma,CMFD_rikaze-kangma,2021-01-01 00:00,-5.7,0.0,2.0,0,中,低,中,tpdc,cmfd-v2,CMFD_V0200,false
rikaze-zhongba,CMFD_rikaze-zhongba,2021-01-01 00:00,-5.6,0.0,4.3,0,中,低,中,tpdc,cmfd-v2,CMFD_V0200,false
shannan-cuona,CMFD_shannan-cuona,2021-01-01 00:00,-8.4,0.14,1.7,0,中,低,中,tpdc,cmfd-v2,CMFD_V0200,false
ali-gaize,CMFD_ali-gaize,2021-01-01 00:00,-9.0,0.0,3.1,0,中,低,中,tpdc,cmfd-v2,CMFD_V0200,false
yushu-chengduo,CMFD_yushu-chengduo,2021-01-01 00:00,-10.0,0.19,1.6,0,中,低,中,tpdc,cmfd-v2,CMFD_V0200,false
yushu-zaduo,CMFD_yushu-zaduo,2021-01-01 00:00,-7.8,0.28,2.5,0,中,低,中,tpdc,cmfd-v2,CMFD_V0200,false
guoluo-maqin,CMFD_guoluo-maqin,2021-01-01 00:00,-9.2,0.0,2.0,0,中,低,中,tpdc,cmfd-v2,CMFD_V0200,false
guoluo-jiuzhi,CMFD_guoluo-jiuzhi,2021-01-01 00:00,-8.5,0.31,1.8,0,中,低,中,tpdc,cmfd-v2,CMFD_V0200,false
haibei-gangcha,CMFD_haibei-gangcha,2021-01-01 00:00,-12.9,0.01,5.0,0,高,低,中,tpdc,cmfd-v2,CMFD_V0200,false
huangnan-zeku,CMFD_huangnan-zeku,2021-01-01 00:00,-11.5,0.0,3.0,0,高,低,中,tpdc,cmfd-v2,CMFD_V0200,false
ganzi-shiqu,CMFD_ganzi-shiqu,2021-01-01 00:00,-9.6,0.11,2.7,0,中,低,中,tpdc,cmfd-v2,CMFD_V0200,false
ganzi-seda,CMFD_ganzi-seda,2021-01-01 00:00,-7.6,0.11,2.5,0,中,低,中,tpdc,cmfd-v2,CMFD_V0200,false
aba-hongyuan,CMFD_aba-hongyuan,2021-01-01 00:00,-7.5,0.31,2.3,0,中,低,中,tpdc,cmfd-v2,CMFD_V0200,false
gannan-luqu,CMFD_gannan-luqu,2021-01-01 00:00,-9.2,0.07,2.7,0,中,低,中,tpdc,cmfd-v2,CMFD_V0200,false
naqu-bange,CMFD_naqu-bange,2021-02-01 00:00,-10.1,0.07,3.1,0,高,低,中,tpdc,cmfd-v2,CMFD_V0200,false
naqu-seni,CMFD_naqu-seni,2021-02-01 00:00,-8.1,0.18,2.3,0,中,低,中,tpdc,cmfd-v2,CMFD_V0200,false
naqu-nierong,CMFD_naqu-nierong,2021-02-01 00:00,-10.6,0.21,3.0,0,高,低,中,tpdc,cmfd-v2,CMFD_V0200,false
naqu-anduo,CMFD_naqu-anduo,2021-02-01 00:00,-12.4,0.06,2.9,0,高,低,中,tpdc,cmfd-v2,CMFD_V0200,false
naqu-shenzha,CMFD_naqu-shenzha,2021-02-01 00:00,-8.6,0.0,3.1,0,中,低,中,tpdc,cmfd-v2,CMFD_V0200,false
changdu-karuo,CMFD_changdu-karuo,2021-02-01 00:00,1.5,0.0,1.5,0,低,低,中,tpdc,cmfd-v2,CMFD_V0200,false
changdu-luolong,CMFD_changdu-luolong,2021-02-01 00:00,-1.6,0.0,2.3,0,中,低,中,tpdc,cmfd-v2,CMFD_V0200,false
changdu-leiwuqi,CMFD_changdu-leiwuqi,2021-02-01 00:00,-4.7,0.05,1.3,0,中,低,中,tpdc,cmfd-v2,CMFD_V0200,false
changdu-jiangda,CMFD_changdu-jiangda,2021-02-01 00:00,-7.4,0.09,2.5,0,中,低,中,tpdc,cmfd-v2,CMFD_V0200,false
rikaze-xietongmen,CMFD_rikaze-xietongmen,2021-02-01 00:00,0.3,0.0,2.3,0,低,低,中,tpdc,cmfd-v2,CMFD_V0200,false
rikaze-jiangzi,CMFD_rikaze-jiangzi,2021-02-01 00:00,0.1,0.0,2.2,0,低,低,中,tpdc,cmfd-v2,CMFD_V0200,false
rikaze-kangma,CMFD_rikaze-kangma,2021-02-01 00:00,-6.9,0.0,2.1,0,中,低,中,tpdc,cmfd-v2,CMFD_V0200,false
rikaze-zhongba,CMFD_rikaze-zhongba,2021-02-01 00:00,-4.2,0.0,3.9,0,中,低,中,tpdc,cmfd-v2,CMFD_V0200,false
shannan-cuona,CMFD_shannan-cuona,2021-02-01 00:00,-10.1,0.26,2.0,0,高,低,中,tpdc,cmfd-v2,CMFD_V0200,false
ali-gaize,CMFD_ali-gaize,2021-02-01 00:00,-7.1,0.0,3.0,0,中,低,中,tpdc,cmfd-v2,CMFD_V0200,false
yushu-chengduo,CMFD_yushu-chengduo,2021-02-01 00:00,-7.8,0.23,1.5,0,中,低,中,tpdc,cmfd-v2,CMFD_V0200,false
yushu-zaduo,CMFD_yushu-zaduo,2021-02-01 00:00,-6.4,0.3,2.1,0,中,低,中,tpdc,cmfd-v2,CMFD_V0200,false
guoluo-maqin,CMFD_guoluo-maqin,2021-02-01 00:00,-6.5,0.13,1.7,0,中,低,中,tpdc,cmfd-v2,CMFD_V0200,false
guoluo-jiuzhi,CMFD_guoluo-jiuzhi,2021-02-01 00:00,-6.4,0.31,1.9,0,中,低,中,tpdc,cmfd-v2,CMFD_V0200,false
haibei-gangcha,CMFD_haibei-gangcha,2021-02-01 00:00,-7.3,0.16,4.1,0,中,低,中,tpdc,cmfd-v2,CMFD_V0200,false
huangnan-zeku,CMFD_huangnan-zeku,2021-02-01 00:00,-8.1,0.28,2.6,0,中,低,中,tpdc,cmfd-v2,CMFD_V0200,false
ganzi-shiqu,CMFD_ganzi-shiqu,2021-02-01 00:00,-7.2,0.11,2.4,0,中,低,中,tpdc,cmfd-v2,CMFD_V0200,false
ganzi-seda,CMFD_ganzi-seda,2021-02-01 00:00,-5.7,0.2,2.3,0,中,低,中,tpdc,cmfd-v2,CMFD_V0200,false
aba-hongyuan,CMFD_aba-hongyuan,2021-02-01 00:00,-5.0,0.43,2.1,0,中,低,中,tpdc,cmfd-v2,CMFD_V0200,false
gannan-luqu,CMFD_gannan-luqu,2021-02-01 00:00,-5.9,0.36,2.7,0,中,低,中,tpdc,cmfd-v2,CMFD_V0200,false
naqu-bange,CMFD_naqu-bange,2021-03-01 00:00,-4.5,0.05,3.7,0,中,低,中,tpdc,cmfd-v2,CMFD_V0200,false
naqu-seni,CMFD_naqu-seni,2021-03-01 00:00,-2.9,0.29,2.6,0,中,低,中,tpdc,cmfd-v2,CMFD_V0200,false
naqu-nierong,CMFD_naqu-nierong,2021-03-01 00:00,-4.2,0.42,2.9,0,中,低,中,tpdc,cmfd-v2,CMFD_V0200,false
naqu-anduo,CMFD_naqu-anduo,2021-03-01 00:00,-6.1,0.08,3.2,0,中,低,中,tpdc,cmfd-v2,CMFD_V0200,false
naqu-shenzha,CMFD_naqu-shenzha,2021-03-01 00:00,-3.8,0.01,3.5,0,中,低,中,tpdc,cmfd-v2,CMFD_V0200,false
changdu-karuo,CMFD_changdu-karuo,2021-03-01 00:00,5.8,0.05,2.0,0,低,低,中,tpdc,cmfd-v2,CMFD_V0200,false
changdu-luolong,CMFD_changdu-luolong,2021-03-01 00:00,2.6,0.32,2.9,0,低,低,中,tpdc,cmfd-v2,CMFD_V0200,false
changdu-leiwuqi,CMFD_changdu-leiwuqi,2021-03-01 00:00,0.0,0.48,1.6,0,低,低,中,tpdc,cmfd-v2,CMFD_V0200,false
changdu-jiangda,CMFD_changdu-jiangda,2021-03-01 00:00,-3.7,0.38,2.8,0,中,低,中,tpdc,cmfd-v2,CMFD_V0200,false
rikaze-xietongmen,CMFD_rikaze-xietongmen,2021-03-01 00:00,5.1,0.0,2.9,0,低,低,中,tpdc,cmfd-v2,CMFD_V0200,false
rikaze-jiangzi,CMFD_rikaze-jiangzi,2021-03-01 00:00,4.6,0.0,2.6,0,低,低,中,tpdc,cmfd-v2,CMFD_V0200,false
rikaze-kangma,CMFD_rikaze-kangma,2021-03-01 00:00,-2.5,0.0,2.8,0,中,低,中,tpdc,cmfd-v2,CMFD_V0200,false
rikaze-zhongba,CMFD_rikaze-zhongba,2021-03-01 00:00,-0.5,0.0,3.9,0,中,低,中,tpdc,cmfd-v2,CMFD_V0200,false
shannan-cuona,CMFD_shannan-cuona,2021-03-01 00:00,-6.7,1.6,2.0,0,中,低,中,tpdc,cmfd-v2,CMFD_V0200,false
ali-gaize,CMFD_ali-gaize,2021-03-01 00:00,-3.4,0.0,3.4,0,中,低,中,tpdc,cmfd-v2,CMFD_V0200,false
yushu-chengduo,CMFD_yushu-chengduo,2021-03-01 00:00,-1.6,0.31,1.9,0,中,低,中,tpdc,cmfd-v2,CMFD_V0200,false
yushu-zaduo,CMFD_yushu-zaduo,2021-03-01 00:00,-2.0,0.4,2.0,0,中,低,中,tpdc,cmfd-v2,CMFD_V0200,false
guoluo-maqin,CMFD_guoluo-maqin,2021-03-01 00:00,-1.2,0.48,1.8,0,中,低,中,tpdc,cmfd-v2,CMFD_V0200,false
guoluo-jiuzhi,CMFD_guoluo-jiuzhi,2021-03-01 00:00,-1.8,1.38,1.9,0,中,低,中,tpdc,cmfd-v2,CMFD_V0200,false
haibei-gangcha,CMFD_haibei-gangcha,2021-03-01 00:00,-2.3,0.22,4.4,0,中,低,中,tpdc,cmfd-v2,CMFD_V0200,false
huangnan-zeku,CMFD_huangnan-zeku,2021-03-01 00:00,-2.5,0.84,2.5,0,中,低,中,tpdc,cmfd-v2,CMFD_V0200,false
ganzi-shiqu,CMFD_ganzi-shiqu,2021-03-01 00:00,-2.6,0.51,2.5,0,中,低,中,tpdc,cmfd-v2,CMFD_V0200,false
ganzi-seda,CMFD_ganzi-seda,2021-03-01 00:00,-1.3,0.56,2.5,0,中,低,中,tpdc,cmfd-v2,CMFD_V0200,false
aba-hongyuan,CMFD_aba-hongyuan,2021-03-01 00:00,-0.1,1.36,2.5,0,中,低,中,tpdc,cmfd-v2,CMFD_V0200,false
gannan-luqu,CMFD_gannan-luqu,2021-03-01 00:00,-1.0,1.35,2.6,0,中,低,中,tpdc,cmfd-v2,CMFD_V0200,false
naqu-bange,CMFD_naqu-bange,2021-04-01 00:00,-2.5,0.42,4.1,0,中,低,中,tpdc,cmfd-v2,CMFD_V0200,false
naqu-seni,CMFD_naqu-seni,2021-04-01 00:00,-0.5,0.62,2.9,0,中,低,中,tpdc,cmfd-v2,CMFD_V0200,false
naqu-nierong,CMFD_naqu-nierong,2021-04-01 00:00,-8.1,1.14,1.9,0,中,低,中,tpdc,cmfd-v2,CMFD_V0200,false
naqu-anduo,CMFD_naqu-anduo,2021-04-01 00:00,-6.9,0.84,2.7,0,中,低,中,tpdc,cmfd-v2,CMFD_V0200,false
naqu-shenzha,CMFD_naqu-shenzha,2021-04-01 00:00,-1.6,0.23,3.7,0,中,低,中,tpdc,cmfd-v2,CMFD_V0200,false
changdu-karuo,CMFD_changdu-karuo,2021-04-01 00:00,8.3,0.1,2.2,0,低,低,中,tpdc,cmfd-v2,CMFD_V0200,false
changdu-luolong,CMFD_changdu-luolong,2021-04-01 00:00,4.1,0.85,3.1,0,低,低,中,tpdc,cmfd-v2,CMFD_V0200,false
changdu-leiwuqi,CMFD_changdu-leiwuqi,2021-04-01 00:00,2.4,0.42,1.8,0,低,低,中,tpdc,cmfd-v2,CMFD_V0200,false
changdu-jiangda,CMFD_changdu-jiangda,2021-04-01 00:00,-1.0,0.46,2.9,0,中,低,中,tpdc,cmfd-v2,CMFD_V0200,false
rikaze-xietongmen,CMFD_rikaze-xietongmen,2021-04-01 00:00,6.4,0.0,3.0,0,低,低,中,tpdc,cmfd-v2,CMFD_V0200,false
rikaze-jiangzi,CMFD_rikaze-jiangzi,2021-04-01 00:00,5.9,0.0,2.9,0,低,低,中,tpdc,cmfd-v2,CMFD_V0200,false
rikaze-kangma,CMFD_rikaze-kangma,2021-04-01 00:00,-1.2,0.0,3.1,0,中,低,中,tpdc,cmfd-v2,CMFD_V0200,false
rikaze-zhongba,CMFD_rikaze-zhongba,2021-04-01 00:00,0.3,0.23,4.1,0,低,低,中,tpdc,cmfd-v2,CMFD_V0200,false
shannan-cuona,CMFD_shannan-cuona,2021-04-01 00:00,-4.9,1.05,2.0,0,中,低,中,tpdc,cmfd-v2,CMFD_V0200,false
ali-gaize,CMFD_ali-gaize,2021-04-01 00:00,-0.9,0.26,3.8,0,中,低,中,tpdc,cmfd-v2,CMFD_V0200,false
yushu-chengduo,CMFD_yushu-chengduo,2021-04-01 00:00,2.7,0.69,2.2,0,低,低,中,tpdc,cmfd-v2,CMFD_V0200,false
yushu-zaduo,CMFD_yushu-zaduo,2021-04-01 00:00,0.6,0.77,2.5,0,低,低,中,tpdc,cmfd-v2,CMFD_V0200,false
guoluo-maqin,CMFD_guoluo-maqin,2021-04-01 00:00,1.7,1.04,2.1,0,低,低,中,tpdc,cmfd-v2,CMFD_V0200,false
guoluo-jiuzhi,CMFD_guoluo-jiuzhi,2021-04-01 00:00,1.3,1.34,2.1,0,低,低,中,tpdc,cmfd-v2,CMFD_V0200,false
haibei-gangcha,CMFD_haibei-gangcha,2021-04-01 00:00,-0.0,1.45,5.2,0,低,低,中,tpdc,cmfd-v2,CMFD_V0200,false
huangnan-zeku,CMFD_huangnan-zeku,2021-04-01 00:00,-0.1,1.19,3.1,0,中,低,中,tpdc,cmfd-v2,CMFD_V0200,false
ganzi-shiqu,CMFD_ganzi-shiqu,2021-04-01 00:00,-0.2,0.57,2.6,0,中,低,中,tpdc,cmfd-v2,CMFD_V0200,false
ganzi-seda,CMFD_ganzi-seda,2021-04-01 00:00,1.9,0.7,2.7,0,低,低,中,tpdc,cmfd-v2,CMFD_V0200,false
aba-hongyuan,CMFD_aba-hongyuan,2021-04-01 00:00,2.5,2.0,2.6,0,低,低,中,tpdc,cmfd-v2,CMFD_V0200,false
gannan-luqu,CMFD_gannan-luqu,2021-04-01 00:00,1.3,2.17,3.2,0,低,低,中,tpdc,cmfd-v2,CMFD_V0200,false
naqu-bange,CMFD_naqu-bange,2021-05-01 00:00,2.2,2.96,3.6,0,低,低,中,tpdc,cmfd-v2,CMFD_V0200,false
naqu-seni,CMFD_naqu-seni,2021-05-01 00:00,4.9,2.62,2.5,0,低,低,中,tpdc,cmfd-v2,CMFD_V0200,false
naqu-nierong,CMFD_naqu-nierong,2021-05-01 00:00,0.0,3.9,2.4,0,低,低,中,tpdc,cmfd-v2,CMFD_V0200,false
naqu-anduo,CMFD_naqu-anduo,2021-05-01 00:00,0.2,2.46,2.8,0,低,低,中,tpdc,cmfd-v2,CMFD_V0200,false
naqu-shenzha,CMFD_naqu-shenzha,2021-05-01 00:00,3.5,2.27,3.5,0,低,低,中,tpdc,cmfd-v2,CMFD_V0200,false
changdu-karuo,CMFD_changdu-karuo,2021-05-01 00:00,12.9,1.04,2.2,0,低,低,中,tpdc,cmfd-v2,CMFD_V0200,false
changdu-luolong,CMFD_changdu-luolong,2021-05-01 00:00,10.3,2.0,3.1,0,低,低,中,tpdc,cmfd-v2,CMFD_V0200,false
changdu-leiwuqi,CMFD_changdu-leiwuqi,2021-05-01 00:00,7.5,3.65,1.6,0,低,低,中,tpdc,cmfd-v2,CMFD_V0200,false
changdu-jiangda,CMFD_changdu-jiangda,2021-05-01 00:00,2.1,2.55,2.3,0,低,低,中,tpdc,cmfd-v2,CMFD_V0200,false
rikaze-xietongmen,CMFD_rikaze-xietongmen,2021-05-01 00:00,11.7,0.39,2.6,0,低,低,中,tpdc,cmfd-v2,CMFD_V0200,false
rikaze-jiangzi,CMFD_rikaze-jiangzi,2021-05-01 00:00,11.1,0.0,2.4,0,低,低,中,tpdc,cmfd-v2,CMFD_V0200,false
rikaze-kangma,CMFD_rikaze-kangma,2021-05-01 00:00,4.8,0.0,2.9,0,低,低,中,tpdc,cmfd-v2,CMFD_V0200,false
rikaze-zhongba,CMFD_rikaze-zhongba,2021-05-01 00:00,4.6,1.11,3.9,0,低,低,中,tpdc,cmfd-v2,CMFD_V0200,false
shannan-cuona,CMFD_shannan-cuona,2021-05-01 00:00,1.9,1.95,2.4,0,低,低,中,tpdc,cmfd-v2,CMFD_V0200,false
ali-gaize,CMFD_ali-gaize,2021-05-01 00:00,4.5,1.06,3.1,0,低,低,中,tpdc,cmfd-v2,CMFD_V0200,false
yushu-chengduo,CMFD_yushu-chengduo,2021-05-01 00:00,5.1,3.04,1.9,0,低,低,中,tpdc,cmfd-v2,CMFD_V0200,false
yushu-zaduo,CMFD_yushu-zaduo,2021-05-01 00:00,5.4,3.92,2.0,0,低,低,中,tpdc,cmfd-v2,CMFD_V0200,false
guoluo-maqin,CMFD_guoluo-maqin,2021-05-01 00:00,5.8,1.83,1.8,0,低,低,中,tpdc,cmfd-v2,CMFD_V0200,false
guoluo-jiuzhi,CMFD_guoluo-jiuzhi,2021-05-01 00:00,4.8,3.35,1.8,0,低,低,中,tpdc,cmfd-v2,CMFD_V0200,false
haibei-gangcha,CMFD_haibei-gangcha,2021-05-01 00:00,5.3,1.27,4.6,0,低,低,中,tpdc,cmfd-v2,CMFD_V0200,false
huangnan-zeku,CMFD_huangnan-zeku,2021-05-01 00:00,4.6,1.23,2.8,0,低,低,中,tpdc,cmfd-v2,CMFD_V0200,false
ganzi-shiqu,CMFD_ganzi-shiqu,2021-05-01 00:00,3.2,3.64,2.2,0,低,低,中,tpdc,cmfd-v2,CMFD_V0200,false
ganzi-seda,CMFD_ganzi-seda,2021-05-01 00:00,5.3,3.63,2.4,0,低,低,中,tpdc,cmfd-v2,CMFD_V0200,false
aba-hongyuan,CMFD_aba-hongyuan,2021-05-01 00:00,6.2,3.91,2.4,0,低,低,中,tpdc,cmfd-v2,CMFD_V0200,false
gannan-luqu,CMFD_gannan-luqu,2021-05-01 00:00,6.1,1.98,2.9,0,低,低,中,tpdc,cmfd-v2,CMFD_V0200,false
naqu-bange,CMFD_naqu-bange,2021-06-01 00:00,6.7,2.74,3.0,0,低,低,中,tpdc,cmfd-v2,CMFD_V0200,false
naqu-seni,CMFD_naqu-seni,2021-06-01 00:00,9.4,3.43,2.2,0,低,低,中,tpdc,cmfd-v2,CMFD_V0200,false
naqu-nierong,CMFD_naqu-nierong,2021-06-01 00:00,7.0,3.67,2.7,0,低,低,中,tpdc,cmfd-v2,CMFD_V0200,false
naqu-anduo,CMFD_naqu-anduo,2021-06-01 00:00,6.9,2.64,3.0,0,低,低,中,tpdc,cmfd-v2,CMFD_V0200,false
naqu-shenzha,CMFD_naqu-shenzha,2021-06-01 00:00,8.6,1.86,3.2,0,低,低,中,tpdc,cmfd-v2,CMFD_V0200,false
changdu-karuo,CMFD_changdu-karuo,2021-06-01 00:00,16.6,3.01,1.7,0,低,低,中,tpdc,cmfd-v2,CMFD_V0200,false
changdu-luolong,CMFD_changdu-luolong,2021-06-01 00:00,13.6,2.31,2.9,0,低,低,中,tpdc,cmfd-v2,CMFD_V0200,false
changdu-leiwuqi,CMFD_changdu-leiwuqi,2021-06-01 00:00,11.2,4.4,1.2,0,低,低,中,tpdc,cmfd-v2,CMFD_V0200,false
changdu-jiangda,CMFD_changdu-jiangda,2021-06-01 00:00,5.9,5.86,2.1,0,低,低,中,tpdc,cmfd-v2,CMFD_V0200,false
rikaze-xietongmen,CMFD_rikaze-xietongmen,2021-06-01 00:00,15.8,1.44,2.2,0,低,低,中,tpdc,cmfd-v2,CMFD_V0200,false
rikaze-jiangzi,CMFD_rikaze-jiangzi,2021-06-01 00:00,15.2,1.18,2.1,0,低,低,中,tpdc,cmfd-v2,CMFD_V0200,false
rikaze-kangma,CMFD_rikaze-kangma,2021-06-01 00:00,8.5,0.67,2.6,0,低,低,中,tpdc,cmfd-v2,CMFD_V0200,false
rikaze-zhongba,CMFD_rikaze-zhongba,2021-06-01 00:00,8.8,2.98,3.4,0,低,低,中,tpdc,cmfd-v2,CMFD_V0200,false
shannan-cuona,CMFD_shannan-cuona,2021-06-01 00:00,6.4,1.85,2.2,0,低,低,中,tpdc,cmfd-v2,CMFD_V0200,false
ali-gaize,CMFD_ali-gaize,2021-06-01 00:00,11.3,1.43,3.2,0,低,低,中,tpdc,cmfd-v2,CMFD_V0200,false
yushu-chengduo,CMFD_yushu-chengduo,2021-06-01 00:00,10.6,3.25,1.7,0,低,低,中,tpdc,cmfd-v2,CMFD_V0200,false
yushu-zaduo,CMFD_yushu-zaduo,2021-06-01 00:00,9.8,2.83,1.9,0,低,低,中,tpdc,cmfd-v2,CMFD_V0200,false
guoluo-maqin,CMFD_guoluo-maqin,2021-06-01 00:00,10.4,5.04,1.7,0,低,低,中,tpdc,cmfd-v2,CMFD_V0200,false
guoluo-jiuzhi,CMFD_guoluo-jiuzhi,2021-06-01 00:00,9.1,5.34,1.7,0,低,低,中,tpdc,cmfd-v2,CMFD_V0200,false
haibei-gangcha,CMFD_haibei-gangcha,2021-06-01 00:00,9.4,3.96,3.8,0,低,低,中,tpdc,cmfd-v2,CMFD_V0200,false
huangnan-zeku,CMFD_huangnan-zeku,2021-06-01 00:00,9.2,4.08,2.6,0,低,低,中,tpdc,cmfd-v2,CMFD_V0200,false
ganzi-shiqu,CMFD_ganzi-shiqu,2021-06-01 00:00,8.7,5.51,2.2,0,低,低,中,tpdc,cmfd-v2,CMFD_V0200,false
ganzi-seda,CMFD_ganzi-seda,2021-06-01 00:00,10.3,6.84,2.1,0,低,低,中,tpdc,cmfd-v2,CMFD_V0200,false
aba-hongyuan,CMFD_aba-hongyuan,2021-06-01 00:00,10.7,5.22,2.2,0,低,低,中,tpdc,cmfd-v2,CMFD_V0200,false
gannan-luqu,CMFD_gannan-luqu,2021-06-01 00:00,9.9,3.8,2.7,0,低,低,中,tpdc,cmfd-v2,CMFD_V0200,false
naqu-bange,CMFD_naqu-bange,2021-07-01 00:00,7.9,2.66,2.6,0,低,低,中,tpdc,cmfd-v2,CMFD_V0200,false
naqu-seni,CMFD_naqu-seni,2021-07-01 00:00,10.3,3.12,2.0,0,低,低,中,tpdc,cmfd-v2,CMFD_V0200,false
naqu-nierong,CMFD_naqu-nierong,2021-07-01 00:00,9.4,3.27,2.5,0,低,低,中,tpdc,cmfd-v2,CMFD_V0200,false
naqu-anduo,CMFD_naqu-anduo,2021-07-01 00:00,9.2,3.36,2.5,0,低,低,中,tpdc,cmfd-v2,CMFD_V0200,false
naqu-shenzha,CMFD_naqu-shenzha,2021-07-01 00:00,9.6,2.52,2.6,0,低,低,中,tpdc,cmfd-v2,CMFD_V0200,false
changdu-karuo,CMFD_changdu-karuo,2021-07-01 00:00,16.8,3.55,1.7,0,低,低,中,tpdc,cmfd-v2,CMFD_V0200,false
changdu-luolong,CMFD_changdu-luolong,2021-07-01 00:00,13.7,2.74,2.0,0,低,低,中,tpdc,cmfd-v2,CMFD_V0200,false
changdu-leiwuqi,CMFD_changdu-leiwuqi,2021-07-01 00:00,12.0,3.38,1.1,0,低,低,中,tpdc,cmfd-v2,CMFD_V0200,false
changdu-jiangda,CMFD_changdu-jiangda,2021-07-01 00:00,6.3,4.24,2.2,0,低,低,中,tpdc,cmfd-v2,CMFD_V0200,false
rikaze-xietongmen,CMFD_rikaze-xietongmen,2021-07-01 00:00,14.8,5.05,1.9,0,低,低,中,tpdc,cmfd-v2,CMFD_V0200,false
rikaze-jiangzi,CMFD_rikaze-jiangzi,2021-07-01 00:00,14.3,5.31,1.8,0,低,低,中,tpdc,cmfd-v2,CMFD_V0200,false
rikaze-kangma,CMFD_rikaze-kangma,2021-07-01 00:00,8.2,2.95,2.1,0,低,低,中,tpdc,cmfd-v2,CMFD_V0200,false
rikaze-zhongba,CMFD_rikaze-zhongba,2021-07-01 00:00,10.4,2.34,3.4,0,低,低,中,tpdc,cmfd-v2,CMFD_V0200,false
shannan-cuona,CMFD_shannan-cuona,2021-07-01 00:00,7.3,2.13,1.3,0,低,低,中,tpdc,cmfd-v2,CMFD_V0200,false
ali-gaize,CMFD_ali-gaize,2021-07-01 00:00,14.4,1.04,3.4,0,低,低,中,tpdc,cmfd-v2,CMFD_V0200,false
yushu-chengduo,CMFD_yushu-chengduo,2021-07-01 00:00,11.3,2.39,1.6,0,低,低,中,tpdc,cmfd-v2,CMFD_V0200,false
yushu-zaduo,CMFD_yushu-zaduo,2021-07-01 00:00,11.5,3.82,1.8,0,低,低,中,tpdc,cmfd-v2,CMFD_V0200,false
guoluo-maqin,CMFD_guoluo-maqin,2021-07-01 00:00,11.4,2.31,1.6,0,低,低,中,tpdc,cmfd-v2,CMFD_V0200,false
guoluo-jiuzhi,CMFD_guoluo-jiuzhi,2021-07-01 00:00,10.3,2.57,1.6,0,低,低,中,tpdc,cmfd-v2,CMFD_V0200,false
haibei-gangcha,CMFD_haibei-gangcha,2021-07-01 00:00,11.9,1.85,3.6,0,低,低,中,tpdc,cmfd-v2,CMFD_V0200,false
huangnan-zeku,CMFD_huangnan-zeku,2021-07-01 00:00,10.6,2.3,2.2,0,低,低,中,tpdc,cmfd-v2,CMFD_V0200,false
ganzi-shiqu,CMFD_ganzi-shiqu,2021-07-01 00:00,9.8,3.07,2.1,0,低,低,中,tpdc,cmfd-v2,CMFD_V0200,false
ganzi-seda,CMFD_ganzi-seda,2021-07-01 00:00,10.8,3.01,2.0,0,低,低,中,tpdc,cmfd-v2,CMFD_V0200,false
aba-hongyuan,CMFD_aba-hongyuan,2021-07-01 00:00,11.0,2.02,2.0,0,低,低,中,tpdc,cmfd-v2,CMFD_V0200,false
gannan-luqu,CMFD_gannan-luqu,2021-07-01 00:00,11.6,3.29,2.2,0,低,低,中,tpdc,cmfd-v2,CMFD_V0200,false
naqu-bange,CMFD_naqu-bange,2021-08-01 00:00,7.4,4.24,2.2,0,低,低,中,tpdc,cmfd-v2,CMFD_V0200,false
naqu-seni,CMFD_naqu-seni,2021-08-01 00:00,9.8,5.76,2.0,0,低,低,中,tpdc,cmfd-v2,CMFD_V0200,false
naqu-nierong,CMFD_naqu-nierong,2021-08-01 00:00,9.0,6.16,2.3,0,低,低,中,tpdc,cmfd-v2,CMFD_V0200,false
naqu-anduo,CMFD_naqu-anduo,2021-08-01 00:00,8.9,4.85,2.4,0,低,低,中,tpdc,cmfd-v2,CMFD_V0200,false
naqu-shenzha,CMFD_naqu-shenzha,2021-08-01 00:00,9.0,2.94,2.2,0,低,低,中,tpdc,cmfd-v2,CMFD_V0200,false
changdu-karuo,CMFD_changdu-karuo,2021-08-01 00:00,16.1,5.76,1.6,0,低,低,中,tpdc,cmfd-v2,CMFD_V0200,false
changdu-luolong,CMFD_changdu-luolong,2021-08-01 00:00,13.9,3.71,2.2,0,低,低,中,tpdc,cmfd-v2,CMFD_V0200,false
changdu-leiwuqi,CMFD_changdu-leiwuqi,2021-08-01 00:00,11.3,5.23,1.1,0,低,低,中,tpdc,cmfd-v2,CMFD_V0200,false
changdu-jiangda,CMFD_changdu-jiangda,2021-08-01 00:00,5.8,8.08,2.0,0,低,低,中,tpdc,cmfd-v2,CMFD_V0200,false
rikaze-xietongmen,CMFD_rikaze-xietongmen,2021-08-01 00:00,13.7,5.67,1.7,0,低,低,中,tpdc,cmfd-v2,CMFD_V0200,false
rikaze-jiangzi,CMFD_rikaze-jiangzi,2021-08-01 00:00,13.9,3.72,1.8,0,低,低,中,tpdc,cmfd-v2,CMFD_V0200,false
rikaze-kangma,CMFD_rikaze-kangma,2021-08-01 00:00,8.2,0.28,2.2,0,低,低,中,tpdc,cmfd-v2,CMFD_V0200,false
rikaze-zhongba,CMFD_rikaze-zhongba,2021-08-01 00:00,10.6,2.32,3.4,0,低,低,中,tpdc,cmfd-v2,CMFD_V0200,false
shannan-cuona,CMFD_shannan-cuona,2021-08-01 00:00,7.7,2.7,1.5,0,低,低,中,tpdc,cmfd-v2,CMFD_V0200,false
ali-gaize,CMFD_ali-gaize,2021-08-01 00:00,13.8,0.35,3.2,0,低,低,中,tpdc,cmfd-v2,CMFD_V0200,false
yushu-chengduo,CMFD_yushu-chengduo,2021-08-01 00:00,10.8,4.0,1.4,0,低,低,中,tpdc,cmfd-v2,CMFD_V0200,false
yushu-zaduo,CMFD_yushu-zaduo,2021-08-01 00:00,10.9,7.41,1.5,0,低,低,中,tpdc,cmfd-v2,CMFD_V0200,false
guoluo-maqin,CMFD_guoluo-maqin,2021-08-01 00:00,10.7,3.83,1.7,0,低,低,中,tpdc,cmfd-v2,CMFD_V0200,false
guoluo-jiuzhi,CMFD_guoluo-jiuzhi,2021-08-01 00:00,9.5,5.41,1.5,0,低,低,中,tpdc,cmfd-v2,CMFD_V0200,false
haibei-gangcha,CMFD_haibei-gangcha,2021-08-01 00:00,10.2,3.47,3.5,0,低,低,中,tpdc,cmfd-v2,CMFD_V0200,false
huangnan-zeku,CMFD_huangnan-zeku,2021-08-01 00:00,9.5,2.92,2.4,0,低,低,中,tpdc,cmfd-v2,CMFD_V0200,false
ganzi-shiqu,CMFD_ganzi-shiqu,2021-08-01 00:00,9.4,5.24,1.9,0,低,低,中,tpdc,cmfd-v2,CMFD_V0200,false
ganzi-seda,CMFD_ganzi-seda,2021-08-01 00:00,10.7,6.58,1.8,0,低,低,中,tpdc,cmfd-v2,CMFD_V0200,false
aba-hongyuan,CMFD_aba-hongyuan,2021-08-01 00:00,10.6,6.82,2.1,0,低,低,中,tpdc,cmfd-v2,CMFD_V0200,false
gannan-luqu,CMFD_gannan-luqu,2021-08-01 00:00,10.7,2.8,2.4,0,低,低,中,tpdc,cmfd-v2,CMFD_V0200,false
naqu-bange,CMFD_naqu-bange,2021-09-01 00:00,4.7,3.15,2.0,0,低,低,中,tpdc,cmfd-v2,CMFD_V0200,false
naqu-seni,CMFD_naqu-seni,2021-09-01 00:00,5.8,3.3,1.8,0,低,低,中,tpdc,cmfd-v2,CMFD_V0200,false
naqu-nierong,CMFD_naqu-nierong,2021-09-01 00:00,4.8,2.55,2.3,0,低,低,中,tpdc,cmfd-v2,CMFD_V0200,false
naqu-anduo,CMFD_naqu-anduo,2021-09-01 00:00,4.6,2.24,2.4,0,低,低,中,tpdc,cmfd-v2,CMFD_V0200,false
naqu-shenzha,CMFD_naqu-shenzha,2021-09-01 00:00,5.6,1.5,2.0,0,低,低,中,tpdc,cmfd-v2,CMFD_V0200,false
changdu-karuo,CMFD_changdu-karuo,2021-09-01 00:00,12.7,2.92,1.5,0,低,低,中,tpdc,cmfd-v2,CMFD_V0200,false
changdu-luolong,CMFD_changdu-luolong,2021-09-01 00:00,10.8,2.19,2.3,0,低,低,中,tpdc,cmfd-v2,CMFD_V0200,false
changdu-leiwuqi,CMFD_changdu-leiwuqi,2021-09-01 00:00,8.3,2.14,0.9,0,低,低,中,tpdc,cmfd-v2,CMFD_V0200,false
changdu-jiangda,CMFD_changdu-jiangda,2021-09-01 00:00,2.3,2.26,2.1,0,低,低,中,tpdc,cmfd-v2,CMFD_V0200,false
rikaze-xietongmen,CMFD_rikaze-xietongmen,2021-09-01 00:00,11.4,2.02,1.6,0,低,低,中,tpdc,cmfd-v2,CMFD_V0200,false
rikaze-jiangzi,CMFD_rikaze-jiangzi,2021-09-01 00:00,11.8,0.94,1.6,0,低,低,中,tpdc,cmfd-v2,CMFD_V0200,false
rikaze-kangma,CMFD_rikaze-kangma,2021-09-01 00:00,6.0,0.0,1.9,0,低,低,中,tpdc,cmfd-v2,CMFD_V0200,false
rikaze-zhongba,CMFD_rikaze-zhongba,2021-09-01 00:00,7.1,1.76,3.0,0,低,低,中,tpdc,cmfd-v2,CMFD_V0200,false
shannan-cuona,CMFD_shannan-cuona,2021-09-01 00:00,5.7,0.88,1.5,0,低,低,中,tpdc,cmfd-v2,CMFD_V0200,false
ali-gaize,CMFD_ali-gaize,2021-09-01 00:00,9.6,0.56,2.8,0,低,低,中,tpdc,cmfd-v2,CMFD_V0200,false
yushu-chengduo,CMFD_yushu-chengduo,2021-09-01 00:00,7.0,2.39,1.4,0,低,低,中,tpdc,cmfd-v2,CMFD_V0200,false
yushu-zaduo,CMFD_yushu-zaduo,2021-09-01 00:00,6.8,2.36,1.8,0,低,低,中,tpdc,cmfd-v2,CMFD_V0200,false
guoluo-maqin,CMFD_guoluo-maqin,2021-09-01 00:00,7.1,2.65,1.6,0,低,低,中,tpdc,cmfd-v2,CMFD_V0200,false
guoluo-jiuzhi,CMFD_guoluo-jiuzhi,2021-09-01 00:00,6.1,3.53,1.5,0,低,低,中,tpdc,cmfd-v2,CMFD_V0200,false
haibei-gangcha,CMFD_haibei-gangcha,2021-09-01 00:00,7.7,2.47,4.3,0,低,低,中,tpdc,cmfd-v2,CMFD_V0200,false
huangnan-zeku,CMFD_huangnan-zeku,2021-09-01 00:00,6.1,3.7,2.4,0,低,低,中,tpdc,cmfd-v2,CMFD_V0200,false
ganzi-shiqu,CMFD_ganzi-shiqu,2021-09-01 00:00,5.5,3.73,2.0,0,低,低,中,tpdc,cmfd-v2,CMFD_V0200,false
ganzi-seda,CMFD_ganzi-seda,2021-09-01 00:00,7.0,3.91,1.9,0,低,低,中,tpdc,cmfd-v2,CMFD_V0200,false
aba-hongyuan,CMFD_aba-hongyuan,2021-09-01 00:00,7.2,4.48,2.0,0,低,低,中,tpdc,cmfd-v2,CMFD_V0200,false
gannan-luqu,CMFD_gannan-luqu,2021-09-01 00:00,7.2,3.3,2.4,0,低,低,中,tpdc,cmfd-v2,CMFD_V0200,false
naqu-bange,CMFD_naqu-bange,2021-10-01 00:00,2.0,0.43,3.2,0,低,低,中,tpdc,cmfd-v2,CMFD_V0200,false
naqu-seni,CMFD_naqu-seni,2021-10-01 00:00,4.4,0.52,2.3,0,低,低,中,tpdc,cmfd-v2,CMFD_V0200,false
naqu-nierong,CMFD_naqu-nierong,2021-10-01 00:00,3.0,0.76,2.7,0,低,低,中,tpdc,cmfd-v2,CMFD_V0200,false
naqu-anduo,CMFD_naqu-anduo,2021-10-01 00:00,2.8,0.36,2.8,0,低,低,中,tpdc,cmfd-v2,CMFD_V0200,false
naqu-shenzha,CMFD_naqu-shenzha,2021-10-01 00:00,3.3,0.28,3.0,0,低,低,中,tpdc,cmfd-v2,CMFD_V0200,false
changdu-karuo,CMFD_changdu-karuo,2021-10-01 00:00,11.4,0.46,1.6,0,低,低,中,tpdc,cmfd-v2,CMFD_V0200,false
changdu-luolong,CMFD_changdu-luolong,2021-10-01 00:00,9.0,1.27,2.6,0,低,低,中,tpdc,cmfd-v2,CMFD_V0200,false
changdu-leiwuqi,CMFD_changdu-leiwuqi,2021-10-01 00:00,6.2,1.01,1.3,0,低,低,中,tpdc,cmfd-v2,CMFD_V0200,false
changdu-jiangda,CMFD_changdu-jiangda,2021-10-01 00:00,0.6,1.62,2.3,0,低,低,中,tpdc,cmfd-v2,CMFD_V0200,false
rikaze-xietongmen,CMFD_rikaze-xietongmen,2021-10-01 00:00,10.2,0.39,1.8,0,低,低,中,tpdc,cmfd-v2,CMFD_V0200,false
rikaze-jiangzi,CMFD_rikaze-jiangzi,2021-10-01 00:00,10.1,0.36,2.0,0,低,低,中,tpdc,cmfd-v2,CMFD_V0200,false
rikaze-kangma,CMFD_rikaze-kangma,2021-10-01 00:00,4.2,0.44,2.2,0,低,低,中,tpdc,cmfd-v2,CMFD_V0200,false
rikaze-zhongba,CMFD_rikaze-zhongba,2021-10-01 00:00,3.2,1.93,3.6,0,低,低,中,tpdc,cmfd-v2,CMFD_V0200,false
shannan-cuona,CMFD_shannan-cuona,2021-10-01 00:00,2.9,1.69,2.2,0,低,低,中,tpdc,cmfd-v2,CMFD_V0200,false
ali-gaize,CMFD_ali-gaize,2021-10-01 00:00,3.6,1.33,2.8,0,低,低,中,tpdc,cmfd-v2,CMFD_V0200,false
yushu-chengduo,CMFD_yushu-chengduo,2021-10-01 00:00,3.9,1.58,1.3,0,低,低,中,tpdc,cmfd-v2,CMFD_V0200,false
yushu-zaduo,CMFD_yushu-zaduo,2021-10-01 00:00,4.5,1.54,1.7,0,低,低,中,tpdc,cmfd-v2,CMFD_V0200,false
guoluo-maqin,CMFD_guoluo-maqin,2021-10-01 00:00,3.9,1.64,1.5,0,低,低,中,tpdc,cmfd-v2,CMFD_V0200,false
guoluo-jiuzhi,CMFD_guoluo-jiuzhi,2021-10-01 00:00,3.9,3.23,1.8,0,低,低,中,tpdc,cmfd-v2,CMFD_V0200,false
haibei-gangcha,CMFD_haibei-gangcha,2021-10-01 00:00,1.6,0.98,3.8,0,低,低,中,tpdc,cmfd-v2,CMFD_V0200,false
huangnan-zeku,CMFD_huangnan-zeku,2021-10-01 00:00,2.3,2.59,2.1,0,低,低,中,tpdc,cmfd-v2,CMFD_V0200,false
ganzi-shiqu,CMFD_ganzi-shiqu,2021-10-01 00:00,3.1,2.1,2.1,0,低,低,中,tpdc,cmfd-v2,CMFD_V0200,false
ganzi-seda,CMFD_ganzi-seda,2021-10-01 00:00,5.2,1.39,1.8,0,低,低,中,tpdc,cmfd-v2,CMFD_V0200,false
aba-hongyuan,CMFD_aba-hongyuan,2021-10-01 00:00,5.0,2.97,2.3,0,低,低,中,tpdc,cmfd-v2,CMFD_V0200,false
gannan-luqu,CMFD_gannan-luqu,2021-10-01 00:00,3.0,4.1,2.6,0,低,低,中,tpdc,cmfd-v2,CMFD_V0200,false
naqu-bange,CMFD_naqu-bange,2021-11-01 00:00,-8.5,0.0,2.9,0,中,低,中,tpdc,cmfd-v2,CMFD_V0200,false
naqu-seni,CMFD_naqu-seni,2021-11-01 00:00,-5.1,0.02,2.4,0,中,低,中,tpdc,cmfd-v2,CMFD_V0200,false
naqu-nierong,CMFD_naqu-nierong,2021-11-01 00:00,-5.2,0.03,3.4,0,中,低,中,tpdc,cmfd-v2,CMFD_V0200,false
naqu-anduo,CMFD_naqu-anduo,2021-11-01 00:00,-7.8,0.0,3.0,0,中,低,中,tpdc,cmfd-v2,CMFD_V0200,false
naqu-shenzha,CMFD_naqu-shenzha,2021-11-01 00:00,-4.8,0.0,3.1,0,中,低,中,tpdc,cmfd-v2,CMFD_V0200,false
changdu-karuo,CMFD_changdu-karuo,2021-11-01 00:00,2.5,0.2,1.3,0,低,低,中,tpdc,cmfd-v2,CMFD_V0200,false
changdu-luolong,CMFD_changdu-luolong,2021-11-01 00:00,0.2,0.18,1.8,0,低,低,中,tpdc,cmfd-v2,CMFD_V0200,false
changdu-leiwuqi,CMFD_changdu-leiwuqi,2021-11-01 00:00,-2.7,0.08,1.1,0,中,低,中,tpdc,cmfd-v2,CMFD_V0200,false
changdu-jiangda,CMFD_changdu-jiangda,2021-11-01 00:00,-6.6,0.12,2.2,0,中,低,中,tpdc,cmfd-v2,CMFD_V0200,false
rikaze-xietongmen,CMFD_rikaze-xietongmen,2021-11-01 00:00,3.7,0.0,2.1,0,低,低,中,tpdc,cmfd-v2,CMFD_V0200,false
rikaze-jiangzi,CMFD_rikaze-jiangzi,2021-11-01 00:00,3.1,0.0,1.9,0,低,低,中,tpdc,cmfd-v2,CMFD_V0200,false
rikaze-kangma,CMFD_rikaze-kangma,2021-11-01 00:00,-2.7,0.0,1.8,0,中,低,中,tpdc,cmfd-v2,CMFD_V0200,false
rikaze-zhongba,CMFD_rikaze-zhongba,2021-11-01 00:00,-3.2,0.0,3.4,0,中,低,中,tpdc,cmfd-v2,CMFD_V0200,false
shannan-cuona,CMFD_shannan-cuona,2021-11-01 00:00,-4.1,0.16,1.1,0,中,低,中,tpdc,cmfd-v2,CMFD_V0200,false
ali-gaize,CMFD_ali-gaize,2021-11-01 00:00,-5.7,0.0,2.3,0,中,低,中,tpdc,cmfd-v2,CMFD_V0200,false
yushu-chengduo,CMFD_yushu-chengduo,2021-11-01 00:00,-5.7,0.17,1.3,0,中,低,中,tpdc,cmfd-v2,CMFD_V0200,false
yushu-zaduo,CMFD_yushu-zaduo,2021-11-01 00:00,-5.0,0.09,2.0,0,中,低,中,tpdc,cmfd-v2,CMFD_V0200,false
guoluo-maqin,CMFD_guoluo-maqin,2021-11-01 00:00,-5.7,0.0,1.6,0,中,低,中,tpdc,cmfd-v2,CMFD_V0200,false
guoluo-jiuzhi,CMFD_guoluo-jiuzhi,2021-11-01 00:00,-5.6,0.24,1.6,0,中,低,中,tpdc,cmfd-v2,CMFD_V0200,false
haibei-gangcha,CMFD_haibei-gangcha,2021-11-01 00:00,-7.7,0.0,4.9,0,中,低,中,tpdc,cmfd-v2,CMFD_V0200,false
huangnan-zeku,CMFD_huangnan-zeku,2021-11-01 00:00,-7.8,0.01,2.5,0,中,低,中,tpdc,cmfd-v2,CMFD_V0200,false
ganzi-shiqu,CMFD_ganzi-shiqu,2021-11-01 00:00,-5.8,0.1,2.1,0,中,低,中,tpdc,cmfd-v2,CMFD_V0200,false
ganzi-seda,CMFD_ganzi-seda,2021-11-01 00:00,-4.5,0.1,2.1,0,中,低,中,tpdc,cmfd-v2,CMFD_V0200,false
aba-hongyuan,CMFD_aba-hongyuan,2021-11-01 00:00,-4.4,0.37,2.0,0,中,低,中,tpdc,cmfd-v2,CMFD_V0200,false
gannan-luqu,CMFD_gannan-luqu,2021-11-01 00:00,-6.0,0.14,2.4,0,中,低,中,tpdc,cmfd-v2,CMFD_V0200,false
naqu-bange,CMFD_naqu-bange,2021-12-01 00:00,-12.6,0.25,3.0,0,高,低,中,tpdc,cmfd-v2,CMFD_V0200,false
naqu-seni,CMFD_naqu-seni,2021-12-01 00:00,-12.5,0.29,1.6,0,高,低,中,tpdc,cmfd-v2,CMFD_V0200,false
naqu-nierong,CMFD_naqu-nierong,2021-12-01 00:00,-13.9,0.27,2.3,0,高,低,中,tpdc,cmfd-v2,CMFD_V0200,false
naqu-anduo,CMFD_naqu-anduo,2021-12-01 00:00,-13.0,0.17,2.6,0,高,低,中,tpdc,cmfd-v2,CMFD_V0200,false
naqu-shenzha,CMFD_naqu-shenzha,2021-12-01 00:00,-10.3,0.28,2.9,0,高,低,中,tpdc,cmfd-v2,CMFD_V0200,false
changdu-karuo,CMFD_changdu-karuo,2021-12-01 00:00,-0.9,0.11,1.5,0,中,低,中,tpdc,cmfd-v2,CMFD_V0200,false
changdu-luolong,CMFD_changdu-luolong,2021-12-01 00:00,-3.8,0.15,2.1,0,中,低,中,tpdc,cmfd-v2,CMFD_V0200,false
changdu-leiwuqi,CMFD_changdu-leiwuqi,2021-12-01 00:00,-6.4,0.13,1.1,0,中,低,中,tpdc,cmfd-v2,CMFD_V0200,false
changdu-jiangda,CMFD_changdu-jiangda,2021-12-01 00:00,-9.7,0.06,2.4,0,中,低,中,tpdc,cmfd-v2,CMFD_V0200,false
rikaze-xietongmen,CMFD_rikaze-xietongmen,2021-12-01 00:00,-2.6,0.25,2.0,0,中,低,中,tpdc,cmfd-v2,CMFD_V0200,false
rikaze-jiangzi,CMFD_rikaze-jiangzi,2021-12-01 00:00,-1.6,0.09,1.9,0,中,低,中,tpdc,cmfd-v2,CMFD_V0200,false
rikaze-kangma,CMFD_rikaze-kangma,2021-12-01 00:00,-7.8,0.11,2.0,0,中,低,中,tpdc,cmfd-v2,CMFD_V0200,false
rikaze-zhongba,CMFD_rikaze-zhongba,2021-12-01 00:00,-15.4,1.3,3.1,0,高,低,中,tpdc,cmfd-v2,CMFD_V0200,false
shannan-cuona,CMFD_shannan-cuona,2021-12-01 00:00,-8.5,0.46,1.7,0,中,低,中,tpdc,cmfd-v2,CMFD_V0200,false
ali-gaize,CMFD_ali-gaize,2021-12-01 00:00,-19.8,0.38,1.7,0,高,低,中,tpdc,cmfd-v2,CMFD_V0200,false
yushu-chengduo,CMFD_yushu-chengduo,2021-12-01 00:00,-8.5,0.29,1.2,0,中,低,中,tpdc,cmfd-v2,CMFD_V0200,false
yushu-zaduo,CMFD_yushu-zaduo,2021-12-01 00:00,-8.4,0.27,1.9,0,中,低,中,tpdc,cmfd-v2,CMFD_V0200,false
guoluo-maqin,CMFD_guoluo-maqin,2021-12-01 00:00,-8.7,0.13,1.5,0,中,低,中,tpdc,cmfd-v2,CMFD_V0200,false
guoluo-jiuzhi,CMFD_guoluo-jiuzhi,2021-12-01 00:00,-9.2,0.31,1.6,0,中,低,中,tpdc,cmfd-v2,CMFD_V0200,false
haibei-gangcha,CMFD_haibei-gangcha,2021-12-01 00:00,-10.9,0.0,4.8,0,高,低,中,tpdc,cmfd-v2,CMFD_V0200,false
huangnan-zeku,CMFD_huangnan-zeku,2021-12-01 00:00,-10.4,0.12,2.6,0,高,低,中,tpdc,cmfd-v2,CMFD_V0200,false
ganzi-shiqu,CMFD_ganzi-shiqu,2021-12-01 00:00,-9.2,0.17,2.1,0,中,低,中,tpdc,cmfd-v2,CMFD_V0200,false
ganzi-seda,CMFD_ganzi-seda,2021-12-01 00:00,-7.5,0.08,2.1,0,中,低,中,tpdc,cmfd-v2,CMFD_V0200,false
aba-hongyuan,CMFD_aba-hongyuan,2021-12-01 00:00,-7.7,0.3,1.8,0,中,低,中,tpdc,cmfd-v2,CMFD_V0200,false
gannan-luqu,CMFD_gannan-luqu,2021-12-01 00:00,-8.4,0.24,2.5,0,中,低,中,tpdc,cmfd-v2,CMFD_V0200,false
naqu-bange,CMFD_naqu-bange,2022-01-01 00:00,-14.2,0.04,2.7,0,高,低,中,tpdc,cmfd-v2,CMFD_V0200,false
naqu-seni,CMFD_naqu-seni,2022-01-01 00:00,-12.7,0.4,1.8,0,高,低,中,tpdc,cmfd-v2,CMFD_V0200,false
naqu-nierong,CMFD_naqu-nierong,2022-01-01 00:00,-16.9,0.26,1.6,0,高,低,中,tpdc,cmfd-v2,CMFD_V0200,false
naqu-anduo,CMFD_naqu-anduo,2022-01-01 00:00,-15.5,0.11,2.1,0,高,低,中,tpdc,cmfd-v2,CMFD_V0200,false
naqu-shenzha,CMFD_naqu-shenzha,2022-01-01 00:00,-12.8,0.05,2.4,0,高,低,中,tpdc,cmfd-v2,CMFD_V0200,false
changdu-karuo,CMFD_changdu-karuo,2022-01-01 00:00,-3.8,0.07,1.5,0,中,低,中,tpdc,cmfd-v2,CMFD_V0200,false
changdu-luolong,CMFD_changdu-luolong,2022-01-01 00:00,-6.7,0.06,2.1,0,中,低,中,tpdc,cmfd-v2,CMFD_V0200,false
changdu-leiwuqi,CMFD_changdu-leiwuqi,2022-01-01 00:00,-9.7,0.1,1.1,0,中,低,中,tpdc,cmfd-v2,CMFD_V0200,false
changdu-jiangda,CMFD_changdu-jiangda,2022-01-01 00:00,-11.3,0.03,2.2,0,高,低,中,tpdc,cmfd-v2,CMFD_V0200,false
rikaze-xietongmen,CMFD_rikaze-xietongmen,2022-01-01 00:00,-4.3,0.0,1.8,0,中,低,中,tpdc,cmfd-v2,CMFD_V0200,false
rikaze-jiangzi,CMFD_rikaze-jiangzi,2022-01-01 00:00,-3.9,0.0,2.1,0,中,低,中,tpdc,cmfd-v2,CMFD_V0200,false
rikaze-kangma,CMFD_rikaze-kangma,2022-01-01 00:00,-10.9,0.0,2.1,0,高,低,中,tpdc,cmfd-v2,CMFD_V0200,false
rikaze-zhongba,CMFD_rikaze-zhongba,2022-01-01 00:00,-17.0,0.0,2.8,0,高,低,中,tpdc,cmfd-v2,CMFD_V0200,false
shannan-cuona,CMFD_shannan-cuona,2022-01-01 00:00,-14.6,0.33,1.7,0,高,低,中,tpdc,cmfd-v2,CMFD_V0200,false
ali-gaize,CMFD_ali-gaize,2022-01-01 00:00,-18.6,0.0,2.3,0,高,低,中,tpdc,cmfd-v2,CMFD_V0200,false
yushu-chengduo,CMFD_yushu-chengduo,2022-01-01 00:00,-10.8,0.13,1.1,0,高,低,中,tpdc,cmfd-v2,CMFD_V0200,false
yushu-zaduo,CMFD_yushu-zaduo,2022-01-01 00:00,-12.2,0.29,1.9,0,高,低,中,tpdc,cmfd-v2,CMFD_V0200,false
guoluo-maqin,CMFD_guoluo-maqin,2022-01-01 00:00,-10.9,0.12,1.7,0,高,低,中,tpdc,cmfd-v2,CMFD_V0200,false
guoluo-jiuzhi,CMFD_guoluo-jiuzhi,2022-01-01 00:00,-11.4,0.29,1.8,0,高,低,中,tpdc,cmfd-v2,CMFD_V0200,false
haibei-gangcha,CMFD_haibei-gangcha,2022-01-01 00:00,-12.1,0.04,3.9,0,高,低,中,tpdc,cmfd-v2,CMFD_V0200,false
huangnan-zeku,CMFD_huangnan-zeku,2022-01-01 00:00,-12.4,0.1,2.3,0,高,低,中,tpdc,cmfd-v2,CMFD_V0200,false
ganzi-shiqu,CMFD_ganzi-shiqu,2022-01-01 00:00,-11.3,0.18,2.4,0,高,低,中,tpdc,cmfd-v2,CMFD_V0200,false
ganzi-seda,CMFD_ganzi-seda,2022-01-01 00:00,-11.2,0.18,1.9,0,高,低,中,tpdc,cmfd-v2,CMFD_V0200,false
aba-hongyuan,CMFD_aba-hongyuan,2022-01-01 00:00,-9.3,0.37,2.0,0,中,低,中,tpdc,cmfd-v2,CMFD_V0200,false
gannan-luqu,CMFD_gannan-luqu,2022-01-01 00:00,-10.2,0.2,2.5,0,高,低,中,tpdc,cmfd-v2,CMFD_V0200,false
naqu-bange,CMFD_naqu-bange,2022-02-01 00:00,-12.1,0.36,4.0,0,高,低,中,tpdc,cmfd-v2,CMFD_V0200,false
naqu-seni,CMFD_naqu-seni,2022-02-01 00:00,-11.5,0.32,2.5,0,高,低,中,tpdc,cmfd-v2,CMFD_V0200,false
naqu-nierong,CMFD_naqu-nierong,2022-02-01 00:00,-16.6,0.37,2.3,0,高,低,中,tpdc,cmfd-v2,CMFD_V0200,false
naqu-anduo,CMFD_naqu-anduo,2022-02-01 00:00,-14.8,0.2,3.3,0,高,低,中,tpdc,cmfd-v2,CMFD_V0200,false
naqu-shenzha,CMFD_naqu-shenzha,2022-02-01 00:00,-11.8,0.19,3.3,0,高,低,中,tpdc,cmfd-v2,CMFD_V0200,false
changdu-karuo,CMFD_changdu-karuo,2022-02-01 00:00,-2.1,0.2,1.7,0,中,低,中,tpdc,cmfd-v2,CMFD_V0200,false
changdu-luolong,CMFD_changdu-luolong,2022-02-01 00:00,-5.6,0.46,2.4,0,中,低,中,tpdc,cmfd-v2,CMFD_V0200,false
changdu-leiwuqi,CMFD_changdu-leiwuqi,2022-02-01 00:00,-8.3,0.44,1.4,0,中,低,中,tpdc,cmfd-v2,CMFD_V0200,false
changdu-jiangda,CMFD_changdu-jiangda,2022-02-01 00:00,-10.6,0.22,2.4,0,高,低,中,tpdc,cmfd-v2,CMFD_V0200,false
rikaze-xietongmen,CMFD_rikaze-xietongmen,2022-02-01 00:00,-3.3,0.16,2.5,0,中,低,中,tpdc,cmfd-v2,CMFD_V0200,false
rikaze-jiangzi,CMFD_rikaze-jiangzi,2022-02-01 00:00,-2.3,0.17,2.5,0,中,低,中,tpdc,cmfd-v2,CMFD_V0200,false
rikaze-kangma,CMFD_rikaze-kangma,2022-02-01 00:00,-9.6,0.16,2.5,0,中,低,中,tpdc,cmfd-v2,CMFD_V0200,false
rikaze-zhongba,CMFD_rikaze-zhongba,2022-02-01 00:00,-14.3,0.51,3.2,0,高,低,中,tpdc,cmfd-v2,CMFD_V0200,false
shannan-cuona,CMFD_shannan-cuona,2022-02-01 00:00,-12.1,1.3,2.1,0,高,低,中,tpdc,cmfd-v2,CMFD_V0200,false
ali-gaize,CMFD_ali-gaize,2022-02-01 00:00,-10.6,0.1,3.4,0,高,低,中,tpdc,cmfd-v2,CMFD_V0200,false
yushu-chengduo,CMFD_yushu-chengduo,2022-02-01 00:00,-9.6,0.27,1.8,0,中,低,中,tpdc,cmfd-v2,CMFD_V0200,false
yushu-zaduo,CMFD_yushu-zaduo,2022-02-01 00:00,-10.5,0.25,1.9,0,高,低,中,tpdc,cmfd-v2,CMFD_V0200,false
guoluo-maqin,CMFD_guoluo-maqin,2022-02-01 00:00,-9.8,0.23,2.0,0,中,低,中,tpdc,cmfd-v2,CMFD_V0200,false
guoluo-jiuzhi,CMFD_guoluo-jiuzhi,2022-02-01 00:00,-9.8,0.51,2.0,0,中,低,中,tpdc,cmfd-v2,CMFD_V0200,false
haibei-gangcha,CMFD_haibei-gangcha,2022-02-01 00:00,-12.6,0.14,4.9,0,高,低,中,tpdc,cmfd-v2,CMFD_V0200,false
huangnan-zeku,CMFD_huangnan-zeku,2022-02-01 00:00,-11.8,0.21,2.7,0,高,低,中,tpdc,cmfd-v2,CMFD_V0200,false
ganzi-shiqu,CMFD_ganzi-shiqu,2022-02-01 00:00,-10.0,0.31,3.0,0,中,低,中,tpdc,cmfd-v2,CMFD_V0200,false
ganzi-seda,CMFD_ganzi-seda,2022-02-01 00:00,-9.0,0.49,2.3,0,中,低,中,tpdc,cmfd-v2,CMFD_V0200,false
aba-hongyuan,CMFD_aba-hongyuan,2022-02-01 00:00,-7.6,0.47,2.6,0,中,低,中,tpdc,cmfd-v2,CMFD_V0200,false
gannan-luqu,CMFD_gannan-luqu,2022-02-01 00:00,-9.6,0.35,2.8,0,中,低,中,tpdc,cmfd-v2,CMFD_V0200,false
naqu-bange,CMFD_naqu-bange,2022-03-01 00:00,-3.7,0.0,3.6,0,中,低,中,tpdc,cmfd-v2,CMFD_V0200,false
naqu-seni,CMFD_naqu-seni,2022-03-01 00:00,-2.1,0.0,2.6,0,中,低,中,tpdc,cmfd-v2,CMFD_V0200,false
naqu-nierong,CMFD_naqu-nierong,2022-03-01 00:00,-5.6,0.04,2.7,0,中,低,中,tpdc,cmfd-v2,CMFD_V0200,false
naqu-anduo,CMFD_naqu-anduo,2022-03-01 00:00,-4.2,0.0,3.4,0,中,低,中,tpdc,cmfd-v2,CMFD_V0200,false
naqu-shenzha,CMFD_naqu-shenzha,2022-03-01 00:00,-3.2,0.0,3.2,0,中,低,中,tpdc,cmfd-v2,CMFD_V0200,false
changdu-karuo,CMFD_changdu-karuo,2022-03-01 00:00,6.4,0.01,1.7,0,低,低,中,tpdc,cmfd-v2,CMFD_V0200,false
changdu-luolong,CMFD_changdu-luolong,2022-03-01 00:00,3.4,0.23,2.7,0,低,低,中,tpdc,cmfd-v2,CMFD_V0200,false
changdu-leiwuqi,CMFD_changdu-leiwuqi,2022-03-01 00:00,0.2,0.53,1.3,0,低,低,中,tpdc,cmfd-v2,CMFD_V0200,false
changdu-jiangda,CMFD_changdu-jiangda,2022-03-01 00:00,-2.5,0.45,2.7,0,中,低,中,tpdc,cmfd-v2,CMFD_V0200,false
rikaze-xietongmen,CMFD_rikaze-xietongmen,2022-03-01 00:00,5.7,0.0,2.5,0,低,低,中,tpdc,cmfd-v2,CMFD_V0200,false
rikaze-jiangzi,CMFD_rikaze-jiangzi,2022-03-01 00:00,6.1,0.0,2.3,0,低,低,中,tpdc,cmfd-v2,CMFD_V0200,false
rikaze-kangma,CMFD_rikaze-kangma,2022-03-01 00:00,-0.5,0.0,2.3,0,中,低,中,tpdc,cmfd-v2,CMFD_V0200,false
rikaze-zhongba,CMFD_rikaze-zhongba,2022-03-01 00:00,-1.0,0.0,3.5,0,中,低,中,tpdc,cmfd-v2,CMFD_V0200,false
shannan-cuona,CMFD_shannan-cuona,2022-03-01 00:00,-5.1,0.75,1.9,0,中,低,中,tpdc,cmfd-v2,CMFD_V0200,false
ali-gaize,CMFD_ali-gaize,2022-03-01 00:00,-1.1,0.0,3.3,0,中,低,中,tpdc,cmfd-v2,CMFD_V0200,false
yushu-chengduo,CMFD_yushu-chengduo,2022-03-01 00:00,0.8,0.07,2.1,0,低,低,中,tpdc,cmfd-v2,CMFD_V0200,false
yushu-zaduo,CMFD_yushu-zaduo,2022-03-01 00:00,-0.5,0.0,2.3,0,中,低,中,tpdc,cmfd-v2,CMFD_V0200,false
guoluo-maqin,CMFD_guoluo-maqin,2022-03-01 00:00,0.1,0.25,2.1,0,低,低,中,tpdc,cmfd-v2,CMFD_V0200,false
guoluo-jiuzhi,CMFD_guoluo-jiuzhi,2022-03-01 00:00,-1.0,1.54,1.9,0,中,低,中,tpdc,cmfd-v2,CMFD_V0200,false
haibei-gangcha,CMFD_haibei-gangcha,2022-03-01 00:00,-0.5,0.0,5.7,0,中,低,中,tpdc,cmfd-v2,CMFD_V0200,false
huangnan-zeku,CMFD_huangnan-zeku,2022-03-01 00:00,-0.9,0.31,3.2,0,中,低,中,tpdc,cmfd-v2,CMFD_V0200,false
ganzi-shiqu,CMFD_ganzi-shiqu,2022-03-01 00:00,-1.0,0.37,3.0,0,中,低,中,tpdc,cmfd-v2,CMFD_V0200,false
ganzi-seda,CMFD_ganzi-seda,2022-03-01 00:00,-1.2,0.92,2.4,0,中,低,中,tpdc,cmfd-v2,CMFD_V0200,false
aba-hongyuan,CMFD_aba-hongyuan,2022-03-01 00:00,0.2,1.76,2.6,0,低,低,中,tpdc,cmfd-v2,CMFD_V0200,false
gannan-luqu,CMFD_gannan-luqu,2022-03-01 00:00,0.9,0.84,3.5,0,低,低,中,tpdc,cmfd-v2,CMFD_V0200,false
naqu-bange,CMFD_naqu-bange,2022-04-01 00:00,-0.2,0.23,3.6,0,中,低,中,tpdc,cmfd-v2,CMFD_V0200,false
naqu-seni,CMFD_naqu-seni,2022-04-01 00:00,1.4,0.45,2.9,0,低,低,中,tpdc,cmfd-v2,CMFD_V0200,false
naqu-nierong,CMFD_naqu-nierong,2022-04-01 00:00,0.2,0.52,3.5,0,低,低,中,tpdc,cmfd-v2,CMFD_V0200,false
naqu-anduo,CMFD_naqu-anduo,2022-04-01 00:00,-1.1,0.35,3.6,0,中,低,中,tpdc,cmfd-v2,CMFD_V0200,false
naqu-shenzha,CMFD_naqu-shenzha,2022-04-01 00:00,0.7,0.17,3.2,0,低,低,中,tpdc,cmfd-v2,CMFD_V0200,false
changdu-karuo,CMFD_changdu-karuo,2022-04-01 00:00,7.6,0.95,1.8,0,低,低,中,tpdc,cmfd-v2,CMFD_V0200,false
changdu-luolong,CMFD_changdu-luolong,2022-04-01 00:00,5.1,1.15,2.4,0,低,低,中,tpdc,cmfd-v2,CMFD_V0200,false
changdu-leiwuqi,CMFD_changdu-leiwuqi,2022-04-01 00:00,2.8,1.05,1.5,0,低,低,中,tpdc,cmfd-v2,CMFD_V0200,false
changdu-jiangda,CMFD_changdu-jiangda,2022-04-01 00:00,-2.8,1.46,2.6,0,中,低,中,tpdc,cmfd-v2,CMFD_V0200,false
rikaze-xietongmen,CMFD_rikaze-xietongmen,2022-04-01 00:00,9.2,0.0,2.8,0,低,低,中,tpdc,cmfd-v2,CMFD_V0200,false
rikaze-jiangzi,CMFD_rikaze-jiangzi,2022-04-01 00:00,9.3,0.05,2.6,0,低,低,中,tpdc,cmfd-v2,CMFD_V0200,false
rikaze-kangma,CMFD_rikaze-kangma,2022-04-01 00:00,2.6,0.38,2.8,0,低,低,中,tpdc,cmfd-v2,CMFD_V0200,false
rikaze-zhongba,CMFD_rikaze-zhongba,2022-04-01 00:00,3.6,0.0,4.2,0,低,低,中,tpdc,cmfd-v2,CMFD_V0200,false
shannan-cuona,CMFD_shannan-cuona,2022-04-01 00:00,-1.0,3.41,1.8,0,中,低,中,tpdc,cmfd-v2,CMFD_V0200,false
ali-gaize,CMFD_ali-gaize,2022-04-01 00:00,2.3,0.06,3.3,0,低,低,中,tpdc,cmfd-v2,CMFD_V0200,false
yushu-chengduo,CMFD_yushu-chengduo,2022-04-01 00:00,2.4,1.56,2.2,0,低,低,中,tpdc,cmfd-v2,CMFD_V0200,false
yushu-zaduo,CMFD_yushu-zaduo,2022-04-01 00:00,2.2,0.85,2.5,0,低,低,中,tpdc,cmfd-v2,CMFD_V0200,false
guoluo-maqin,CMFD_guoluo-maqin,2022-04-01 00:00,1.8,0.86,1.9,0,低,低,中,tpdc,cmfd-v2,CMFD_V0200,false
guoluo-jiuzhi,CMFD_guoluo-jiuzhi,2022-04-01 00:00,0.5,2.22,1.8,0,低,低,中,tpdc,cmfd-v2,CMFD_V0200,false
haibei-gangcha,CMFD_haibei-gangcha,2022-04-01 00:00,1.8,0.45,5.6,0,低,低,中,tpdc,cmfd-v2,CMFD_V0200,false
huangnan-zeku,CMFD_huangnan-zeku,2022-04-01 00:00,0.7,1.22,2.8,0,低,低,中,tpdc,cmfd-v2,CMFD_V0200,false
ganzi-shiqu,CMFD_ganzi-shiqu,2022-04-01 00:00,0.1,1.32,2.4,0,低,低,中,tpdc,cmfd-v2,CMFD_V0200,false
ganzi-seda,CMFD_ganzi-seda,2022-04-01 00:00,1.2,1.84,2.2,0,低,低,中,tpdc,cmfd-v2,CMFD_V0200,false
aba-hongyuan,CMFD_aba-hongyuan,2022-04-01 00:00,1.6,2.65,2.5,0,低,低,中,tpdc,cmfd-v2,CMFD_V0200,false
gannan-luqu,CMFD_gannan-luqu,2022-04-01 00:00,2.0,2.48,2.9,0,低,低,中,tpdc,cmfd-v2,CMFD_V0200,false
naqu-bange,CMFD_naqu-bange,2022-05-01 00:00,2.8,2.57,3.0,0,低,低,中,tpdc,cmfd-v2,CMFD_V0200,false
naqu-seni,CMFD_naqu-seni,2022-05-01 00:00,5.1,2.05,2.4,0,低,低,中,tpdc,cmfd-v2,CMFD_V0200,false
naqu-nierong,CMFD_naqu-nierong,2022-05-01 00:00,3.2,3.31,2.8,0,低,低,中,tpdc,cmfd-v2,CMFD_V0200,false
naqu-anduo,CMFD_naqu-anduo,2022-05-01 00:00,2.6,1.75,2.8,0,低,低,中,tpdc,cmfd-v2,CMFD_V0200,false
naqu-shenzha,CMFD_naqu-shenzha,2022-05-01 00:00,4.8,0.93,3.0,0,低,低,中,tpdc,cmfd-v2,CMFD_V0200,false
changdu-karuo,CMFD_changdu-karuo,2022-05-01 00:00,11.8,1.48,1.8,0,低,低,中,tpdc,cmfd-v2,CMFD_V0200,false
changdu-luolong,CMFD_changdu-luolong,2022-05-01 00:00,8.9,2.47,2.5,0,低,低,中,tpdc,cmfd-v2,CMFD_V0200,false
changdu-leiwuqi,CMFD_changdu-leiwuqi,2022-05-01 00:00,6.6,3.82,1.4,0,低,低,中,tpdc,cmfd-v2,CMFD_V0200,false
changdu-jiangda,CMFD_changdu-jiangda,2022-05-01 00:00,2.0,2.77,2.3,0,低,低,中,tpdc,cmfd-v2,CMFD_V0200,false
rikaze-xietongmen,CMFD_rikaze-xietongmen,2022-05-01 00:00,12.2,0.95,2.3,0,低,低,中,tpdc,cmfd-v2,CMFD_V0200,false
rikaze-jiangzi,CMFD_rikaze-jiangzi,2022-05-01 00:00,11.7,0.83,2.3,0,低,低,中,tpdc,cmfd-v2,CMFD_V0200,false
rikaze-kangma,CMFD_rikaze-kangma,2022-05-01 00:00,4.9,0.64,2.5,0,低,低,中,tpdc,cmfd-v2,CMFD_V0200,false
rikaze-zhongba,CMFD_rikaze-zhongba,2022-05-01 00:00,6.3,0.02,4.3,0,低,低,中,tpdc,cmfd-v2,CMFD_V0200,false
shannan-cuona,CMFD_shannan-cuona,2022-05-01 00:00,2.7,2.46,1.9,0,低,低,中,tpdc,cmfd-v2,CMFD_V0200,false
ali-gaize,CMFD_ali-gaize,2022-05-01 00:00,6.8,0.53,3.3,0,低,低,中,tpdc,cmfd-v2,CMFD_V0200,false
yushu-chengduo,CMFD_yushu-chengduo,2022-05-01 00:00,6.5,2.78,1.9,0,低,低,中,tpdc,cmfd-v2,CMFD_V0200,false
yushu-zaduo,CMFD_yushu-zaduo,2022-05-01 00:00,6.4,2.83,2.0,0,低,低,中,tpdc,cmfd-v2,CMFD_V0200,false
guoluo-maqin,CMFD_guoluo-maqin,2022-05-01 00:00,5.9,3.2,1.7,0,低,低,中,tpdc,cmfd-v2,CMFD_V0200,false
guoluo-jiuzhi,CMFD_guoluo-jiuzhi,2022-05-01 00:00,4.8,3.32,1.8,0,低,低,中,tpdc,cmfd-v2,CMFD_V0200,false
haibei-gangcha,CMFD_haibei-gangcha,2022-05-01 00:00,6.5,1.23,4.3,0,低,低,中,tpdc,cmfd-v2,CMFD_V0200,false
huangnan-zeku,CMFD_huangnan-zeku,2022-05-01 00:00,4.9,2.73,2.8,0,低,低,中,tpdc,cmfd-v2,CMFD_V0200,false
ganzi-shiqu,CMFD_ganzi-shiqu,2022-05-01 00:00,4.6,3.34,2.3,0,低,低,中,tpdc,cmfd-v2,CMFD_V0200,false
ganzi-seda,CMFD_ganzi-seda,2022-05-01 00:00,5.9,3.78,2.2,0,低,低,中,tpdc,cmfd-v2,CMFD_V0200,false
aba-hongyuan,CMFD_aba-hongyuan,2022-05-01 00:00,5.9,4.54,2.1,0,低,低,中,tpdc,cmfd-v2,CMFD_V0200,false
gannan-luqu,CMFD_gannan-luqu,2022-05-01 00:00,6.0,3.17,2.8,0,低,低,中,tpdc,cmfd-v2,CMFD_V0200,false
naqu-bange,CMFD_naqu-bange,2022-06-01 00:00,7.6,2.14,3.0,0,低,低,中,tpdc,cmfd-v2,CMFD_V0200,false
naqu-seni,CMFD_naqu-seni,2022-06-01 00:00,9.7,2.94,2.5,0,低,低,中,tpdc,cmfd-v2,CMFD_V0200,false
naqu-nierong,CMFD_naqu-nierong,2022-06-01 00:00,8.0,5.1,2.9,0,低,低,中,tpdc,cmfd-v2,CMFD_V0200,false
naqu-anduo,CMFD_naqu-anduo,2022-06-01 00:00,7.6,3.13,3.0,0,低,低,中,tpdc,cmfd-v2,CMFD_V0200,false
naqu-shenzha,CMFD_naqu-shenzha,2022-06-01 00:00,9.8,1.54,3.2,0,低,低,中,tpdc,cmfd-v2,CMFD_V0200,false
changdu-karuo,CMFD_changdu-karuo,2022-06-01 00:00,15.0,4.61,1.6,0,低,低,中,tpdc,cmfd-v2,CMFD_V0200,false
changdu-luolong,CMFD_changdu-luolong,2022-06-01 00:00,12.8,3.54,2.7,0,低,低,中,tpdc,cmfd-v2,CMFD_V0200,false
changdu-leiwuqi,CMFD_changdu-leiwuqi,2022-06-01 00:00,10.5,5.98,1.3,0,低,低,中,tpdc,cmfd-v2,CMFD_V0200,false
changdu-jiangda,CMFD_changdu-jiangda,2022-06-01 00:00,4.8,6.26,1.9,0,低,低,中,tpdc,cmfd-v2,CMFD_V0200,false
rikaze-xietongmen,CMFD_rikaze-xietongmen,2022-06-01 00:00,16.2,1.52,2.6,0,低,低,中,tpdc,cmfd-v2,CMFD_V0200,false
rikaze-jiangzi,CMFD_rikaze-jiangzi,2022-06-01 00:00,14.6,2.22,2.2,0,低,低,中,tpdc,cmfd-v2,CMFD_V0200,false
rikaze-kangma,CMFD_rikaze-kangma,2022-06-01 00:00,8.1,0.86,2.3,0,低,低,中,tpdc,cmfd-v2,CMFD_V0200,false
rikaze-zhongba,CMFD_rikaze-zhongba,2022-06-01 00:00,11.3,0.85,4.3,0,低,低,中,tpdc,cmfd-v2,CMFD_V0200,false
shannan-cuona,CMFD_shannan-cuona,2022-06-01 00:00,5.5,2.29,1.5,0,低,低,中,tpdc,cmfd-v2,CMFD_V0200,false
ali-gaize,CMFD_ali-gaize,2022-06-01 00:00,12.5,0.17,3.3,0,低,低,中,tpdc,cmfd-v2,CMFD_V0200,false
yushu-chengduo,CMFD_yushu-chengduo,2022-06-01 00:00,9.7,3.94,1.6,0,低,低,中,tpdc,cmfd-v2,CMFD_V0200,false
yushu-zaduo,CMFD_yushu-zaduo,2022-06-01 00:00,9.7,3.68,1.6,0,低,低,中,tpdc,cmfd-v2,CMFD_V0200,false
guoluo-maqin,CMFD_guoluo-maqin,2022-06-01 00:00,9.6,3.16,1.7,0,低,低,中,tpdc,cmfd-v2,CMFD_V0200,false
guoluo-jiuzhi,CMFD_guoluo-jiuzhi,2022-06-01 00:00,8.4,4.48,1.6,0,低,低,中,tpdc,cmfd-v2,CMFD_V0200,false
haibei-gangcha,CMFD_haibei-gangcha,2022-06-01 00:00,10.0,3.13,3.8,0,低,低,中,tpdc,cmfd-v2,CMFD_V0200,false
huangnan-zeku,CMFD_huangnan-zeku,2022-06-01 00:00,8.8,2.83,2.6,0,低,低,中,tpdc,cmfd-v2,CMFD_V0200,false
ganzi-shiqu,CMFD_ganzi-shiqu,2022-06-01 00:00,8.3,5.24,2.0,0,低,低,中,tpdc,cmfd-v2,CMFD_V0200,false
ganzi-seda,CMFD_ganzi-seda,2022-06-01 00:00,9.7,6.48,2.3,0,低,低,中,tpdc,cmfd-v2,CMFD_V0200,false
aba-hongyuan,CMFD_aba-hongyuan,2022-06-01 00:00,9.5,4.25,2.2,0,低,低,中,tpdc,cmfd-v2,CMFD_V0200,false
gannan-luqu,CMFD_gannan-luqu,2022-06-01 00:00,10.0,3.03,2.6,0,低,低,中,tpdc,cmfd-v2,CMFD_V0200,false
naqu-bange,CMFD_naqu-bange,2022-07-01 00:00,8.5,1.9,2.4,0,低,低,中,tpdc,cmfd-v2,CMFD_V0200,false
naqu-seni,CMFD_naqu-seni,2022-07-01 00:00,10.9,1.42,2.1,0,低,低,中,tpdc,cmfd-v2,CMFD_V0200,false
naqu-nierong,CMFD_naqu-nierong,2022-07-01 00:00,9.9,1.73,2.5,0,低,低,中,tpdc,cmfd-v2,CMFD_V0200,false
naqu-anduo,CMFD_naqu-anduo,2022-07-01 00:00,9.5,1.77,2.5,0,低,低,中,tpdc,cmfd-v2,CMFD_V0200,false
naqu-shenzha,CMFD_naqu-shenzha,2022-07-01 00:00,10.4,1.17,2.6,0,低,低,中,tpdc,cmfd-v2,CMFD_V0200,false
changdu-karuo,CMFD_changdu-karuo,2022-07-01 00:00,17.4,1.21,1.6,0,低,低,中,tpdc,cmfd-v2,CMFD_V0200,false
changdu-luolong,CMFD_changdu-luolong,2022-07-01 00:00,15.0,0.66,2.2,0,低,低,中,tpdc,cmfd-v2,CMFD_V0200,false
changdu-leiwuqi,CMFD_changdu-leiwuqi,2022-07-01 00:00,12.1,1.4,1.3,0,低,低,中,tpdc,cmfd-v2,CMFD_V0200,false
changdu-jiangda,CMFD_changdu-jiangda,2022-07-01 00:00,6.4,2.31,2.2,0,低,低,中,tpdc,cmfd-v2,CMFD_V0200,false
rikaze-xietongmen,CMFD_rikaze-xietongmen,2022-07-01 00:00,16.3,1.33,2.2,0,低,低,中,tpdc,cmfd-v2,CMFD_V0200,false
rikaze-jiangzi,CMFD_rikaze-jiangzi,2022-07-01 00:00,15.3,1.74,2.0,0,低,低,中,tpdc,cmfd-v2,CMFD_V0200,false
rikaze-kangma,CMFD_rikaze-kangma,2022-07-01 00:00,8.7,0.87,2.0,0,低,低,中,tpdc,cmfd-v2,CMFD_V0200,false
rikaze-zhongba,CMFD_rikaze-zhongba,2022-07-01 00:00,10.6,0.0,3.5,0,低,低,中,tpdc,cmfd-v2,CMFD_V0200,false
shannan-cuona,CMFD_shannan-cuona,2022-07-01 00:00,8.0,1.47,1.3,0,低,低,中,tpdc,cmfd-v2,CMFD_V0200,false
ali-gaize,CMFD_ali-gaize,2022-07-01 00:00,14.1,0.07,3.2,0,低,低,中,tpdc,cmfd-v2,CMFD_V0200,false
yushu-chengduo,CMFD_yushu-chengduo,2022-07-01 00:00,11.6,2.44,1.6,0,低,低,中,tpdc,cmfd-v2,CMFD_V0200,false
yushu-zaduo,CMFD_yushu-zaduo,2022-07-01 00:00,11.6,4.34,1.9,0,低,低,中,tpdc,cmfd-v2,CMFD_V0200,false
guoluo-maqin,CMFD_guoluo-maqin,2022-07-01 00:00,11.4,2.96,1.5,0,低,低,中,tpdc,cmfd-v2,CMFD_V0200,false
guoluo-jiuzhi,CMFD_guoluo-jiuzhi,2022-07-01 00:00,10.7,4.67,1.6,0,低,低,中,tpdc,cmfd-v2,CMFD_V0200,false
haibei-gangcha,CMFD_haibei-gangcha,2022-07-01 00:00,11.9,2.81,3.7,0,低,低,中,tpdc,cmfd-v2,CMFD_V0200,false
huangnan-zeku,CMFD_huangnan-zeku,2022-07-01 00:00,10.9,2.71,2.5,0,低,低,中,tpdc,cmfd-v2,CMFD_V0200,false
ganzi-shiqu,CMFD_ganzi-shiqu,2022-07-01 00:00,9.9,2.75,2.0,0,低,低,中,tpdc,cmfd-v2,CMFD_V0200,false
ganzi-seda,CMFD_ganzi-seda,2022-07-01 00:00,11.0,2.19,1.9,0,低,低,中,tpdc,cmfd-v2,CMFD_V0200,false
aba-hongyuan,CMFD_aba-hongyuan,2022-07-01 00:00,11.7,3.16,2.1,0,低,低,中,tpdc,cmfd-v2,CMFD_V0200,false
gannan-luqu,CMFD_gannan-luqu,2022-07-01 00:00,11.9,3.54,2.6,0,低,低,中,tpdc,cmfd-v2,CMFD_V0200,false
naqu-bange,CMFD_naqu-bange,2022-08-01 00:00,8.9,2.45,2.0,0,低,低,中,tpdc,cmfd-v2,CMFD_V0200,false
naqu-seni,CMFD_naqu-seni,2022-08-01 00:00,11.8,1.96,2.1,0,低,低,中,tpdc,cmfd-v2,CMFD_V0200,false
naqu-nierong,CMFD_naqu-nierong,2022-08-01 00:00,11.2,3.04,2.4,0,低,低,中,tpdc,cmfd-v2,CMFD_V0200,false
naqu-anduo,CMFD_naqu-anduo,2022-08-01 00:00,10.9,2.5,2.4,0,低,低,中,tpdc,cmfd-v2,CMFD_V0200,false
naqu-shenzha,CMFD_naqu-shenzha,2022-08-01 00:00,10.5,1.3,2.1,0,低,低,中,tpdc,cmfd-v2,CMFD_V0200,false
changdu-karuo,CMFD_changdu-karuo,2022-08-01 00:00,19.0,1.06,1.7,0,低,低,中,tpdc,cmfd-v2,CMFD_V0200,false
changdu-luolong,CMFD_changdu-luolong,2022-08-01 00:00,16.1,0.92,2.4,0,低,低,中,tpdc,cmfd-v2,CMFD_V0200,false
changdu-leiwuqi,CMFD_changdu-leiwuqi,2022-08-01 00:00,13.6,1.34,1.3,0,低,低,中,tpdc,cmfd-v2,CMFD_V0200,false
changdu-jiangda,CMFD_changdu-jiangda,2022-08-01 00:00,7.7,3.53,2.1,0,低,低,中,tpdc,cmfd-v2,CMFD_V0200,false
rikaze-xietongmen,CMFD_rikaze-xietongmen,2022-08-01 00:00,15.5,2.02,1.8,0,低,低,中,tpdc,cmfd-v2,CMFD_V0200,false
rikaze-jiangzi,CMFD_rikaze-jiangzi,2022-08-01 00:00,15.1,1.31,1.9,0,低,低,中,tpdc,cmfd-v2,CMFD_V0200,false
rikaze-kangma,CMFD_rikaze-kangma,2022-08-01 00:00,8.7,0.1,2.0,0,低,低,中,tpdc,cmfd-v2,CMFD_V0200,false
rikaze-zhongba,CMFD_rikaze-zhongba,2022-08-01 00:00,10.2,3.68,2.8,0,低,低,中,tpdc,cmfd-v2,CMFD_V0200,false
shannan-cuona,CMFD_shannan-cuona,2022-08-01 00:00,8.3,1.8,1.3,0,低,低,中,tpdc,cmfd-v2,CMFD_V0200,false
ali-gaize,CMFD_ali-gaize,2022-08-01 00:00,13.5,1.17,2.6,0,低,低,中,tpdc,cmfd-v2,CMFD_V0200,false
yushu-chengduo,CMFD_yushu-chengduo,2022-08-01 00:00,13.5,2.21,1.5,0,低,低,中,tpdc,cmfd-v2,CMFD_V0200,false
yushu-zaduo,CMFD_yushu-zaduo,2022-08-01 00:00,13.7,4.59,1.8,0,低,低,中,tpdc,cmfd-v2,CMFD_V0200,false
guoluo-maqin,CMFD_guoluo-maqin,2022-08-01 00:00,13.8,4.78,1.5,0,低,低,中,tpdc,cmfd-v2,CMFD_V0200,false
guoluo-jiuzhi,CMFD_guoluo-jiuzhi,2022-08-01 00:00,12.4,4.01,1.5,0,低,低,中,tpdc,cmfd-v2,CMFD_V0200,false
haibei-gangcha,CMFD_haibei-gangcha,2022-08-01 00:00,14.0,4.82,2.7,0,低,低,中,tpdc,cmfd-v2,CMFD_V0200,false
huangnan-zeku,CMFD_huangnan-zeku,2022-08-01 00:00,13.1,5.51,2.2,0,低,低,中,tpdc,cmfd-v2,CMFD_V0200,false
ganzi-shiqu,CMFD_ganzi-shiqu,2022-08-01 00:00,12.0,4.03,1.9,0,低,低,中,tpdc,cmfd-v2,CMFD_V0200,false
ganzi-seda,CMFD_ganzi-seda,2022-08-01 00:00,12.8,4.05,1.9,0,低,低,中,tpdc,cmfd-v2,CMFD_V0200,false
aba-hongyuan,CMFD_aba-hongyuan,2022-08-01 00:00,13.0,3.08,2.0,0,低,低,中,tpdc,cmfd-v2,CMFD_V0200,false
gannan-luqu,CMFD_gannan-luqu,2022-08-01 00:00,14.1,4.39,2.6,0,低,低,中,tpdc,cmfd-v2,CMFD_V0200,false
naqu-bange,CMFD_naqu-bange,2022-09-01 00:00,4.2,2.73,2.2,0,低,低,中,tpdc,cmfd-v2,CMFD_V0200,false
naqu-seni,CMFD_naqu-seni,2022-09-01 00:00,6.8,2.85,2.0,0,低,低,中,tpdc,cmfd-v2,CMFD_V0200,false
naqu-nierong,CMFD_naqu-nierong,2022-09-01 00:00,4.6,4.03,2.3,0,低,低,中,tpdc,cmfd-v2,CMFD_V0200,false
naqu-anduo,CMFD_naqu-anduo,2022-09-01 00:00,4.7,3.23,2.3,0,低,低,中,tpdc,cmfd-v2,CMFD_V0200,false
naqu-shenzha,CMFD_naqu-shenzha,2022-09-01 00:00,5.9,1.41,2.3,0,低,低,中,tpdc,cmfd-v2,CMFD_V0200,false
changdu-karuo,CMFD_changdu-karuo,2022-09-01 00:00,12.7,5.82,1.5,0,低,低,中,tpdc,cmfd-v2,CMFD_V0200,false
changdu-luolong,CMFD_changdu-luolong,2022-09-01 00:00,10.6,3.25,2.0,0,低,低,中,tpdc,cmfd-v2,CMFD_V0200,false
changdu-leiwuqi,CMFD_changdu-leiwuqi,2022-09-01 00:00,8.2,4.17,1.1,0,低,低,中,tpdc,cmfd-v2,CMFD_V0200,false
changdu-jiangda,CMFD_changdu-jiangda,2022-09-01 00:00,2.4,4.17,1.9,0,低,低,中,tpdc,cmfd-v2,CMFD_V0200,false
rikaze-xietongmen,CMFD_rikaze-xietongmen,2022-09-01 00:00,12.4,2.8,1.8,0,低,低,中,tpdc,cmfd-v2,CMFD_V0200,false
rikaze-jiangzi,CMFD_rikaze-jiangzi,2022-09-01 00:00,12.2,1.97,1.7,0,低,低,中,tpdc,cmfd-v2,CMFD_V0200,false
rikaze-kangma,CMFD_rikaze-kangma,2022-09-01 00:00,6.3,0.33,2.1,0,低,低,中,tpdc,cmfd-v2,CMFD_V0200,false
rikaze-zhongba,CMFD_rikaze-zhongba,2022-09-01 00:00,7.7,1.59,3.2,0,低,低,中,tpdc,cmfd-v2,CMFD_V0200,false
shannan-cuona,CMFD_shannan-cuona,2022-09-01 00:00,6.0,1.51,1.7,0,低,低,中,tpdc,cmfd-v2,CMFD_V0200,false
ali-gaize,CMFD_ali-gaize,2022-09-01 00:00,8.5,0.52,2.7,0,低,低,中,tpdc,cmfd-v2,CMFD_V0200,false
yushu-chengduo,CMFD_yushu-chengduo,2022-09-01 00:00,7.1,3.64,1.4,0,低,低,中,tpdc,cmfd-v2,CMFD_V0200,false
yushu-zaduo,CMFD_yushu-zaduo,2022-09-01 00:00,7.7,3.42,1.7,0,低,低,中,tpdc,cmfd-v2,CMFD_V0200,false
guoluo-maqin,CMFD_guoluo-maqin,2022-09-01 00:00,6.5,2.8,1.5,0,低,低,中,tpdc,cmfd-v2,CMFD_V0200,false
guoluo-jiuzhi,CMFD_guoluo-jiuzhi,2022-09-01 00:00,5.9,3.04,1.7,0,低,低,中,tpdc,cmfd-v2,CMFD_V0200,false
haibei-gangcha,CMFD_haibei-gangcha,2022-09-01 00:00,6.4,1.59,3.3,0,低,低,中,tpdc,cmfd-v2,CMFD_V0200,false
huangnan-zeku,CMFD_huangnan-zeku,2022-09-01 00:00,5.3,2.8,2.2,0,低,低,中,tpdc,cmfd-v2,CMFD_V0200,false
ganzi-shiqu,CMFD_ganzi-shiqu,2022-09-01 00:00,5.8,3.12,1.9,0,低,低,中,tpdc,cmfd-v2,CMFD_V0200,false
ganzi-seda,CMFD_ganzi-seda,2022-09-01 00:00,7.3,4.33,1.8,0,低,低,中,tpdc,cmfd-v2,CMFD_V0200,false
aba-hongyuan,CMFD_aba-hongyuan,2022-09-01 00:00,6.7,4.61,2.1,0,低,低,中,tpdc,cmfd-v2,CMFD_V0200,false
gannan-luqu,CMFD_gannan-luqu,2022-09-01 00:00,6.3,3.09,2.3,0,低,低,中,tpdc,cmfd-v2,CMFD_V0200,false
naqu-bange,CMFD_naqu-bange,2022-10-01 00:00,-0.1,0.9,2.7,0,中,低,中,tpdc,cmfd-v2,CMFD_V0200,false
naqu-seni,CMFD_naqu-seni,2022-10-01 00:00,1.0,2.8,1.9,0,低,低,中,tpdc,cmfd-v2,CMFD_V0200,false
naqu-nierong,CMFD_naqu-nierong,2022-10-01 00:00,-4.1,2.49,1.8,0,中,低,中,tpdc,cmfd-v2,CMFD_V0200,false
naqu-anduo,CMFD_naqu-anduo,2022-10-01 00:00,-2.5,1.41,2.3,0,中,低,中,tpdc,cmfd-v2,CMFD_V0200,false
naqu-shenzha,CMFD_naqu-shenzha,2022-10-01 00:00,0.9,0.36,2.9,0,低,低,中,tpdc,cmfd-v2,CMFD_V0200,false
changdu-karuo,CMFD_changdu-karuo,2022-10-01 00:00,8.5,1.19,1.7,0,低,低,中,tpdc,cmfd-v2,CMFD_V0200,false
changdu-luolong,CMFD_changdu-luolong,2022-10-01 00:00,6.3,1.73,2.1,0,低,低,中,tpdc,cmfd-v2,CMFD_V0200,false
changdu-leiwuqi,CMFD_changdu-leiwuqi,2022-10-01 00:00,3.8,2.69,1.1,0,低,低,中,tpdc,cmfd-v2,CMFD_V0200,false
changdu-jiangda,CMFD_changdu-jiangda,2022-10-01 00:00,-1.6,3.3,2.2,0,中,低,中,tpdc,cmfd-v2,CMFD_V0200,false
rikaze-xietongmen,CMFD_rikaze-xietongmen,2022-10-01 00:00,8.4,0.09,2.1,0,低,低,中,tpdc,cmfd-v2,CMFD_V0200,false
rikaze-jiangzi,CMFD_rikaze-jiangzi,2022-10-01 00:00,8.5,0.39,2.1,0,低,低,中,tpdc,cmfd-v2,CMFD_V0200,false
rikaze-kangma,CMFD_rikaze-kangma,2022-10-01 00:00,2.0,0.25,2.2,0,低,低,中,tpdc,cmfd-v2,CMFD_V0200,false
rikaze-zhongba,CMFD_rikaze-zhongba,2022-10-01 00:00,-0.0,0.09,3.3,0,低,低,中,tpdc,cmfd-v2,CMFD_V0200,false
shannan-cuona,CMFD_shannan-cuona,2022-10-01 00:00,0.8,2.4,1.7,0,低,低,中,tpdc,cmfd-v2,CMFD_V0200,false
ali-gaize,CMFD_ali-gaize,2022-10-01 00:00,-0.8,0.23,2.4,0,中,低,中,tpdc,cmfd-v2,CMFD_V0200,false
yushu-chengduo,CMFD_yushu-chengduo,2022-10-01 00:00,2.8,2.45,1.2,0,低,低,中,tpdc,cmfd-v2,CMFD_V0200,false
yushu-zaduo,CMFD_yushu-zaduo,2022-10-01 00:00,2.0,1.98,1.7,0,低,低,中,tpdc,cmfd-v2,CMFD_V0200,false
guoluo-maqin,CMFD_guoluo-maqin,2022-10-01 00:00,3.1,0.93,1.5,0,低,低,中,tpdc,cmfd-v2,CMFD_V0200,false
guoluo-jiuzhi,CMFD_guoluo-jiuzhi,2022-10-01 00:00,2.5,2.15,1.7,0,低,低,中,tpdc,cmfd-v2,CMFD_V0200,false
haibei-gangcha,CMFD_haibei-gangcha,2022-10-01 00:00,1.7,0.44,4.0,0,低,低,中,tpdc,cmfd-v2,CMFD_V0200,false
huangnan-zeku,CMFD_huangnan-zeku,2022-10-01 00:00,1.8,1.41,2.2,0,低,低,中,tpdc,cmfd-v2,CMFD_V0200,false
ganzi-shiqu,CMFD_ganzi-shiqu,2022-10-01 00:00,1.1,3.12,1.8,0,低,低,中,tpdc,cmfd-v2,CMFD_V0200,false
ganzi-seda,CMFD_ganzi-seda,2022-10-01 00:00,2.7,3.73,1.6,0,低,低,中,tpdc,cmfd-v2,CMFD_V0200,false
aba-hongyuan,CMFD_aba-hongyuan,2022-10-01 00:00,3.5,2.67,2.0,0,低,低,中,tpdc,cmfd-v2,CMFD_V0200,false
gannan-luqu,CMFD_gannan-luqu,2022-10-01 00:00,3.0,2.36,2.5,0,低,低,中,tpdc,cmfd-v2,CMFD_V0200,false
naqu-bange,CMFD_naqu-bange,2022-11-01 00:00,-3.3,0.0,3.6,0,中,低,中,tpdc,cmfd-v2,CMFD_V0200,false
naqu-seni,CMFD_naqu-seni,2022-11-01 00:00,-3.9,0.22,2.3,0,中,低,中,tpdc,cmfd-v2,CMFD_V0200,false
naqu-nierong,CMFD_naqu-nierong,2022-11-01 00:00,-11.1,0.29,1.8,0,高,低,中,tpdc,cmfd-v2,CMFD_V0200,false
naqu-anduo,CMFD_naqu-anduo,2022-11-01 00:00,-6.9,0.04,3.1,0,中,低,中,tpdc,cmfd-v2,CMFD_V0200,false
naqu-shenzha,CMFD_naqu-shenzha,2022-11-01 00:00,-4.3,0.0,3.6,0,中,低,中,tpdc,cmfd-v2,CMFD_V0200,false
changdu-karuo,CMFD_changdu-karuo,2022-11-01 00:00,3.0,0.0,1.5,0,低,低,中,tpdc,cmfd-v2,CMFD_V0200,false
changdu-luolong,CMFD_changdu-luolong,2022-11-01 00:00,0.5,0.0,1.8,0,低,低,中,tpdc,cmfd-v2,CMFD_V0200,false
changdu-leiwuqi,CMFD_changdu-leiwuqi,2022-11-01 00:00,-2.4,0.04,1.1,0,中,低,中,tpdc,cmfd-v2,CMFD_V0200,false
changdu-jiangda,CMFD_changdu-jiangda,2022-11-01 00:00,-7.2,0.02,2.6,0,中,低,中,tpdc,cmfd-v2,CMFD_V0200,false
rikaze-xietongmen,CMFD_rikaze-xietongmen,2022-11-01 00:00,3.0,0.0,2.3,0,低,低,中,tpdc,cmfd-v2,CMFD_V0200,false
rikaze-jiangzi,CMFD_rikaze-jiangzi,2022-11-01 00:00,3.8,0.0,2.0,0,低,低,中,tpdc,cmfd-v2,CMFD_V0200,false
rikaze-kangma,CMFD_rikaze-kangma,2022-11-01 00:00,-4.6,0.0,1.8,0,中,低,中,tpdc,cmfd-v2,CMFD_V0200,false
rikaze-zhongba,CMFD_rikaze-zhongba,2022-11-01 00:00,-3.5,0.0,3.8,0,中,低,中,tpdc,cmfd-v2,CMFD_V0200,false
shannan-cuona,CMFD_shannan-cuona,2022-11-01 00:00,-4.8,0.05,1.4,0,中,低,中,tpdc,cmfd-v2,CMFD_V0200,false
ali-gaize,CMFD_ali-gaize,2022-11-01 00:00,-4.4,0.03,2.8,0,中,低,中,tpdc,cmfd-v2,CMFD_V0200,false
yushu-chengduo,CMFD_yushu-chengduo,2022-11-01 00:00,-2.5,0.28,1.1,0,中,低,中,tpdc,cmfd-v2,CMFD_V0200,false
yushu-zaduo,CMFD_yushu-zaduo,2022-11-01 00:00,-3.6,0.24,2.2,0,中,低,中,tpdc,cmfd-v2,CMFD_V0200,false
guoluo-maqin,CMFD_guoluo-maqin,2022-11-01 00:00,-2.9,0.17,1.9,0,中,低,中,tpdc,cmfd-v2,CMFD_V0200,false
guoluo-jiuzhi,CMFD_guoluo-jiuzhi,2022-11-01 00:00,-2.6,0.29,2.0,0,中,低,中,tpdc,cmfd-v2,CMFD_V0200,false
haibei-gangcha,CMFD_haibei-gangcha,2022-11-01 00:00,-3.6,0.0,5.4,0,中,低,中,tpdc,cmfd-v2,CMFD_V0200,false
huangnan-zeku,CMFD_huangnan-zeku,2022-11-01 00:00,-3.8,0.05,2.5,0,中,低,中,tpdc,cmfd-v2,CMFD_V0200,false
ganzi-shiqu,CMFD_ganzi-shiqu,2022-11-01 00:00,-3.5,0.08,2.3,0,中,低,中,tpdc,cmfd-v2,CMFD_V0200,false
ganzi-seda,CMFD_ganzi-seda,2022-11-01 00:00,-2.8,0.0,2.0,0,中,低,中,tpdc,cmfd-v2,CMFD_V0200,false
aba-hongyuan,CMFD_aba-hongyuan,2022-11-01 00:00,-1.4,0.33,2.2,0,中,低,中,tpdc,cmfd-v2,CMFD_V0200,false
gannan-luqu,CMFD_gannan-luqu,2022-11-01 00:00,-2.0,0.27,2.7,0,中,低,中,tpdc,cmfd-v2,CMFD_V0200,false
naqu-bange,CMFD_naqu-bange,2022-12-01 00:00,-9.8,0.0,3.5,0,中,低,中,tpdc,cmfd-v2,CMFD_V0200,false
naqu-seni,CMFD_naqu-seni,2022-12-01 00:00,-9.0,0.01,2.5,0,中,低,中,tpdc,cmfd-v2,CMFD_V0200,false
naqu-nierong,CMFD_naqu-nierong,2022-12-01 00:00,-12.4,0.0,2.4,0,高,低,中,tpdc,cmfd-v2,CMFD_V0200,false
naqu-anduo,CMFD_naqu-anduo,2022-12-01 00:00,-10.7,0.0,3.4,0,高,低,中,tpdc,cmfd-v2,CMFD_V0200,false
naqu-shenzha,CMFD_naqu-shenzha,2022-12-01 00:00,-7.9,0.0,3.5,0,中,低,中,tpdc,cmfd-v2,CMFD_V0200,false
changdu-karuo,CMFD_changdu-karuo,2022-12-01 00:00,-0.9,0.01,1.4,0,中,低,中,tpdc,cmfd-v2,CMFD_V0200,false
changdu-luolong,CMFD_changdu-luolong,2022-12-01 00:00,-3.1,0.09,1.6,0,中,低,中,tpdc,cmfd-v2,CMFD_V0200,false
changdu-leiwuqi,CMFD_changdu-leiwuqi,2022-12-01 00:00,-6.3,0.03,1.0,0,中,低,中,tpdc,cmfd-v2,CMFD_V0200,false
changdu-jiangda,CMFD_changdu-jiangda,2022-12-01 00:00,-11.1,0.0,2.7,0,高,低,中,tpdc,cmfd-v2,CMFD_V0200,false
rikaze-xietongmen,CMFD_rikaze-xietongmen,2022-12-01 00:00,-0.8,0.0,1.9,0,中,低,中,tpdc,cmfd-v2,CMFD_V0200,false
rikaze-jiangzi,CMFD_rikaze-jiangzi,2022-12-01 00:00,-2.1,0.0,1.5,0,中,低,中,tpdc,cmfd-v2,CMFD_V0200,false
rikaze-kangma,CMFD_rikaze-kangma,2022-12-01 00:00,-8.1,0.0,1.4,0,中,低,中,tpdc,cmfd-v2,CMFD_V0200,false
rikaze-zhongba,CMFD_rikaze-zhongba,2022-12-01 00:00,-7.1,0.0,3.5,0,中,低,中,tpdc,cmfd-v2,CMFD_V0200,false
shannan-cuona,CMFD_shannan-cuona,2022-12-01 00:00,-8.7,0.11,0.8,0,中,低,中,tpdc,cmfd-v2,CMFD_V0200,false
ali-gaize,CMFD_ali-gaize,2022-12-01 00:00,-7.7,0.0,3.2,0,中,低,中,tpdc,cmfd-v2,CMFD_V0200,false
yushu-chengduo,CMFD_yushu-chengduo,2022-12-01 00:00,-6.7,0.07,1.4,0,中,低,中,tpdc,cmfd-v2,CMFD_V0200,false
yushu-zaduo,CMFD_yushu-zaduo,2022-12-01 00:00,-7.4,0.07,2.1,0,中,低,中,tpdc,cmfd-v2,CMFD_V0200,false
guoluo-maqin,CMFD_guoluo-maqin,2022-12-01 00:00,-9.0,0.0,1.7,0,中,低,中,tpdc,cmfd-v2,CMFD_V0200,false
guoluo-jiuzhi,CMFD_guoluo-jiuzhi,2022-12-01 00:00,-8.9,0.03,1.9,0,中,低,中,tpdc,cmfd-v2,CMFD_V0200,false
haibei-gangcha,CMFD_haibei-gangcha,2022-12-01 00:00,-10.5,0.0,5.2,0,高,低,中,tpdc,cmfd-v2,CMFD_V0200,false
huangnan-zeku,CMFD_huangnan-zeku,2022-12-01 00:00,-11.0,0.01,2.9,0,高,低,中,tpdc,cmfd-v2,CMFD_V0200,false
ganzi-shiqu,CMFD_ganzi-shiqu,2022-12-01 00:00,-8.3,0.07,2.7,0,中,低,中,tpdc,cmfd-v2,CMFD_V0200,false
ganzi-seda,CMFD_ganzi-seda,2022-12-01 00:00,-8.4,0.08,2.1,0,中,低,中,tpdc,cmfd-v2,CMFD_V0200,false
aba-hongyuan,CMFD_aba-hongyuan,2022-12-01 00:00,-8.7,0.03,1.9,0,中,低,中,tpdc,cmfd-v2,CMFD_V0200,false
gannan-luqu,CMFD_gannan-luqu,2022-12-01 00:00,-8.5,0.01,2.5,0,中,低,中,tpdc,cmfd-v2,CMFD_V0200,false
naqu-bange,CMFD_naqu-bange,2023-01-01 00:00,-12.0,0.02,3.3,0,高,低,中,tpdc,cmfd-v2,CMFD_V0200,false
naqu-seni,CMFD_naqu-seni,2023-01-01 00:00,-9.0,0.04,2.6,0,中,低,中,tpdc,cmfd-v2,CMFD_V0200,false
naqu-nierong,CMFD_naqu-nierong,2023-01-01 00:00,-11.7,0.06,3.1,0,高,低,中,tpdc,cmfd-v2,CMFD_V0200,false
naqu-anduo,CMFD_naqu-anduo,2023-01-01 00:00,-12.6,0.01,3.5,0,高,低,中,tpdc,cmfd-v2,CMFD_V0200,false
naqu-shenzha,CMFD_naqu-shenzha,2023-01-01 00:00,-8.6,0.0,3.4,0,中,低,中,tpdc,cmfd-v2,CMFD_V0200,false
changdu-karuo,CMFD_changdu-karuo,2023-01-01 00:00,-1.1,0.0,1.5,0,中,低,中,tpdc,cmfd-v2,CMFD_V0200,false
changdu-luolong,CMFD_changdu-luolong,2023-01-01 00:00,-4.1,0.0,2.1,0,中,低,中,tpdc,cmfd-v2,CMFD_V0200,false
changdu-leiwuqi,CMFD_changdu-leiwuqi,2023-01-01 00:00,-6.8,0.0,1.1,0,中,低,中,tpdc,cmfd-v2,CMFD_V0200,false
changdu-jiangda,CMFD_changdu-jiangda,2023-01-01 00:00,-10.0,0.0,2.7,0,中,低,中,tpdc,cmfd-v2,CMFD_V0200,false
rikaze-xietongmen,CMFD_rikaze-xietongmen,2023-01-01 00:00,-0.6,0.0,2.5,0,中,低,中,tpdc,cmfd-v2,CMFD_V0200,false
rikaze-jiangzi,CMFD_rikaze-jiangzi,2023-01-01 00:00,-0.6,0.0,2.2,0,中,低,中,tpdc,cmfd-v2,CMFD_V0200,false
rikaze-kangma,CMFD_rikaze-kangma,2023-01-01 00:00,-7.0,0.0,2.2,0,中,低,中,tpdc,cmfd-v2,CMFD_V0200,false
rikaze-zhongba,CMFD_rikaze-zhongba,2023-01-01 00:00,-6.4,0.04,4.9,0,中,低,中,tpdc,cmfd-v2,CMFD_V0200,false
shannan-cuona,CMFD_shannan-cuona,2023-01-01 00:00,-10.3,0.04,1.8,0,高,低,中,tpdc,cmfd-v2,CMFD_V0200,false
ali-gaize,CMFD_ali-gaize,2023-01-01 00:00,-9.3,0.0,3.9,0,中,低,中,tpdc,cmfd-v2,CMFD_V0200,false
yushu-chengduo,CMFD_yushu-chengduo,2023-01-01 00:00,-8.2,0.12,1.2,0,中,低,中,tpdc,cmfd-v2,CMFD_V0200,false
yushu-zaduo,CMFD_yushu-zaduo,2023-01-01 00:00,-7.9,0.21,2.3,0,中,低,中,tpdc,cmfd-v2,CMFD_V0200,false
guoluo-maqin,CMFD_guoluo-maqin,2023-01-01 00:00,-9.1,0.02,1.9,0,中,低,中,tpdc,cmfd-v2,CMFD_V0200,false
guoluo-jiuzhi,CMFD_guoluo-jiuzhi,2023-01-01 00:00,-8.7,0.19,1.9,0,中,低,中,tpdc,cmfd-v2,CMFD_V0200,false
haibei-gangcha,CMFD_haibei-gangcha,2023-01-01 00:00,-12.1,0.01,4.8,0,高,低,中,tpdc,cmfd-v2,CMFD_V0200,false
huangnan-zeku,CMFD_huangnan-zeku,2023-01-01 00:00,-11.6,0.12,2.8,0,高,低,中,tpdc,cmfd-v2,CMFD_V0200,false
ganzi-shiqu,CMFD_ganzi-shiqu,2023-01-01 00:00,-9.7,0.1,2.2,0,中,低,中,tpdc,cmfd-v2,CMFD_V0200,false
ganzi-seda,CMFD_ganzi-seda,2023-01-01 00:00,-8.5,0.04,2.2,0,中,低,中,tpdc,cmfd-v2,CMFD_V0200,false
aba-hongyuan,CMFD_aba-hongyuan,2023-01-01 00:00,-8.4,0.17,2.2,0,中,低,中,tpdc,cmfd-v2,CMFD_V0200,false
gannan-luqu,CMFD_gannan-luqu,2023-01-01 00:00,-8.8,0.08,2.8,0,中,低,中,tpdc,cmfd-v2,CMFD_V0200,false
naqu-bange,CMFD_naqu-bange,2023-02-01 00:00,-10.3,0.03,3.4,0,高,低,中,tpdc,cmfd-v2,CMFD_V0200,false
naqu-seni,CMFD_naqu-seni,2023-02-01 00:00,-6.4,0.14,2.9,0,中,低,中,tpdc,cmfd-v2,CMFD_V0200,false
naqu-nierong,CMFD_naqu-nierong,2023-02-01 00:00,-9.2,0.18,3.1,0,中,低,中,tpdc,cmfd-v2,CMFD_V0200,false
naqu-anduo,CMFD_naqu-anduo,2023-02-01 00:00,-10.4,0.04,3.2,0,高,低,中,tpdc,cmfd-v2,CMFD_V0200,false
naqu-shenzha,CMFD_naqu-shenzha,2023-02-01 00:00,-7.1,0.0,3.2,0,中,低,中,tpdc,cmfd-v2,CMFD_V0200,false
changdu-karuo,CMFD_changdu-karuo,2023-02-01 00:00,2.0,0.32,1.7,0,低,低,中,tpdc,cmfd-v2,CMFD_V0200,false
changdu-luolong,CMFD_changdu-luolong,2023-02-01 00:00,-1.3,0.55,2.6,0,中,低,中,tpdc,cmfd-v2,CMFD_V0200,false
changdu-leiwuqi,CMFD_changdu-leiwuqi,2023-02-01 00:00,-3.8,0.55,1.2,0,中,低,中,tpdc,cmfd-v2,CMFD_V0200,false
changdu-jiangda,CMFD_changdu-jiangda,2023-02-01 00:00,-7.1,0.31,2.5,0,中,低,中,tpdc,cmfd-v2,CMFD_V0200,false
rikaze-xietongmen,CMFD_rikaze-xietongmen,2023-02-01 00:00,1.8,0.0,2.6,0,低,低,中,tpdc,cmfd-v2,CMFD_V0200,false
rikaze-jiangzi,CMFD_rikaze-jiangzi,2023-02-01 00:00,1.6,0.0,2.5,0,低,低,中,tpdc,cmfd-v2,CMFD_V0200,false
rikaze-kangma,CMFD_rikaze-kangma,2023-02-01 00:00,-4.7,0.0,2.5,0,中,低,中,tpdc,cmfd-v2,CMFD_V0200,false
rikaze-zhongba,CMFD_rikaze-zhongba,2023-02-01 00:00,-3.3,0.0,4.5,0,中,低,中,tpdc,cmfd-v2,CMFD_V0200,false
shannan-cuona,CMFD_shannan-cuona,2023-02-01 00:00,-7.7,0.46,1.6,0,中,低,中,tpdc,cmfd-v2,CMFD_V0200,false
ali-gaize,CMFD_ali-gaize,2023-02-01 00:00,-6.0,0.0,3.7,0,中,低,中,tpdc,cmfd-v2,CMFD_V0200,false
yushu-chengduo,CMFD_yushu-chengduo,2023-02-01 00:00,-4.7,0.42,1.7,0,中,低,中,tpdc,cmfd-v2,CMFD_V0200,false
yushu-zaduo,CMFD_yushu-zaduo,2023-02-01 00:00,-5.6,0.42,2.2,0,中,低,中,tpdc,cmfd-v2,CMFD_V0200,false
guoluo-maqin,CMFD_guoluo-maqin,2023-02-01 00:00,-5.4,0.31,1.9,0,中,低,中,tpdc,cmfd-v2,CMFD_V0200,false
guoluo-jiuzhi,CMFD_guoluo-jiuzhi,2023-02-01 00:00,-5.5,0.84,2.0,0,中,低,中,tpdc,cmfd-v2,CMFD_V0200,false
haibei-gangcha,CMFD_haibei-gangcha,2023-02-01 00:00,-7.8,0.3,4.2,0,中,低,中,tpdc,cmfd-v2,CMFD_V0200,false
huangnan-zeku,CMFD_huangnan-zeku,2023-02-01 00:00,-7.1,0.37,2.7,0,中,低,中,tpdc,cmfd-v2,CMFD_V0200,false
ganzi-shiqu,CMFD_ganzi-shiqu,2023-02-01 00:00,-6.4,0.32,2.7,0,中,低,中,tpdc,cmfd-v2,CMFD_V0200,false
ganzi-seda,CMFD_ganzi-seda,2023-02-01 00:00,-4.5,0.39,2.4,0,中,低,中,tpdc,cmfd-v2,CMFD_V0200,false
aba-hongyuan,CMFD_aba-hongyuan,2023-02-01 00:00,-3.6,0.63,2.3,0,中,低,中,tpdc,cmfd-v2,CMFD_V0200,false
gannan-luqu,CMFD_gannan-luqu,2023-02-01 00:00,-4.9,0.44,2.9,0,中,低,中,tpdc,cmfd-v2,CMFD_V0200,false
naqu-bange,CMFD_naqu-bange,2023-03-01 00:00,-5.3,0.34,3.4,0,中,低,中,tpdc,cmfd-v2,CMFD_V0200,false
naqu-seni,CMFD_naqu-seni,2023-03-01 00:00,-4.2,0.89,2.5,0,中,低,中,tpdc,cmfd-v2,CMFD_V0200,false
naqu-nierong,CMFD_naqu-nierong,2023-03-01 00:00,-9.5,1.23,2.2,0,中,低,中,tpdc,cmfd-v2,CMFD_V0200,false
naqu-anduo,CMFD_naqu-anduo,2023-03-01 00:00,-7.0,0.55,3.0,0,中,低,中,tpdc,cmfd-v2,CMFD_V0200,false
naqu-shenzha,CMFD_naqu-shenzha,2023-03-01 00:00,-5.6,0.36,3.4,0,中,低,中,tpdc,cmfd-v2,CMFD_V0200,false
changdu-karuo,CMFD_changdu-karuo,2023-03-01 00:00,4.6,0.18,1.9,0,低,低,中,tpdc,cmfd-v2,CMFD_V0200,false
changdu-luolong,CMFD_changdu-luolong,2023-03-01 00:00,0.8,0.59,2.4,0,低,低,中,tpdc,cmfd-v2,CMFD_V0200,false
changdu-leiwuqi,CMFD_changdu-leiwuqi,2023-03-01 00:00,-1.5,0.71,1.3,0,中,低,中,tpdc,cmfd-v2,CMFD_V0200,false
changdu-jiangda,CMFD_changdu-jiangda,2023-03-01 00:00,-4.2,0.46,2.6,0,中,低,中,tpdc,cmfd-v2,CMFD_V0200,false
rikaze-xietongmen,CMFD_rikaze-xietongmen,2023-03-01 00:00,3.3,0.18,2.8,0,低,低,中,tpdc,cmfd-v2,CMFD_V0200,false
rikaze-jiangzi,CMFD_rikaze-jiangzi,2023-03-01 00:00,3.3,0.16,2.2,0,低,低,中,tpdc,cmfd-v2,CMFD_V0200,false
rikaze-kangma,CMFD_rikaze-kangma,2023-03-01 00:00,-3.8,0.38,2.3,0,中,低,中,tpdc,cmfd-v2,CMFD_V0200,false
rikaze-zhongba,CMFD_rikaze-zhongba,2023-03-01 00:00,-1.7,0.02,4.3,0,中,低,中,tpdc,cmfd-v2,CMFD_V0200,false
shannan-cuona,CMFD_shannan-cuona,2023-03-01 00:00,-7.0,1.72,1.6,0,中,低,中,tpdc,cmfd-v2,CMFD_V0200,false
ali-gaize,CMFD_ali-gaize,2023-03-01 00:00,-3.2,0.0,2.8,0,中,低,中,tpdc,cmfd-v2,CMFD_V0200,false
yushu-chengduo,CMFD_yushu-chengduo,2023-03-01 00:00,-1.9,0.48,1.8,0,中,低,中,tpdc,cmfd-v2,CMFD_V0200,false
yushu-zaduo,CMFD_yushu-zaduo,2023-03-01 00:00,-3.1,0.6,2.1,0,中,低,中,tpdc,cmfd-v2,CMFD_V0200,false
guoluo-maqin,CMFD_guoluo-maqin,2023-03-01 00:00,-2.8,0.63,1.8,0,中,低,中,tpdc,cmfd-v2,CMFD_V0200,false
guoluo-jiuzhi,CMFD_guoluo-jiuzhi,2023-03-01 00:00,-3.2,1.47,1.8,0,中,低,中,tpdc,cmfd-v2,CMFD_V0200,false
haibei-gangcha,CMFD_haibei-gangcha,2023-03-01 00:00,-3.7,0.15,3.9,0,中,低,中,tpdc,cmfd-v2,CMFD_V0200,false
huangnan-zeku,CMFD_huangnan-zeku,2023-03-01 00:00,-4.1,0.69,2.3,0,中,低,中,tpdc,cmfd-v2,CMFD_V0200,false
ganzi-shiqu,CMFD_ganzi-shiqu,2023-03-01 00:00,-4.3,0.9,2.4,0,中,低,中,tpdc,cmfd-v2,CMFD_V0200,false
ganzi-seda,CMFD_ganzi-seda,2023-03-01 00:00,-2.6,1.14,2.0,0,中,低,中,tpdc,cmfd-v2,CMFD_V0200,false
aba-hongyuan,CMFD_aba-hongyuan,2023-03-01 00:00,-2.0,1.77,2.1,0,中,低,中,tpdc,cmfd-v2,CMFD_V0200,false
gannan-luqu,CMFD_gannan-luqu,2023-03-01 00:00,-1.9,1.03,2.6,0,中,低,中,tpdc,cmfd-v2,CMFD_V0200,false
naqu-bange,CMFD_naqu-bange,2023-04-01 00:00,0.4,0.41,3.6,0,低,低,中,tpdc,cmfd-v2,CMFD_V0200,false
naqu-seni,CMFD_naqu-seni,2023-04-01 00:00,-0.3,0.84,2.6,0,中,低,中,tpdc,cmfd-v2,CMFD_V0200,false
naqu-nierong,CMFD_naqu-nierong,2023-04-01 00:00,-5.9,0.91,2.4,0,中,低,中,tpdc,cmfd-v2,CMFD_V0200,false
naqu-anduo,CMFD_naqu-anduo,2023-04-01 00:00,-3.0,0.69,3.1,0,中,低,中,tpdc,cmfd-v2,CMFD_V0200,false
naqu-shenzha,CMFD_naqu-shenzha,2023-04-01 00:00,-0.4,0.16,3.4,0,中,低,中,tpdc,cmfd-v2,CMFD_V0200,false
changdu-karuo,CMFD_changdu-karuo,2023-04-01 00:00,8.1,0.16,2.1,0,低,低,中,tpdc,cmfd-v2,CMFD_V0200,false
changdu-luolong,CMFD_changdu-luolong,2023-04-01 00:00,4.6,1.13,2.8,0,低,低,中,tpdc,cmfd-v2,CMFD_V0200,false
changdu-leiwuqi,CMFD_changdu-leiwuqi,2023-04-01 00:00,2.2,0.83,1.3,0,低,低,中,tpdc,cmfd-v2,CMFD_V0200,false
changdu-jiangda,CMFD_changdu-jiangda,2023-04-01 00:00,-1.6,0.63,2.7,0,中,低,中,tpdc,cmfd-v2,CMFD_V0200,false
rikaze-xietongmen,CMFD_rikaze-xietongmen,2023-04-01 00:00,7.1,0.0,3.0,0,低,低,中,tpdc,cmfd-v2,CMFD_V0200,false
rikaze-jiangzi,CMFD_rikaze-jiangzi,2023-04-01 00:00,7.2,0.0,2.6,0,低,低,中,tpdc,cmfd-v2,CMFD_V0200,false
rikaze-kangma,CMFD_rikaze-kangma,2023-04-01 00:00,0.3,0.0,2.5,0,低,低,中,tpdc,cmfd-v2,CMFD_V0200,false
rikaze-zhongba,CMFD_rikaze-zhongba,2023-04-01 00:00,0.6,0.0,4.1,0,低,低,中,tpdc,cmfd-v2,CMFD_V0200,false
shannan-cuona,CMFD_shannan-cuona,2023-04-01 00:00,-3.1,1.68,1.9,0,中,低,中,tpdc,cmfd-v2,CMFD_V0200,false
ali-gaize,CMFD_ali-gaize,2023-04-01 00:00,0.7,0.12,3.4,0,低,低,中,tpdc,cmfd-v2,CMFD_V0200,false
yushu-chengduo,CMFD_yushu-chengduo,2023-04-01 00:00,3.1,0.49,2.3,0,低,低,中,tpdc,cmfd-v2,CMFD_V0200,false
yushu-zaduo,CMFD_yushu-zaduo,2023-04-01 00:00,0.5,0.64,2.3,0,低,低,中,tpdc,cmfd-v2,CMFD_V0200,false
guoluo-maqin,CMFD_guoluo-maqin,2023-04-01 00:00,2.4,0.69,2.1,0,低,低,中,tpdc,cmfd-v2,CMFD_V0200,false
guoluo-jiuzhi,CMFD_guoluo-jiuzhi,2023-04-01 00:00,2.2,1.4,2.1,0,低,低,中,tpdc,cmfd-v2,CMFD_V0200,false
haibei-gangcha,CMFD_haibei-gangcha,2023-04-01 00:00,1.5,0.73,5.7,0,低,低,中,tpdc,cmfd-v2,CMFD_V0200,false
huangnan-zeku,CMFD_huangnan-zeku,2023-04-01 00:00,1.1,1.24,3.2,0,低,低,中,tpdc,cmfd-v2,CMFD_V0200,false
ganzi-shiqu,CMFD_ganzi-shiqu,2023-04-01 00:00,0.0,0.46,2.7,0,低,低,中,tpdc,cmfd-v2,CMFD_V0200,false
ganzi-seda,CMFD_ganzi-seda,2023-04-01 00:00,2.3,0.74,2.6,0,低,低,中,tpdc,cmfd-v2,CMFD_V0200,false
aba-hongyuan,CMFD_aba-hongyuan,2023-04-01 00:00,3.6,1.93,2.8,0,低,低,中,tpdc,cmfd-v2,CMFD_V0200,false
gannan-luqu,CMFD_gannan-luqu,2023-04-01 00:00,2.7,1.46,3.5,0,低,低,中,tpdc,cmfd-v2,CMFD_V0200,false
naqu-bange,CMFD_naqu-bange,2023-05-01 00:00,3.9,0.86,3.5,0,低,低,中,tpdc,cmfd-v2,CMFD_V0200,false
naqu-seni,CMFD_naqu-seni,2023-05-01 00:00,3.2,0.93,2.7,0,低,低,中,tpdc,cmfd-v2,CMFD_V0200,false
naqu-nierong,CMFD_naqu-nierong,2023-05-01 00:00,-2.8,2.44,2.1,0,中,低,中,tpdc,cmfd-v2,CMFD_V0200,false
naqu-anduo,CMFD_naqu-anduo,2023-05-01 00:00,-0.0,0.96,2.8,0,低,低,中,tpdc,cmfd-v2,CMFD_V0200,false
naqu-shenzha,CMFD_naqu-shenzha,2023-05-01 00:00,4.9,0.3,3.5,0,低,低,中,tpdc,cmfd-v2,CMFD_V0200,false
changdu-karuo,CMFD_changdu-karuo,2023-05-01 00:00,11.9,0.31,2.3,0,低,低,中,tpdc,cmfd-v2,CMFD_V0200,false
changdu-luolong,CMFD_changdu-luolong,2023-05-01 00:00,8.2,0.7,3.1,0,低,低,中,tpdc,cmfd-v2,CMFD_V0200,false
changdu-leiwuqi,CMFD_changdu-leiwuqi,2023-05-01 00:00,5.6,1.3,1.2,0,低,低,中,tpdc,cmfd-v2,CMFD_V0200,false
changdu-jiangda,CMFD_changdu-jiangda,2023-05-01 00:00,1.8,0.99,2.7,0,低,低,中,tpdc,cmfd-v2,CMFD_V0200,false
rikaze-xietongmen,CMFD_rikaze-xietongmen,2023-05-01 00:00,10.1,0.0,3.1,0,低,低,中,tpdc,cmfd-v2,CMFD_V0200,false
rikaze-jiangzi,CMFD_rikaze-jiangzi,2023-05-01 00:00,9.5,0.0,2.6,0,低,低,中,tpdc,cmfd-v2,CMFD_V0200,false
rikaze-kangma,CMFD_rikaze-kangma,2023-05-01 00:00,2.8,0.0,2.9,0,低,低,中,tpdc,cmfd-v2,CMFD_V0200,false
rikaze-zhongba,CMFD_rikaze-zhongba,2023-05-01 00:00,2.9,0.0,4.8,0,低,低,中,tpdc,cmfd-v2,CMFD_V0200,false
shannan-cuona,CMFD_shannan-cuona,2023-05-01 00:00,0.4,0.68,2.3,0,低,低,中,tpdc,cmfd-v2,CMFD_V0200,false
ali-gaize,CMFD_ali-gaize,2023-05-01 00:00,3.8,0.0,3.7,0,低,低,中,tpdc,cmfd-v2,CMFD_V0200,false
yushu-chengduo,CMFD_yushu-chengduo,2023-05-01 00:00,5.4,1.61,2.0,0,低,低,中,tpdc,cmfd-v2,CMFD_V0200,false
yushu-zaduo,CMFD_yushu-zaduo,2023-05-01 00:00,4.5,1.35,2.2,0,低,低,中,tpdc,cmfd-v2,CMFD_V0200,false
guoluo-maqin,CMFD_guoluo-maqin,2023-05-01 00:00,5.8,3.88,2.1,0,低,低,中,tpdc,cmfd-v2,CMFD_V0200,false
guoluo-jiuzhi,CMFD_guoluo-jiuzhi,2023-05-01 00:00,5.0,3.47,2.1,0,低,低,中,tpdc,cmfd-v2,CMFD_V0200,false
haibei-gangcha,CMFD_haibei-gangcha,2023-05-01 00:00,5.0,2.75,4.8,0,低,低,中,tpdc,cmfd-v2,CMFD_V0200,false
huangnan-zeku,CMFD_huangnan-zeku,2023-05-01 00:00,4.0,4.22,3.0,0,低,低,中,tpdc,cmfd-v2,CMFD_V0200,false
ganzi-shiqu,CMFD_ganzi-shiqu,2023-05-01 00:00,3.8,1.54,2.5,0,低,低,中,tpdc,cmfd-v2,CMFD_V0200,false
ganzi-seda,CMFD_ganzi-seda,2023-05-01 00:00,6.1,2.03,2.5,0,低,低,中,tpdc,cmfd-v2,CMFD_V0200,false
aba-hongyuan,CMFD_aba-hongyuan,2023-05-01 00:00,6.8,3.42,2.6,0,低,低,中,tpdc,cmfd-v2,CMFD_V0200,false
gannan-luqu,CMFD_gannan-luqu,2023-05-01 00:00,5.4,4.64,3.1,0,低,低,中,tpdc,cmfd-v2,CMFD_V0200,false
naqu-bange,CMFD_naqu-bange,2023-06-01 00:00,7.3,2.3,3.0,0,低,低,中,tpdc,cmfd-v2,CMFD_V0200,false
naqu-seni,CMFD_naqu-seni,2023-06-01 00:00,8.4,3.18,2.4,0,低,低,中,tpdc,cmfd-v2,CMFD_V0200,false
naqu-nierong,CMFD_naqu-nierong,2023-06-01 00:00,4.7,3.68,2.6,0,低,低,中,tpdc,cmfd-v2,CMFD_V0200,false
naqu-anduo,CMFD_naqu-anduo,2023-06-01 00:00,5.8,3.07,2.9,0,低,低,中,tpdc,cmfd-v2,CMFD_V0200,false
naqu-shenzha,CMFD_naqu-shenzha,2023-06-01 00:00,9.1,2.0,2.9,0,低,低,中,tpdc,cmfd-v2,CMFD_V0200,false
changdu-karuo,CMFD_changdu-karuo,2023-06-01 00:00,15.6,4.12,2.0,0,低,低,中,tpdc,cmfd-v2,CMFD_V0200,false
changdu-luolong,CMFD_changdu-luolong,2023-06-01 00:00,13.1,2.34,2.8,0,低,低,中,tpdc,cmfd-v2,CMFD_V0200,false
changdu-leiwuqi,CMFD_changdu-leiwuqi,2023-06-01 00:00,10.0,5.24,1.1,0,低,低,中,tpdc,cmfd-v2,CMFD_V0200,false
changdu-jiangda,CMFD_changdu-jiangda,2023-06-01 00:00,5.1,6.25,2.3,0,低,低,中,tpdc,cmfd-v2,CMFD_V0200,false
rikaze-xietongmen,CMFD_rikaze-xietongmen,2023-06-01 00:00,15.6,0.91,2.4,0,低,低,中,tpdc,cmfd-v2,CMFD_V0200,false
rikaze-jiangzi,CMFD_rikaze-jiangzi,2023-06-01 00:00,14.6,1.35,2.4,0,低,低,中,tpdc,cmfd-v2,CMFD_V0200,false
rikaze-kangma,CMFD_rikaze-kangma,2023-06-01 00:00,7.9,0.25,2.7,0,低,低,中,tpdc,cmfd-v2,CMFD_V0200,false
rikaze-zhongba,CMFD_rikaze-zhongba,2023-06-01 00:00,9.5,0.95,4.9,0,低,低,中,tpdc,cmfd-v2,CMFD_V0200,false
shannan-cuona,CMFD_shannan-cuona,2023-06-01 00:00,4.7,2.01,1.9,0,低,低,中,tpdc,cmfd-v2,CMFD_V0200,false
ali-gaize,CMFD_ali-gaize,2023-06-01 00:00,9.1,1.17,3.1,0,低,低,中,tpdc,cmfd-v2,CMFD_V0200,false
yushu-chengduo,CMFD_yushu-chengduo,2023-06-01 00:00,8.4,3.7,1.7,0,低,低,中,tpdc,cmfd-v2,CMFD_V0200,false
yushu-zaduo,CMFD_yushu-zaduo,2023-06-01 00:00,8.4,2.85,1.9,0,低,低,中,tpdc,cmfd-v2,CMFD_V0200,false
guoluo-maqin,CMFD_guoluo-maqin,2023-06-01 00:00,8.5,3.83,1.8,0,低,低,中,tpdc,cmfd-v2,CMFD_V0200,false
guoluo-jiuzhi,CMFD_guoluo-jiuzhi,2023-06-01 00:00,7.5,4.22,1.7,0,低,低,中,tpdc,cmfd-v2,CMFD_V0200,false
haibei-gangcha,CMFD_haibei-gangcha,2023-06-01 00:00,8.8,2.89,3.7,0,低,低,中,tpdc,cmfd-v2,CMFD_V0200,false
huangnan-zeku,CMFD_huangnan-zeku,2023-06-01 00:00,7.6,2.93,2.5,0,低,低,中,tpdc,cmfd-v2,CMFD_V0200,false
ganzi-shiqu,CMFD_ganzi-shiqu,2023-06-01 00:00,6.9,4.24,2.1,0,低,低,中,tpdc,cmfd-v2,CMFD_V0200,false
ganzi-seda,CMFD_ganzi-seda,2023-06-01 00:00,9.3,4.12,2.3,0,低,低,中,tpdc,cmfd-v2,CMFD_V0200,false
aba-hongyuan,CMFD_aba-hongyuan,2023-06-01 00:00,8.5,4.41,2.3,0,低,低,中,tpdc,cmfd-v2,CMFD_V0200,false
gannan-luqu,CMFD_gannan-luqu,2023-06-01 00:00,8.6,3.22,2.6,0,低,低,中,tpdc,cmfd-v2,CMFD_V0200,false
naqu-bange,CMFD_naqu-bange,2023-07-01 00:00,8.4,4.16,2.4,0,低,低,中,tpdc,cmfd-v2,CMFD_V0200,false
naqu-seni,CMFD_naqu-seni,2023-07-01 00:00,10.2,4.69,2.0,0,低,低,中,tpdc,cmfd-v2,CMFD_V0200,false
naqu-nierong,CMFD_naqu-nierong,2023-07-01 00:00,9.1,4.55,2.4,0,低,低,中,tpdc,cmfd-v2,CMFD_V0200,false
naqu-anduo,CMFD_naqu-anduo,2023-07-01 00:00,9.2,4.25,2.5,0,低,低,中,tpdc,cmfd-v2,CMFD_V0200,false
naqu-shenzha,CMFD_naqu-shenzha,2023-07-01 00:00,9.0,3.85,2.4,0,低,低,中,tpdc,cmfd-v2,CMFD_V0200,false
changdu-karuo,CMFD_changdu-karuo,2023-07-01 00:00,16.1,2.88,1.6,0,低,低,中,tpdc,cmfd-v2,CMFD_V0200,false
changdu-luolong,CMFD_changdu-luolong,2023-07-01 00:00,14.8,2.93,2.4,0,低,低,中,tpdc,cmfd-v2,CMFD_V0200,false
changdu-leiwuqi,CMFD_changdu-leiwuqi,2023-07-01 00:00,11.8,3.48,0.9,0,低,低,中,tpdc,cmfd-v2,CMFD_V0200,false
changdu-jiangda,CMFD_changdu-jiangda,2023-07-01 00:00,6.1,4.51,2.1,0,低,低,中,tpdc,cmfd-v2,CMFD_V0200,false
rikaze-xietongmen,CMFD_rikaze-xietongmen,2023-07-01 00:00,14.3,6.93,1.9,0,低,低,中,tpdc,cmfd-v2,CMFD_V0200,false
rikaze-jiangzi,CMFD_rikaze-jiangzi,2023-07-01 00:00,14.4,5.1,1.9,0,低,低,中,tpdc,cmfd-v2,CMFD_V0200,false
rikaze-kangma,CMFD_rikaze-kangma,2023-07-01 00:00,8.5,2.83,2.3,0,低,低,中,tpdc,cmfd-v2,CMFD_V0200,false
rikaze-zhongba,CMFD_rikaze-zhongba,2023-07-01 00:00,10.9,1.52,3.5,0,低,低,中,tpdc,cmfd-v2,CMFD_V0200,false
shannan-cuona,CMFD_shannan-cuona,2023-07-01 00:00,7.5,2.41,1.3,0,低,低,中,tpdc,cmfd-v2,CMFD_V0200,false
ali-gaize,CMFD_ali-gaize,2023-07-01 00:00,13.2,1.23,3.2,0,低,低,中,tpdc,cmfd-v2,CMFD_V0200,false
yushu-chengduo,CMFD_yushu-chengduo,2023-07-01 00:00,10.7,3.48,1.6,0,低,低,中,tpdc,cmfd-v2,CMFD_V0200,false
yushu-zaduo,CMFD_yushu-zaduo,2023-07-01 00:00,10.9,5.73,1.7,0,低,低,中,tpdc,cmfd-v2,CMFD_V0200,false
guoluo-maqin,CMFD_guoluo-maqin,2023-07-01 00:00,11.0,3.28,1.6,0,低,低,中,tpdc,cmfd-v2,CMFD_V0200,false
guoluo-jiuzhi,CMFD_guoluo-jiuzhi,2023-07-01 00:00,9.7,4.85,1.6,0,低,低,中,tpdc,cmfd-v2,CMFD_V0200,false
haibei-gangcha,CMFD_haibei-gangcha,2023-07-01 00:00,11.6,2.58,3.5,0,低,低,中,tpdc,cmfd-v2,CMFD_V0200,false
huangnan-zeku,CMFD_huangnan-zeku,2023-07-01 00:00,10.0,3.03,2.3,0,低,低,中,tpdc,cmfd-v2,CMFD_V0200,false
ganzi-shiqu,CMFD_ganzi-shiqu,2023-07-01 00:00,9.3,4.67,2.1,0,低,低,中,tpdc,cmfd-v2,CMFD_V0200,false
ganzi-seda,CMFD_ganzi-seda,2023-07-01 00:00,10.6,5.14,1.9,0,低,低,中,tpdc,cmfd-v2,CMFD_V0200,false
aba-hongyuan,CMFD_aba-hongyuan,2023-07-01 00:00,10.6,3.87,2.0,0,低,低,中,tpdc,cmfd-v2,CMFD_V0200,false
gannan-luqu,CMFD_gannan-luqu,2023-07-01 00:00,10.7,3.98,2.1,0,低,低,中,tpdc,cmfd-v2,CMFD_V0200,false
naqu-bange,CMFD_naqu-bange,2023-08-01 00:00,8.0,4.73,2.1,0,低,低,中,tpdc,cmfd-v2,CMFD_V0200,false
naqu-seni,CMFD_naqu-seni,2023-08-01 00:00,10.7,5.01,1.9,0,低,低,中,tpdc,cmfd-v2,CMFD_V0200,false
naqu-nierong,CMFD_naqu-nierong,2023-08-01 00:00,10.2,5.09,2.5,0,低,低,中,tpdc,cmfd-v2,CMFD_V0200,false
naqu-anduo,CMFD_naqu-anduo,2023-08-01 00:00,9.9,4.9,2.5,0,低,低,中,tpdc,cmfd-v2,CMFD_V0200,false
naqu-shenzha,CMFD_naqu-shenzha,2023-08-01 00:00,8.6,4.21,2.1,0,低,低,中,tpdc,cmfd-v2,CMFD_V0200,false
changdu-karuo,CMFD_changdu-karuo,2023-08-01 00:00,16.2,3.97,1.6,0,低,低,中,tpdc,cmfd-v2,CMFD_V0200,false
changdu-luolong,CMFD_changdu-luolong,2023-08-01 00:00,14.4,3.65,1.9,0,低,低,中,tpdc,cmfd-v2,CMFD_V0200,false
changdu-leiwuqi,CMFD_changdu-leiwuqi,2023-08-01 00:00,11.9,4.03,0.9,0,低,低,中,tpdc,cmfd-v2,CMFD_V0200,false
changdu-jiangda,CMFD_changdu-jiangda,2023-08-01 00:00,6.2,5.79,2.1,0,低,低,中,tpdc,cmfd-v2,CMFD_V0200,false
rikaze-xietongmen,CMFD_rikaze-xietongmen,2023-08-01 00:00,13.9,7.14,1.6,0,低,低,中,tpdc,cmfd-v2,CMFD_V0200,false
rikaze-jiangzi,CMFD_rikaze-jiangzi,2023-08-01 00:00,14.6,3.45,1.7,0,低,低,中,tpdc,cmfd-v2,CMFD_V0200,false
rikaze-kangma,CMFD_rikaze-kangma,2023-08-01 00:00,8.8,0.78,2.0,0,低,低,中,tpdc,cmfd-v2,CMFD_V0200,false
rikaze-zhongba,CMFD_rikaze-zhongba,2023-08-01 00:00,10.3,3.52,3.5,0,低,低,中,tpdc,cmfd-v2,CMFD_V0200,false
shannan-cuona,CMFD_shannan-cuona,2023-08-01 00:00,7.7,2.27,1.0,0,低,低,中,tpdc,cmfd-v2,CMFD_V0200,false
ali-gaize,CMFD_ali-gaize,2023-08-01 00:00,12.7,0.6,3.1,0,低,低,中,tpdc,cmfd-v2,CMFD_V0200,false
yushu-chengduo,CMFD_yushu-chengduo,2023-08-01 00:00,11.2,3.66,1.5,0,低,低,中,tpdc,cmfd-v2,CMFD_V0200,false
yushu-zaduo,CMFD_yushu-zaduo,2023-08-01 00:00,11.7,6.69,1.7,0,低,低,中,tpdc,cmfd-v2,CMFD_V0200,false
guoluo-maqin,CMFD_guoluo-maqin,2023-08-01 00:00,11.1,5.94,1.7,0,低,低,中,tpdc,cmfd-v2,CMFD_V0200,false
guoluo-jiuzhi,CMFD_guoluo-jiuzhi,2023-08-01 00:00,9.9,4.96,1.5,0,低,低,中,tpdc,cmfd-v2,CMFD_V0200,false
haibei-gangcha,CMFD_haibei-gangcha,2023-08-01 00:00,11.5,2.33,3.1,0,低,低,中,tpdc,cmfd-v2,CMFD_V0200,false
huangnan-zeku,CMFD_huangnan-zeku,2023-08-01 00:00,10.1,5.0,2.5,0,低,低,中,tpdc,cmfd-v2,CMFD_V0200,false
ganzi-shiqu,CMFD_ganzi-shiqu,2023-08-01 00:00,9.8,5.11,2.0,0,低,低,中,tpdc,cmfd-v2,CMFD_V0200,false
ganzi-seda,CMFD_ganzi-seda,2023-08-01 00:00,11.2,4.54,1.8,0,低,低,中,tpdc,cmfd-v2,CMFD_V0200,false
aba-hongyuan,CMFD_aba-hongyuan,2023-08-01 00:00,11.1,5.51,2.1,0,低,低,中,tpdc,cmfd-v2,CMFD_V0200,false
gannan-luqu,CMFD_gannan-luqu,2023-08-01 00:00,10.9,3.84,2.4,0,低,低,中,tpdc,cmfd-v2,CMFD_V0200,false
naqu-bange,CMFD_naqu-bange,2023-09-01 00:00,4.7,2.57,2.5,0,低,低,中,tpdc,cmfd-v2,CMFD_V0200,false
naqu-seni,CMFD_naqu-seni,2023-09-01 00:00,7.9,2.82,2.2,0,低,低,中,tpdc,cmfd-v2,CMFD_V0200,false
naqu-nierong,CMFD_naqu-nierong,2023-09-01 00:00,6.1,4.3,2.6,0,低,低,中,tpdc,cmfd-v2,CMFD_V0200,false
naqu-anduo,CMFD_naqu-anduo,2023-09-01 00:00,6.1,3.34,2.7,0,低,低,中,tpdc,cmfd-v2,CMFD_V0200,false
naqu-shenzha,CMFD_naqu-shenzha,2023-09-01 00:00,6.1,1.88,2.4,0,低,低,中,tpdc,cmfd-v2,CMFD_V0200,false
changdu-karuo,CMFD_changdu-karuo,2023-09-01 00:00,14.1,1.55,1.6,0,低,低,中,tpdc,cmfd-v2,CMFD_V0200,false
changdu-luolong,CMFD_changdu-luolong,2023-09-01 00:00,12.6,0.43,2.5,0,低,低,中,tpdc,cmfd-v2,CMFD_V0200,false
changdu-leiwuqi,CMFD_changdu-leiwuqi,2023-09-01 00:00,9.5,0.8,1.0,0,低,低,中,tpdc,cmfd-v2,CMFD_V0200,false
changdu-jiangda,CMFD_changdu-jiangda,2023-09-01 00:00,3.2,2.26,2.2,0,低,低,中,tpdc,cmfd-v2,CMFD_V0200,false
rikaze-xietongmen,CMFD_rikaze-xietongmen,2023-09-01 00:00,13.8,0.79,1.6,0,低,低,中,tpdc,cmfd-v2,CMFD_V0200,false
rikaze-jiangzi,CMFD_rikaze-jiangzi,2023-09-01 00:00,13.3,0.18,1.8,0,低,低,中,tpdc,cmfd-v2,CMFD_V0200,false
rikaze-kangma,CMFD_rikaze-kangma,2023-09-01 00:00,7.3,0.0,1.9,0,低,低,中,tpdc,cmfd-v2,CMFD_V0200,false
rikaze-zhongba,CMFD_rikaze-zhongba,2023-09-01 00:00,8.3,0.64,3.7,0,低,低,中,tpdc,cmfd-v2,CMFD_V0200,false
shannan-cuona,CMFD_shannan-cuona,2023-09-01 00:00,7.1,0.22,1.5,0,低,低,中,tpdc,cmfd-v2,CMFD_V0200,false
ali-gaize,CMFD_ali-gaize,2023-09-01 00:00,10.5,0.0,3.3,0,低,低,中,tpdc,cmfd-v2,CMFD_V0200,false
yushu-chengduo,CMFD_yushu-chengduo,2023-09-01 00:00,7.8,3.98,1.4,0,低,低,中,tpdc,cmfd-v2,CMFD_V0200,false
yushu-zaduo,CMFD_yushu-zaduo,2023-09-01 00:00,8.1,3.91,1.7,0,低,低,中,tpdc,cmfd-v2,CMFD_V0200,false
guoluo-maqin,CMFD_guoluo-maqin,2023-09-01 00:00,8.2,3.6,1.5,0,低,低,中,tpdc,cmfd-v2,CMFD_V0200,false
guoluo-jiuzhi,CMFD_guoluo-jiuzhi,2023-09-01 00:00,7.8,5.33,1.7,0,低,低,中,tpdc,cmfd-v2,CMFD_V0200,false
haibei-gangcha,CMFD_haibei-gangcha,2023-09-01 00:00,8.0,2.3,3.7,0,低,低,中,tpdc,cmfd-v2,CMFD_V0200,false
huangnan-zeku,CMFD_huangnan-zeku,2023-09-01 00:00,7.3,3.65,2.3,0,低,低,中,tpdc,cmfd-v2,CMFD_V0200,false
ganzi-shiqu,CMFD_ganzi-shiqu,2023-09-01 00:00,6.8,3.97,1.9,0,低,低,中,tpdc,cmfd-v2,CMFD_V0200,false
ganzi-seda,CMFD_ganzi-seda,2023-09-01 00:00,8.4,3.84,1.8,0,低,低,中,tpdc,cmfd-v2,CMFD_V0200,false
aba-hongyuan,CMFD_aba-hongyuan,2023-09-01 00:00,8.9,4.76,2.0,0,低,低,中,tpdc,cmfd-v2,CMFD_V0200,false
gannan-luqu,CMFD_gannan-luqu,2023-09-01 00:00,8.4,5.73,2.4,0,低,低,中,tpdc,cmfd-v2,CMFD_V0200,false
naqu-bange,CMFD_naqu-bange,2023-10-01 00:00,0.7,0.67,2.7,0,低,低,中,tpdc,cmfd-v2,CMFD_V0200,false
naqu-seni,CMFD_naqu-seni,2023-10-01 00:00,1.3,0.89,2.2,0,低,低,中,tpdc,cmfd-v2,CMFD_V0200,false
naqu-nierong,CMFD_naqu-nierong,2023-10-01 00:00,-1.9,1.87,2.3,0,中,低,中,tpdc,cmfd-v2,CMFD_V0200,false
naqu-anduo,CMFD_naqu-anduo,2023-10-01 00:00,-1.6,1.02,2.5,0,中,低,中,tpdc,cmfd-v2,CMFD_V0200,false
naqu-shenzha,CMFD_naqu-shenzha,2023-10-01 00:00,2.9,0.04,2.8,0,低,低,中,tpdc,cmfd-v2,CMFD_V0200,false
changdu-karuo,CMFD_changdu-karuo,2023-10-01 00:00,8.3,1.09,1.8,0,低,低,中,tpdc,cmfd-v2,CMFD_V0200,false
changdu-luolong,CMFD_changdu-luolong,2023-10-01 00:00,5.3,1.96,2.2,0,低,低,中,tpdc,cmfd-v2,CMFD_V0200,false
changdu-leiwuqi,CMFD_changdu-leiwuqi,2023-10-01 00:00,3.4,1.64,1.2,0,低,低,中,tpdc,cmfd-v2,CMFD_V0200,false
changdu-jiangda,CMFD_changdu-jiangda,2023-10-01 00:00,-1.6,1.49,2.2,0,中,低,中,tpdc,cmfd-v2,CMFD_V0200,false
rikaze-xietongmen,CMFD_rikaze-xietongmen,2023-10-01 00:00,8.6,0.0,2.2,0,低,低,中,tpdc,cmfd-v2,CMFD_V0200,false
rikaze-jiangzi,CMFD_rikaze-jiangzi,2023-10-01 00:00,8.2,0.0,2.0,0,低,低,中,tpdc,cmfd-v2,CMFD_V0200,false
rikaze-kangma,CMFD_rikaze-kangma,2023-10-01 00:00,1.9,0.0,2.2,0,低,低,中,tpdc,cmfd-v2,CMFD_V0200,false
rikaze-zhongba,CMFD_rikaze-zhongba,2023-10-01 00:00,0.7,0.0,3.9,0,低,低,中,tpdc,cmfd-v2,CMFD_V0200,false
shannan-cuona,CMFD_shannan-cuona,2023-10-01 00:00,1.7,0.89,2.0,0,低,低,中,tpdc,cmfd-v2,CMFD_V0200,false
ali-gaize,CMFD_ali-gaize,2023-10-01 00:00,0.7,0.0,2.6,0,低,低,中,tpdc,cmfd-v2,CMFD_V0200,false
yushu-chengduo,CMFD_yushu-chengduo,2023-10-01 00:00,1.2,1.77,1.3,0,低,低,中,tpdc,cmfd-v2,CMFD_V0200,false
yushu-zaduo,CMFD_yushu-zaduo,2023-10-01 00:00,1.4,1.63,1.9,0,低,低,中,tpdc,cmfd-v2,CMFD_V0200,false
guoluo-maqin,CMFD_guoluo-maqin,2023-10-01 00:00,1.9,0.94,1.5,0,低,低,中,tpdc,cmfd-v2,CMFD_V0200,false
guoluo-jiuzhi,CMFD_guoluo-jiuzhi,2023-10-01 00:00,1.6,1.96,1.6,0,低,低,中,tpdc,cmfd-v2,CMFD_V0200,false
haibei-gangcha,CMFD_haibei-gangcha,2023-10-01 00:00,1.0,1.36,4.1,0,低,低,中,tpdc,cmfd-v2,CMFD_V0200,false
huangnan-zeku,CMFD_huangnan-zeku,2023-10-01 00:00,0.4,1.44,2.3,0,低,低,中,tpdc,cmfd-v2,CMFD_V0200,false
ganzi-shiqu,CMFD_ganzi-shiqu,2023-10-01 00:00,-0.0,1.13,1.8,0,低,低,中,tpdc,cmfd-v2,CMFD_V0200,false
ganzi-seda,CMFD_ganzi-seda,2023-10-01 00:00,2.4,1.44,1.7,0,低,低,中,tpdc,cmfd-v2,CMFD_V0200,false
aba-hongyuan,CMFD_aba-hongyuan,2023-10-01 00:00,3.1,2.6,2.1,0,低,低,中,tpdc,cmfd-v2,CMFD_V0200,false
gannan-luqu,CMFD_gannan-luqu,2023-10-01 00:00,2.1,2.01,2.3,0,低,低,中,tpdc,cmfd-v2,CMFD_V0200,false
naqu-bange,CMFD_naqu-bange,2023-11-01 00:00,-5.9,0.14,2.1,0,中,低,中,tpdc,cmfd-v2,CMFD_V0200,false
naqu-seni,CMFD_naqu-seni,2023-11-01 00:00,-4.3,0.23,1.9,0,中,低,中,tpdc,cmfd-v2,CMFD_V0200,false
naqu-nierong,CMFD_naqu-nierong,2023-11-01 00:00,-14.3,0.39,1.4,0,高,低,中,tpdc,cmfd-v2,CMFD_V0200,false
naqu-anduo,CMFD_naqu-anduo,2023-11-01 00:00,-9.2,0.17,2.0,0,中,低,中,tpdc,cmfd-v2,CMFD_V0200,false
naqu-shenzha,CMFD_naqu-shenzha,2023-11-01 00:00,-3.7,0.05,2.2,0,中,低,中,tpdc,cmfd-v2,CMFD_V0200,false
changdu-karuo,CMFD_changdu-karuo,2023-11-01 00:00,1.8,0.15,1.4,0,低,低,中,tpdc,cmfd-v2,CMFD_V0200,false
changdu-luolong,CMFD_changdu-luolong,2023-11-01 00:00,0.0,0.1,1.6,0,低,低,中,tpdc,cmfd-v2,CMFD_V0200,false
changdu-leiwuqi,CMFD_changdu-leiwuqi,2023-11-01 00:00,-3.2,0.23,0.9,0,中,低,中,tpdc,cmfd-v2,CMFD_V0200,false
changdu-jiangda,CMFD_changdu-jiangda,2023-11-01 00:00,-7.6,0.11,2.3,0,中,低,中,tpdc,cmfd-v2,CMFD_V0200,false
rikaze-xietongmen,CMFD_rikaze-xietongmen,2023-11-01 00:00,2.5,0.0,2.2,0,低,低,中,tpdc,cmfd-v2,CMFD_V0200,false
rikaze-jiangzi,CMFD_rikaze-jiangzi,2023-11-01 00:00,2.7,0.0,1.8,0,低,低,中,tpdc,cmfd-v2,CMFD_V0200,false
rikaze-kangma,CMFD_rikaze-kangma,2023-11-01 00:00,-4.1,0.0,1.8,0,中,低,中,tpdc,cmfd-v2,CMFD_V0200,false
rikaze-zhongba,CMFD_rikaze-zhongba,2023-11-01 00:00,-2.6,0.0,3.9,0,中,低,中,tpdc,cmfd-v2,CMFD_V0200,false
shannan-cuona,CMFD_shannan-cuona,2023-11-01 00:00,-4.6,0.09,1.5,0,中,低,中,tpdc,cmfd-v2,CMFD_V0200,false
ali-gaize,CMFD_ali-gaize,2023-11-01 00:00,-5.2,0.0,2.2,0,中,低,中,tpdc,cmfd-v2,CMFD_V0200,false
yushu-chengduo,CMFD_yushu-chengduo,2023-11-01 00:00,-5.4,0.39,1.1,0,中,低,中,tpdc,cmfd-v2,CMFD_V0200,false
yushu-zaduo,CMFD_yushu-zaduo,2023-11-01 00:00,-5.1,0.23,1.9,0,中,低,中,tpdc,cmfd-v2,CMFD_V0200,false
guoluo-maqin,CMFD_guoluo-maqin,2023-11-01 00:00,-4.3,0.05,1.8,0,中,低,中,tpdc,cmfd-v2,CMFD_V0200,false
guoluo-jiuzhi,CMFD_guoluo-jiuzhi,2023-11-01 00:00,-4.0,0.28,1.9,0,中,低,中,tpdc,cmfd-v2,CMFD_V0200,false
haibei-gangcha,CMFD_haibei-gangcha,2023-11-01 00:00,-4.3,0.02,5.4,0,中,低,中,tpdc,cmfd-v2,CMFD_V0200,false
huangnan-zeku,CMFD_huangnan-zeku,2023-11-01 00:00,-5.1,0.09,2.9,0,中,低,中,tpdc,cmfd-v2,CMFD_V0200,false
ganzi-shiqu,CMFD_ganzi-shiqu,2023-11-01 00:00,-6.0,0.24,2.0,0,中,低,中,tpdc,cmfd-v2,CMFD_V0200,false
ganzi-seda,CMFD_ganzi-seda,2023-11-01 00:00,-4.5,0.08,2.0,0,中,低,中,tpdc,cmfd-v2,CMFD_V0200,false
aba-hongyuan,CMFD_aba-hongyuan,2023-11-01 00:00,-3.0,0.4,2.0,0,中,低,中,tpdc,cmfd-v2,CMFD_V0200,false
gannan-luqu,CMFD_gannan-luqu,2023-11-01 00:00,-2.8,0.04,2.9,0,中,低,中,tpdc,cmfd-v2,CMFD_V0200,false
naqu-bange,CMFD_naqu-bange,2023-12-01 00:00,-7.9,0.2,3.7,0,中,低,中,tpdc,cmfd-v2,CMFD_V0200,false
naqu-seni,CMFD_naqu-seni,2023-12-01 00:00,-8.8,0.23,2.2,0,中,低,中,tpdc,cmfd-v2,CMFD_V0200,false
naqu-nierong,CMFD_naqu-nierong,2023-12-01 00:00,-16.8,0.14,2.0,0,高,低,中,tpdc,cmfd-v2,CMFD_V0200,false
naqu-anduo,CMFD_naqu-anduo,2023-12-01 00:00,-11.2,0.09,3.1,0,高,低,中,tpdc,cmfd-v2,CMFD_V0200,false
naqu-shenzha,CMFD_naqu-shenzha,2023-12-01 00:00,-9.1,0.16,3.0,0,中,低,中,tpdc,cmfd-v2,CMFD_V0200,false
changdu-karuo,CMFD_changdu-karuo,2023-12-01 00:00,-1.1,0.02,1.4,0,中,低,中,tpdc,cmfd-v2,CMFD_V0200,false
changdu-luolong,CMFD_changdu-luolong,2023-12-01 00:00,-3.8,0.11,1.7,0,中,低,中,tpdc,cmfd-v2,CMFD_V0200,false
changdu-leiwuqi,CMFD_changdu-leiwuqi,2023-12-01 00:00,-6.5,0.07,0.8,0,中,低,中,tpdc,cmfd-v2,CMFD_V0200,false
changdu-jiangda,CMFD_changdu-jiangda,2023-12-01 00:00,-9.6,0.0,2.5,0,中,低,中,tpdc,cmfd-v2,CMFD_V0200,false
rikaze-xietongmen,CMFD_rikaze-xietongmen,2023-12-01 00:00,-1.0,0.04,2.2,0,中,低,中,tpdc,cmfd-v2,CMFD_V0200,false
rikaze-jiangzi,CMFD_rikaze-jiangzi,2023-12-01 00:00,-0.9,0.04,1.7,0,中,低,中,tpdc,cmfd-v2,CMFD_V0200,false
rikaze-kangma,CMFD_rikaze-kangma,2023-12-01 00:00,-4.6,0.01,1.8,0,中,低,中,tpdc,cmfd-v2,CMFD_V0200,false
rikaze-zhongba,CMFD_rikaze-zhongba,2023-12-01 00:00,-6.3,0.38,3.3,0,中,低,中,tpdc,cmfd-v2,CMFD_V0200,false
shannan-cuona,CMFD_shannan-cuona,2023-12-01 00:00,-7.0,0.24,1.3,0,中,低,中,tpdc,cmfd-v2,CMFD_V0200,false
ali-gaize,CMFD_ali-gaize,2023-12-01 00:00,-9.5,0.03,2.4,0,中,低,中,tpdc,cmfd-v2,CMFD_V0200,false
yushu-chengduo,CMFD_yushu-chengduo,2023-12-01 00:00,-8.7,0.14,1.3,0,中,低,中,tpdc,cmfd-v2,CMFD_V0200,false
yushu-zaduo,CMFD_yushu-zaduo,2023-12-01 00:00,-8.6,0.09,2.0,0,中,低,中,tpdc,cmfd-v2,CMFD_V0200,false
guoluo-maqin,CMFD_guoluo-maqin,2023-12-01 00:00,-8.4,0.0,1.8,0,中,低,中,tpdc,cmfd-v2,CMFD_V0200,false
guoluo-jiuzhi,CMFD_guoluo-jiuzhi,2023-12-01 00:00,-7.6,0.1,2.0,0,中,低,中,tpdc,cmfd-v2,CMFD_V0200,false
haibei-gangcha,CMFD_haibei-gangcha,2023-12-01 00:00,-9.0,0.0,5.7,0,中,低,中,tpdc,cmfd-v2,CMFD_V0200,false
huangnan-zeku,CMFD_huangnan-zeku,2023-12-01 00:00,-9.7,0.0,3.0,0,中,低,中,tpdc,cmfd-v2,CMFD_V0200,false
ganzi-shiqu,CMFD_ganzi-shiqu,2023-12-01 00:00,-8.5,0.27,2.6,0,中,低,中,tpdc,cmfd-v2,CMFD_V0200,false
ganzi-seda,CMFD_ganzi-seda,2023-12-01 00:00,-7.3,0.08,2.3,0,中,低,中,tpdc,cmfd-v2,CMFD_V0200,false
aba-hongyuan,CMFD_aba-hongyuan,2023-12-01 00:00,-6.3,0.08,2.3,0,中,低,中,tpdc,cmfd-v2,CMFD_V0200,false
gannan-luqu,CMFD_gannan-luqu,2023-12-01 00:00,-7.1,0.0,3.0,0,中,低,中,tpdc,cmfd-v2,CMFD_V0200,false
naqu-bange,CMFD_naqu-bange,2024-01-01 00:00,-10.5,0.1,2.7,0,高,低,中,tpdc,cmfd-v2,CMFD_V0200,false
naqu-seni,CMFD_naqu-seni,2024-01-01 00:00,-11.7,0.33,1.9,0,高,低,中,tpdc,cmfd-v2,CMFD_V0200,false
naqu-nierong,CMFD_naqu-nierong,2024-01-01 00:00,-17.8,0.19,1.7,0,高,低,中,tpdc,cmfd-v2,CMFD_V0200,false
naqu-anduo,CMFD_naqu-anduo,2024-01-01 00:00,-13.8,0.11,2.3,0,高,低,中,tpdc,cmfd-v2,CMFD_V0200,false
naqu-shenzha,CMFD_naqu-shenzha,2024-01-01 00:00,-11.1,0.04,2.6,0,高,低,中,tpdc,cmfd-v2,CMFD_V0200,false
changdu-karuo,CMFD_changdu-karuo,2024-01-01 00:00,-3.6,0.0,1.4,0,中,低,中,tpdc,cmfd-v2,CMFD_V0200,false
changdu-luolong,CMFD_changdu-luolong,2024-01-01 00:00,-6.0,0.0,1.7,0,中,低,中,tpdc,cmfd-v2,CMFD_V0200,false
changdu-leiwuqi,CMFD_changdu-leiwuqi,2024-01-01 00:00,-9.2,0.01,0.8,0,中,低,中,tpdc,cmfd-v2,CMFD_V0200,false
changdu-jiangda,CMFD_changdu-jiangda,2024-01-01 00:00,-11.8,0.0,2.2,0,高,低,中,tpdc,cmfd-v2,CMFD_V0200,false
rikaze-xietongmen,CMFD_rikaze-xietongmen,2024-01-01 00:00,-3.9,0.0,2.0,0,中,低,中,tpdc,cmfd-v2,CMFD_V0200,false
rikaze-jiangzi,CMFD_rikaze-jiangzi,2024-01-01 00:00,-3.7,0.0,1.8,0,中,低,中,tpdc,cmfd-v2,CMFD_V0200,false
rikaze-kangma,CMFD_rikaze-kangma,2024-01-01 00:00,-10.4,0.0,1.8,0,高,低,中,tpdc,cmfd-v2,CMFD_V0200,false
rikaze-zhongba,CMFD_rikaze-zhongba,2024-01-01 00:00,-8.9,0.0,3.6,0,中,低,中,tpdc,cmfd-v2,CMFD_V0200,false
shannan-cuona,CMFD_shannan-cuona,2024-01-01 00:00,-11.7,0.14,1.3,0,高,低,中,tpdc,cmfd-v2,CMFD_V0200,false
ali-gaize,CMFD_ali-gaize,2024-01-01 00:00,-12.3,0.0,2.2,0,高,低,中,tpdc,cmfd-v2,CMFD_V0200,false
yushu-chengduo,CMFD_yushu-chengduo,2024-01-01 00:00,-10.4,0.09,1.2,0,高,低,中,tpdc,cmfd-v2,CMFD_V0200,false
yushu-zaduo,CMFD_yushu-zaduo,2024-01-01 00:00,-11.3,0.25,1.7,0,高,低,中,tpdc,cmfd-v2,CMFD_V0200,false
guoluo-maqin,CMFD_guoluo-maqin,2024-01-01 00:00,-10.8,0.01,1.5,0,高,低,中,tpdc,cmfd-v2,CMFD_V0200,false
guoluo-jiuzhi,CMFD_guoluo-jiuzhi,2024-01-01 00:00,-10.7,0.11,1.7,0,高,低,中,tpdc,cmfd-v2,CMFD_V0200,false
haibei-gangcha,CMFD_haibei-gangcha,2024-01-01 00:00,-11.5,0.01,4.0,0,高,低,中,tpdc,cmfd-v2,CMFD_V0200,false
huangnan-zeku,CMFD_huangnan-zeku,2024-01-01 00:00,-12.0,0.02,2.5,0,高,低,中,tpdc,cmfd-v2,CMFD_V0200,false
ganzi-shiqu,CMFD_ganzi-shiqu,2024-01-01 00:00,-11.2,0.06,2.2,0,高,低,中,tpdc,cmfd-v2,CMFD_V0200,false
ganzi-seda,CMFD_ganzi-seda,2024-01-01 00:00,-9.8,0.06,1.9,0,中,低,中,tpdc,cmfd-v2,CMFD_V0200,false
aba-hongyuan,CMFD_aba-hongyuan,2024-01-01 00:00,-9.3,0.11,2.0,0,中,低,中,tpdc,cmfd-v2,CMFD_V0200,false
gannan-luqu,CMFD_gannan-luqu,2024-01-01 00:00,-9.4,0.05,2.3,0,中,低,中,tpdc,cmfd-v2,CMFD_V0200,false
naqu-bange,CMFD_naqu-bange,2024-02-01 00:00,-8.2,0.05,5.0,0,中,低,中,tpdc,cmfd-v2,CMFD_V0200,false
naqu-seni,CMFD_naqu-seni,2024-02-01 00:00,-8.3,0.26,3.7,0,中,低,中,tpdc,cmfd-v2,CMFD_V0200,false
naqu-nierong,CMFD_naqu-nierong,2024-02-01 00:00,-13.4,0.29,3.3,0,高,低,中,tpdc,cmfd-v2,CMFD_V0200,false
naqu-anduo,CMFD_naqu-anduo,2024-02-01 00:00,-11.0,0.09,4.6,0,高,低,中,tpdc,cmfd-v2,CMFD_V0200,false
naqu-shenzha,CMFD_naqu-shenzha,2024-02-01 00:00,-7.9,0.0,4.5,0,中,低,中,tpdc,cmfd-v2,CMFD_V0200,false
changdu-karuo,CMFD_changdu-karuo,2024-02-01 00:00,0.3,0.1,2.1,0,低,低,中,tpdc,cmfd-v2,CMFD_V0200,false
changdu-luolong,CMFD_changdu-luolong,2024-02-01 00:00,-3.1,0.19,2.5,0,中,低,中,tpdc,cmfd-v2,CMFD_V0200,false
changdu-leiwuqi,CMFD_changdu-leiwuqi,2024-02-01 00:00,-6.1,0.21,2.1,0,中,低,中,tpdc,cmfd-v2,CMFD_V0200,false
changdu-jiangda,CMFD_changdu-jiangda,2024-02-01 00:00,-9.3,0.21,2.3,0,中,低,中,tpdc,cmfd-v2,CMFD_V0200,false
rikaze-xietongmen,CMFD_rikaze-xietongmen,2024-02-01 00:00,-0.6,0.0,3.3,0,中,低,中,tpdc,cmfd-v2,CMFD_V0200,false
rikaze-jiangzi,CMFD_rikaze-jiangzi,2024-02-01 00:00,0.8,0.0,3.2,0,低,低,中,tpdc,cmfd-v2,CMFD_V0200,false
rikaze-kangma,CMFD_rikaze-kangma,2024-02-01 00:00,-6.0,0.0,3.2,0,中,低,中,tpdc,cmfd-v2,CMFD_V0200,false
rikaze-zhongba,CMFD_rikaze-zhongba,2024-02-01 00:00,-6.6,0.0,4.3,0,中,低,中,tpdc,cmfd-v2,CMFD_V0200,false
shannan-cuona,CMFD_shannan-cuona,2024-02-01 00:00,-8.8,0.77,1.7,0,中,低,中,tpdc,cmfd-v2,CMFD_V0200,false
ali-gaize,CMFD_ali-gaize,2024-02-01 00:00,-8.9,0.0,3.9,0,中,低,中,tpdc,cmfd-v2,CMFD_V0200,false
yushu-chengduo,CMFD_yushu-chengduo,2024-02-01 00:00,-7.5,0.56,1.7,0,中,低,中,tpdc,cmfd-v2,CMFD_V0200,false
yushu-zaduo,CMFD_yushu-zaduo,2024-02-01 00:00,-8.6,0.62,2.0,0,中,低,中,tpdc,cmfd-v2,CMFD_V0200,false
guoluo-maqin,CMFD_guoluo-maqin,2024-02-01 00:00,-7.7,0.48,2.0,0,中,低,中,tpdc,cmfd-v2,CMFD_V0200,false
guoluo-jiuzhi,CMFD_guoluo-jiuzhi,2024-02-01 00:00,-6.8,0.73,2.3,0,中,低,中,tpdc,cmfd-v2,CMFD_V0200,false
haibei-gangcha,CMFD_haibei-gangcha,2024-02-01 00:00,-9.3,0.16,3.9,0,中,低,中,tpdc,cmfd-v2,CMFD_V0200,false
huangnan-zeku,CMFD_huangnan-zeku,2024-02-01 00:00,-8.8,0.45,2.9,0,中,低,中,tpdc,cmfd-v2,CMFD_V0200,false
ganzi-shiqu,CMFD_ganzi-shiqu,2024-02-01 00:00,-8.4,0.56,2.9,0,中,低,中,tpdc,cmfd-v2,CMFD_V0200,false
ganzi-seda,CMFD_ganzi-seda,2024-02-01 00:00,-7.3,0.28,2.9,0,中,低,中,tpdc,cmfd-v2,CMFD_V0200,false
aba-hongyuan,CMFD_aba-hongyuan,2024-02-01 00:00,-5.2,0.99,2.9,0,中,低,中,tpdc,cmfd-v2,CMFD_V0200,false
gannan-luqu,CMFD_gannan-luqu,2024-02-01 00:00,-6.3,0.51,3.0,0,中,低,中,tpdc,cmfd-v2,CMFD_V0200,false
naqu-bange,CMFD_naqu-bange,2024-03-01 00:00,-2.3,0.03,4.6,0,中,低,中,tpdc,cmfd-v2,CMFD_V0200,false
naqu-seni,CMFD_naqu-seni,2024-03-01 00:00,-3.0,0.33,3.2,0,中,低,中,tpdc,cmfd-v2,CMFD_V0200,false
naqu-nierong,CMFD_naqu-nierong,2024-03-01 00:00,-8.0,0.54,3.0,0,中,低,中,tpdc,cmfd-v2,CMFD_V0200,false
naqu-anduo,CMFD_naqu-anduo,2024-03-01 00:00,-5.2,0.13,4.2,0,中,低,中,tpdc,cmfd-v2,CMFD_V0200,false
naqu-shenzha,CMFD_naqu-shenzha,2024-03-01 00:00,-2.2,0.0,3.9,0,中,低,中,tpdc,cmfd-v2,CMFD_V0200,false
changdu-karuo,CMFD_changdu-karuo,2024-03-01 00:00,5.1,0.03,2.0,0,低,低,中,tpdc,cmfd-v2,CMFD_V0200,false
changdu-luolong,CMFD_changdu-luolong,2024-03-01 00:00,2.1,0.27,2.7,0,低,低,中,tpdc,cmfd-v2,CMFD_V0200,false
changdu-leiwuqi,CMFD_changdu-leiwuqi,2024-03-01 00:00,-0.7,0.16,1.3,0,中,低,中,tpdc,cmfd-v2,CMFD_V0200,false
changdu-jiangda,CMFD_changdu-jiangda,2024-03-01 00:00,-3.8,0.34,2.5,0,中,低,中,tpdc,cmfd-v2,CMFD_V0200,false
rikaze-xietongmen,CMFD_rikaze-xietongmen,2024-03-01 00:00,4.6,0.0,2.9,0,低,低,中,tpdc,cmfd-v2,CMFD_V0200,false
rikaze-jiangzi,CMFD_rikaze-jiangzi,2024-03-01 00:00,4.4,0.01,2.7,0,低,低,中,tpdc,cmfd-v2,CMFD_V0200,false
rikaze-kangma,CMFD_rikaze-kangma,2024-03-01 00:00,-2.2,0.0,2.8,0,中,低,中,tpdc,cmfd-v2,CMFD_V0200,false
rikaze-zhongba,CMFD_rikaze-zhongba,2024-03-01 00:00,-1.1,0.0,4.8,0,中,低,中,tpdc,cmfd-v2,CMFD_V0200,false
shannan-cuona,CMFD_shannan-cuona,2024-03-01 00:00,-4.8,1.63,1.8,0,中,低,中,tpdc,cmfd-v2,CMFD_V0200,false
ali-gaize,CMFD_ali-gaize,2024-03-01 00:00,-3.1,0.0,4.1,0,中,低,中,tpdc,cmfd-v2,CMFD_V0200,false
yushu-chengduo,CMFD_yushu-chengduo,2024-03-01 00:00,-2.0,0.42,1.6,0,中,低,中,tpdc,cmfd-v2,CMFD_V0200,false
yushu-zaduo,CMFD_yushu-zaduo,2024-03-01 00:00,-2.3,0.42,2.3,0,中,低,中,tpdc,cmfd-v2,CMFD_V0200,false
guoluo-maqin,CMFD_guoluo-maqin,2024-03-01 00:00,-1.3,0.57,2.3,0,中,低,中,tpdc,cmfd-v2,CMFD_V0200,false
guoluo-jiuzhi,CMFD_guoluo-jiuzhi,2024-03-01 00:00,-1.4,1.02,2.1,0,中,低,中,tpdc,cmfd-v2,CMFD_V0200,false
haibei-gangcha,CMFD_haibei-gangcha,2024-03-01 00:00,-2.0,0.26,4.4,0,中,低,中,tpdc,cmfd-v2,CMFD_V0200,false
huangnan-zeku,CMFD_huangnan-zeku,2024-03-01 00:00,-3.2,0.7,2.9,0,中,低,中,tpdc,cmfd-v2,CMFD_V0200,false
ganzi-shiqu,CMFD_ganzi-shiqu,2024-03-01 00:00,-2.3,0.69,3.0,0,中,低,中,tpdc,cmfd-v2,CMFD_V0200,false
ganzi-seda,CMFD_ganzi-seda,2024-03-01 00:00,-1.1,0.38,2.6,0,中,低,中,tpdc,cmfd-v2,CMFD_V0200,false
aba-hongyuan,CMFD_aba-hongyuan,2024-03-01 00:00,-0.5,1.14,2.5,0,中,低,中,tpdc,cmfd-v2,CMFD_V0200,false
gannan-luqu,CMFD_gannan-luqu,2024-03-01 00:00,-0.9,1.24,3.4,0,中,低,中,tpdc,cmfd-v2,CMFD_V0200,false
naqu-bange,CMFD_naqu-bange,2024-04-01 00:00,1.1,0.06,3.8,0,低,低,中,tpdc,cmfd-v2,CMFD_V0200,false
naqu-seni,CMFD_naqu-seni,2024-04-01 00:00,0.2,0.77,2.9,0,低,低,中,tpdc,cmfd-v2,CMFD_V0200,false
naqu-nierong,CMFD_naqu-nierong,2024-04-01 00:00,-6.3,0.85,2.4,0,中,低,中,tpdc,cmfd-v2,CMFD_V0200,false
naqu-anduo,CMFD_naqu-anduo,2024-04-01 00:00,-2.2,0.36,3.2,0,中,低,中,tpdc,cmfd-v2,CMFD_V0200,false
naqu-shenzha,CMFD_naqu-shenzha,2024-04-01 00:00,1.2,0.0,3.5,0,低,低,中,tpdc,cmfd-v2,CMFD_V0200,false
changdu-karuo,CMFD_changdu-karuo,2024-04-01 00:00,7.2,0.8,2.0,0,低,低,中,tpdc,cmfd-v2,CMFD_V0200,false
changdu-luolong,CMFD_changdu-luolong,2024-04-01 00:00,4.3,1.38,2.4,0,低,低,中,tpdc,cmfd-v2,CMFD_V0200,false
changdu-leiwuqi,CMFD_changdu-leiwuqi,2024-04-01 00:00,2.2,1.37,1.1,0,低,低,中,tpdc,cmfd-v2,CMFD_V0200,false
changdu-jiangda,CMFD_changdu-jiangda,2024-04-01 00:00,-2.6,1.88,2.5,0,中,低,中,tpdc,cmfd-v2,CMFD_V0200,false
rikaze-xietongmen,CMFD_rikaze-xietongmen,2024-04-01 00:00,8.3,0.0,3.0,0,低,低,中,tpdc,cmfd-v2,CMFD_V0200,false
rikaze-jiangzi,CMFD_rikaze-jiangzi,2024-04-01 00:00,8.6,0.0,3.1,0,低,低,中,tpdc,cmfd-v2,CMFD_V0200,false
rikaze-kangma,CMFD_rikaze-kangma,2024-04-01 00:00,1.6,0.0,3.0,0,低,低,中,tpdc,cmfd-v2,CMFD_V0200,false
rikaze-zhongba,CMFD_rikaze-zhongba,2024-04-01 00:00,2.4,0.0,4.8,0,低,低,中,tpdc,cmfd-v2,CMFD_V0200,false
shannan-cuona,CMFD_shannan-cuona,2024-04-01 00:00,-1.8,2.66,1.9,0,中,低,中,tpdc,cmfd-v2,CMFD_V0200,false
ali-gaize,CMFD_ali-gaize,2024-04-01 00:00,1.3,0.0,3.6,0,低,低,中,tpdc,cmfd-v2,CMFD_V0200,false
yushu-chengduo,CMFD_yushu-chengduo,2024-04-01 00:00,2.9,1.13,1.7,0,低,低,中,tpdc,cmfd-v2,CMFD_V0200,false
yushu-zaduo,CMFD_yushu-zaduo,2024-04-01 00:00,1.4,0.76,2.0,0,低,低,中,tpdc,cmfd-v2,CMFD_V0200,false
guoluo-maqin,CMFD_guoluo-maqin,2024-04-01 00:00,3.1,1.21,1.7,0,低,低,中,tpdc,cmfd-v2,CMFD_V0200,false
guoluo-jiuzhi,CMFD_guoluo-jiuzhi,2024-04-01 00:00,1.6,2.79,1.8,0,低,低,中,tpdc,cmfd-v2,CMFD_V0200,false
haibei-gangcha,CMFD_haibei-gangcha,2024-04-01 00:00,2.4,0.75,4.0,0,低,低,中,tpdc,cmfd-v2,CMFD_V0200,false
huangnan-zeku,CMFD_huangnan-zeku,2024-04-01 00:00,1.6,1.49,2.8,0,低,低,中,tpdc,cmfd-v2,CMFD_V0200,false
ganzi-shiqu,CMFD_ganzi-shiqu,2024-04-01 00:00,0.6,1.24,2.2,0,低,低,中,tpdc,cmfd-v2,CMFD_V0200,false
ganzi-seda,CMFD_ganzi-seda,2024-04-01 00:00,1.8,2.79,2.2,0,低,低,中,tpdc,cmfd-v2,CMFD_V0200,false
aba-hongyuan,CMFD_aba-hongyuan,2024-04-01 00:00,3.2,3.84,2.3,0,低,低,中,tpdc,cmfd-v2,CMFD_V0200,false
gannan-luqu,CMFD_gannan-luqu,2024-04-01 00:00,3.3,2.87,2.9,0,低,低,中,tpdc,cmfd-v2,CMFD_V0200,false
naqu-bange,CMFD_naqu-bange,2024-05-01 00:00,5.1,1.31,3.4,0,低,低,中,tpdc,cmfd-v2,CMFD_V0200,false
naqu-seni,CMFD_naqu-seni,2024-05-01 00:00,4.8,2.09,2.6,0,低,低,中,tpdc,cmfd-v2,CMFD_V0200,false
naqu-nierong,CMFD_naqu-nierong,2024-05-01 00:00,-0.8,3.26,2.4,0,中,低,中,tpdc,cmfd-v2,CMFD_V0200,false
naqu-anduo,CMFD_naqu-anduo,2024-05-01 00:00,2.4,1.34,3.1,0,低,低,中,tpdc,cmfd-v2,CMFD_V0200,false
naqu-shenzha,CMFD_naqu-shenzha,2024-05-01 00:00,6.3,1.01,3.1,0,低,低,中,tpdc,cmfd-v2,CMFD_V0200,false
changdu-karuo,CMFD_changdu-karuo,2024-05-01 00:00,12.3,0.28,2.1,0,低,低,中,tpdc,cmfd-v2,CMFD_V0200,false
changdu-luolong,CMFD_changdu-luolong,2024-05-01 00:00,9.0,1.17,2.7,0,低,低,中,tpdc,cmfd-v2,CMFD_V0200,false
changdu-leiwuqi,CMFD_changdu-leiwuqi,2024-05-01 00:00,6.7,1.29,1.2,0,低,低,中,tpdc,cmfd-v2,CMFD_V0200,false
changdu-jiangda,CMFD_changdu-jiangda,2024-05-01 00:00,1.8,1.55,2.4,0,低,低,中,tpdc,cmfd-v2,CMFD_V0200,false
rikaze-xietongmen,CMFD_rikaze-xietongmen,2024-05-01 00:00,11.4,0.25,2.5,0,低,低,中,tpdc,cmfd-v2,CMFD_V0200,false
rikaze-jiangzi,CMFD_rikaze-jiangzi,2024-05-01 00:00,11.2,0.39,2.4,0,低,低,中,tpdc,cmfd-v2,CMFD_V0200,false
rikaze-kangma,CMFD_rikaze-kangma,2024-05-01 00:00,4.4,0.6,2.4,0,低,低,中,tpdc,cmfd-v2,CMFD_V0200,false
rikaze-zhongba,CMFD_rikaze-zhongba,2024-05-01 00:00,6.1,0.0,4.7,0,低,低,中,tpdc,cmfd-v2,CMFD_V0200,false
shannan-cuona,CMFD_shannan-cuona,2024-05-01 00:00,1.9,2.12,1.7,0,低,低,中,tpdc,cmfd-v2,CMFD_V0200,false
ali-gaize,CMFD_ali-gaize,2024-05-01 00:00,6.2,0.21,3.4,0,低,低,中,tpdc,cmfd-v2,CMFD_V0200,false
yushu-chengduo,CMFD_yushu-chengduo,2024-05-01 00:00,6.4,3.3,1.9,0,低,低,中,tpdc,cmfd-v2,CMFD_V0200,false
yushu-zaduo,CMFD_yushu-zaduo,2024-05-01 00:00,5.8,3.08,2.0,0,低,低,中,tpdc,cmfd-v2,CMFD_V0200,false
guoluo-maqin,CMFD_guoluo-maqin,2024-05-01 00:00,5.8,3.42,1.8,0,低,低,中,tpdc,cmfd-v2,CMFD_V0200,false
guoluo-jiuzhi,CMFD_guoluo-jiuzhi,2024-05-01 00:00,4.8,4.26,1.8,0,低,低,中,tpdc,cmfd-v2,CMFD_V0200,false
haibei-gangcha,CMFD_haibei-gangcha,2024-05-01 00:00,7.3,1.81,3.9,0,低,低,中,tpdc,cmfd-v2,CMFD_V0200,false
huangnan-zeku,CMFD_huangnan-zeku,2024-05-01 00:00,5.0,2.44,2.6,0,低,低,中,tpdc,cmfd-v2,CMFD_V0200,false
ganzi-shiqu,CMFD_ganzi-shiqu,2024-05-01 00:00,3.8,2.67,2.3,0,低,低,中,tpdc,cmfd-v2,CMFD_V0200,false
ganzi-seda,CMFD_ganzi-seda,2024-05-01 00:00,5.6,4.7,2.3,0,低,低,中,tpdc,cmfd-v2,CMFD_V0200,false
aba-hongyuan,CMFD_aba-hongyuan,2024-05-01 00:00,6.2,3.82,2.3,0,低,低,中,tpdc,cmfd-v2,CMFD_V0200,false
gannan-luqu,CMFD_gannan-luqu,2024-05-01 00:00,6.6,2.63,2.8,0,低,低,中,tpdc,cmfd-v2,CMFD_V0200,false
naqu-bange,CMFD_naqu-bange,2024-06-01 00:00,8.4,1.99,2.7,0,低,低,中,tpdc,cmfd-v2,CMFD_V0200,false
naqu-seni,CMFD_naqu-seni,2024-06-01 00:00,9.0,3.84,2.3,0,低,低,中,tpdc,cmfd-v2,CMFD_V0200,false
naqu-nierong,CMFD_naqu-nierong,2024-06-01 00:00,6.3,5.38,2.5,0,低,低,中,tpdc,cmfd-v2,CMFD_V0200,false
naqu-anduo,CMFD_naqu-anduo,2024-06-01 00:00,6.6,3.84,2.7,0,低,低,中,tpdc,cmfd-v2,CMFD_V0200,false
naqu-shenzha,CMFD_naqu-shenzha,2024-06-01 00:00,11.2,1.48,2.9,0,低,低,中,tpdc,cmfd-v2,CMFD_V0200,false
changdu-karuo,CMFD_changdu-karuo,2024-06-01 00:00,15.3,4.02,1.9,0,低,低,中,tpdc,cmfd-v2,CMFD_V0200,false
changdu-luolong,CMFD_changdu-luolong,2024-06-01 00:00,13.5,1.72,2.7,0,低,低,中,tpdc,cmfd-v2,CMFD_V0200,false
changdu-leiwuqi,CMFD_changdu-leiwuqi,2024-06-01 00:00,10.4,5.72,1.0,0,低,低,中,tpdc,cmfd-v2,CMFD_V0200,false
changdu-jiangda,CMFD_changdu-jiangda,2024-06-01 00:00,5.1,7.37,2.1,0,低,低,中,tpdc,cmfd-v2,CMFD_V0200,false
rikaze-xietongmen,CMFD_rikaze-xietongmen,2024-06-01 00:00,16.9,2.26,2.3,0,低,低,中,tpdc,cmfd-v2,CMFD_V0200,false
rikaze-jiangzi,CMFD_rikaze-jiangzi,2024-06-01 00:00,15.5,2.46,2.2,0,低,低,中,tpdc,cmfd-v2,CMFD_V0200,false
rikaze-kangma,CMFD_rikaze-kangma,2024-06-01 00:00,9.0,1.1,2.4,0,低,低,中,tpdc,cmfd-v2,CMFD_V0200,false
rikaze-zhongba,CMFD_rikaze-zhongba,2024-06-01 00:00,10.5,0.75,4.7,0,低,低,中,tpdc,cmfd-v2,CMFD_V0200,false
shannan-cuona,CMFD_shannan-cuona,2024-06-01 00:00,6.3,2.83,1.9,0,低,低,中,tpdc,cmfd-v2,CMFD_V0200,false
ali-gaize,CMFD_ali-gaize,2024-06-01 00:00,11.2,0.78,3.4,0,低,低,中,tpdc,cmfd-v2,CMFD_V0200,false
yushu-chengduo,CMFD_yushu-chengduo,2024-06-01 00:00,8.9,3.94,1.7,0,低,低,中,tpdc,cmfd-v2,CMFD_V0200,false
yushu-zaduo,CMFD_yushu-zaduo,2024-06-01 00:00,9.3,3.57,1.7,0,低,低,中,tpdc,cmfd-v2,CMFD_V0200,false
guoluo-maqin,CMFD_guoluo-maqin,2024-06-01 00:00,8.9,3.47,1.7,0,低,低,中,tpdc,cmfd-v2,CMFD_V0200,false
guoluo-jiuzhi,CMFD_guoluo-jiuzhi,2024-06-01 00:00,8.0,4.5,1.7,0,低,低,中,tpdc,cmfd-v2,CMFD_V0200,false
haibei-gangcha,CMFD_haibei-gangcha,2024-06-01 00:00,8.6,4.37,3.6,0,低,低,中,tpdc,cmfd-v2,CMFD_V0200,false
huangnan-zeku,CMFD_huangnan-zeku,2024-06-01 00:00,7.8,3.04,2.8,0,低,低,中,tpdc,cmfd-v2,CMFD_V0200,false
ganzi-shiqu,CMFD_ganzi-shiqu,2024-06-01 00:00,7.4,5.0,2.1,0,低,低,中,tpdc,cmfd-v2,CMFD_V0200,false
ganzi-seda,CMFD_ganzi-seda,2024-06-01 00:00,9.5,6.11,2.3,0,低,低,中,tpdc,cmfd-v2,CMFD_V0200,false
aba-hongyuan,CMFD_aba-hongyuan,2024-06-01 00:00,9.3,5.07,2.2,0,低,低,中,tpdc,cmfd-v2,CMFD_V0200,false
gannan-luqu,CMFD_gannan-luqu,2024-06-01 00:00,9.1,3.18,2.6,0,低,低,中,tpdc,cmfd-v2,CMFD_V0200,false
naqu-bange,CMFD_naqu-bange,2024-07-01 00:00,9.0,4.34,2.2,0,低,低,中,tpdc,cmfd-v2,CMFD_V0200,false
naqu-seni,CMFD_naqu-seni,2024-07-01 00:00,10.8,5.16,2.0,0,低,低,中,tpdc,cmfd-v2,CMFD_V0200,false
naqu-nierong,CMFD_naqu-nierong,2024-07-01 00:00,10.0,5.19,2.4,0,低,低,中,tpdc,cmfd-v2,CMFD_V0200,false
naqu-anduo,CMFD_naqu-anduo,2024-07-01 00:00,10.0,4.58,2.4,0,低,低,中,tpdc,cmfd-v2,CMFD_V0200,false
naqu-shenzha,CMFD_naqu-shenzha,2024-07-01 00:00,10.2,3.61,2.1,0,低,低,中,tpdc,cmfd-v2,CMFD_V0200,false
changdu-karuo,CMFD_changdu-karuo,2024-07-01 00:00,16.9,5.14,1.6,0,低,低,中,tpdc,cmfd-v2,CMFD_V0200,false
changdu-luolong,CMFD_changdu-luolong,2024-07-01 00:00,15.4,2.77,2.4,0,低,低,中,tpdc,cmfd-v2,CMFD_V0200,false
changdu-leiwuqi,CMFD_changdu-leiwuqi,2024-07-01 00:00,13.0,4.78,0.8,0,低,低,中,tpdc,cmfd-v2,CMFD_V0200,false
changdu-jiangda,CMFD_changdu-jiangda,2024-07-01 00:00,6.4,7.1,2.1,0,低,低,中,tpdc,cmfd-v2,CMFD_V0200,false
rikaze-xietongmen,CMFD_rikaze-xietongmen,2024-07-01 00:00,14.9,6.42,1.6,0,低,低,中,tpdc,cmfd-v2,CMFD_V0200,false
rikaze-jiangzi,CMFD_rikaze-jiangzi,2024-07-01 00:00,15.3,4.97,2.0,0,低,低,中,tpdc,cmfd-v2,CMFD_V0200,false
rikaze-kangma,CMFD_rikaze-kangma,2024-07-01 00:00,9.6,2.48,2.3,0,低,低,中,tpdc,cmfd-v2,CMFD_V0200,false
rikaze-zhongba,CMFD_rikaze-zhongba,2024-07-01 00:00,11.6,2.93,3.8,0,低,低,中,tpdc,cmfd-v2,CMFD_V0200,false
shannan-cuona,CMFD_shannan-cuona,2024-07-01 00:00,8.7,2.67,1.2,0,低,低,中,tpdc,cmfd-v2,CMFD_V0200,false
ali-gaize,CMFD_ali-gaize,2024-07-01 00:00,16.0,1.06,3.6,0,低,低,中,tpdc,cmfd-v2,CMFD_V0200,false
yushu-chengduo,CMFD_yushu-chengduo,2024-07-01 00:00,12.0,3.92,1.6,0,低,低,中,tpdc,cmfd-v2,CMFD_V0200,false
yushu-zaduo,CMFD_yushu-zaduo,2024-07-01 00:00,12.2,5.85,1.7,0,低,低,中,tpdc,cmfd-v2,CMFD_V0200,false
guoluo-maqin,CMFD_guoluo-maqin,2024-07-01 00:00,12.0,3.44,1.5,0,低,低,中,tpdc,cmfd-v2,CMFD_V0200,false
guoluo-jiuzhi,CMFD_guoluo-jiuzhi,2024-07-01 00:00,10.7,6.22,1.8,0,低,低,中,tpdc,cmfd-v2,CMFD_V0200,false
haibei-gangcha,CMFD_haibei-gangcha,2024-07-01 00:00,12.3,2.71,2.7,0,低,低,中,tpdc,cmfd-v2,CMFD_V0200,false
huangnan-zeku,CMFD_huangnan-zeku,2024-07-01 00:00,11.3,3.51,2.4,0,低,低,中,tpdc,cmfd-v2,CMFD_V0200,false
ganzi-shiqu,CMFD_ganzi-shiqu,2024-07-01 00:00,10.5,5.25,2.1,0,低,低,中,tpdc,cmfd-v2,CMFD_V0200,false
ganzi-seda,CMFD_ganzi-seda,2024-07-01 00:00,11.8,5.82,1.9,0,低,低,中,tpdc,cmfd-v2,CMFD_V0200,false
aba-hongyuan,CMFD_aba-hongyuan,2024-07-01 00:00,11.9,7.59,2.0,0,低,低,中,tpdc,cmfd-v2,CMFD_V0200,false
gannan-luqu,CMFD_gannan-luqu,2024-07-01 00:00,11.7,3.66,2.2,0,低,低,中,tpdc,cmfd-v2,CMFD_V0200,false
naqu-bange,CMFD_naqu-bange,2024-08-01 00:00,7.6,1.59,2.3,0,低,低,中,tpdc,cmfd-v2,CMFD_V0200,false
naqu-seni,CMFD_naqu-seni,2024-08-01 00:00,10.4,1.33,2.2,0,低,低,中,tpdc,cmfd-v2,CMFD_V0200,false
naqu-nierong,CMFD_naqu-nierong,2024-08-01 00:00,9.9,1.66,2.7,0,低,低,中,tpdc,cmfd-v2,CMFD_V0200,false
naqu-anduo,CMFD_naqu-anduo,2024-08-01 00:00,9.4,1.26,2.7,0,低,低,中,tpdc,cmfd-v2,CMFD_V0200,false
naqu-shenzha,CMFD_naqu-shenzha,2024-08-01 00:00,8.6,1.32,2.0,0,低,低,中,tpdc,cmfd-v2,CMFD_V0200,false
changdu-karuo,CMFD_changdu-karuo,2024-08-01 00:00,17.0,0.71,1.6,0,低,低,中,tpdc,cmfd-v2,CMFD_V0200,false
changdu-luolong,CMFD_changdu-luolong,2024-08-01 00:00,15.1,0.67,2.2,0,低,低,中,tpdc,cmfd-v2,CMFD_V0200,false
changdu-leiwuqi,CMFD_changdu-leiwuqi,2024-08-01 00:00,11.8,0.76,0.8,0,低,低,中,tpdc,cmfd-v2,CMFD_V0200,false
changdu-jiangda,CMFD_changdu-jiangda,2024-08-01 00:00,6.1,1.63,2.3,0,低,低,中,tpdc,cmfd-v2,CMFD_V0200,false
rikaze-xietongmen,CMFD_rikaze-xietongmen,2024-08-01 00:00,13.9,4.05,1.6,0,低,低,中,tpdc,cmfd-v2,CMFD_V0200,false
rikaze-jiangzi,CMFD_rikaze-jiangzi,2024-08-01 00:00,13.2,3.32,1.9,0,低,低,中,tpdc,cmfd-v2,CMFD_V0200,false
rikaze-kangma,CMFD_rikaze-kangma,2024-08-01 00:00,7.5,1.16,2.0,0,低,低,中,tpdc,cmfd-v2,CMFD_V0200,false
rikaze-zhongba,CMFD_rikaze-zhongba,2024-08-01 00:00,9.8,5.55,3.6,0,低,低,中,tpdc,cmfd-v2,CMFD_V0200,false
shannan-cuona,CMFD_shannan-cuona,2024-08-01 00:00,7.8,3.0,0.9,0,低,低,中,tpdc,cmfd-v2,CMFD_V0200,false
ali-gaize,CMFD_ali-gaize,2024-08-01 00:00,12.9,0.82,3.0,0,低,低,中,tpdc,cmfd-v2,CMFD_V0200,false
yushu-chengduo,CMFD_yushu-chengduo,2024-08-01 00:00,11.1,0.67,1.5,0,低,低,中,tpdc,cmfd-v2,CMFD_V0200,false
yushu-zaduo,CMFD_yushu-zaduo,2024-08-01 00:00,11.6,1.84,1.9,0,低,低,中,tpdc,cmfd-v2,CMFD_V0200,false
guoluo-maqin,CMFD_guoluo-maqin,2024-08-01 00:00,11.5,2.47,1.4,0,低,低,中,tpdc,cmfd-v2,CMFD_V0200,false
guoluo-jiuzhi,CMFD_guoluo-jiuzhi,2024-08-01 00:00,11.1,1.21,1.5,0,低,低,中,tpdc,cmfd-v2,CMFD_V0200,false
haibei-gangcha,CMFD_haibei-gangcha,2024-08-01 00:00,12.7,2.68,3.4,0,低,低,中,tpdc,cmfd-v2,CMFD_V0200,false
huangnan-zeku,CMFD_huangnan-zeku,2024-08-01 00:00,11.4,2.83,2.3,0,低,低,中,tpdc,cmfd-v2,CMFD_V0200,false
ganzi-shiqu,CMFD_ganzi-shiqu,2024-08-01 00:00,9.7,1.13,2.2,0,低,低,中,tpdc,cmfd-v2,CMFD_V0200,false
ganzi-seda,CMFD_ganzi-seda,2024-08-01 00:00,10.9,0.97,1.9,0,低,低,中,tpdc,cmfd-v2,CMFD_V0200,false
aba-hongyuan,CMFD_aba-hongyuan,2024-08-01 00:00,11.9,1.66,1.8,0,低,低,中,tpdc,cmfd-v2,CMFD_V0200,false
gannan-luqu,CMFD_gannan-luqu,2024-08-01 00:00,12.4,3.15,2.3,0,低,低,中,tpdc,cmfd-v2,CMFD_V0200,false
naqu-bange,CMFD_naqu-bange,2024-09-01 00:00,5.9,3.04,2.2,0,低,低,中,tpdc,cmfd-v2,CMFD_V0200,false
naqu-seni,CMFD_naqu-seni,2024-09-01 00:00,8.7,2.17,2.1,0,低,低,中,tpdc,cmfd-v2,CMFD_V0200,false
naqu-nierong,CMFD_naqu-nierong,2024-09-01 00:00,7.6,3.68,2.4,0,低,低,中,tpdc,cmfd-v2,CMFD_V0200,false
naqu-anduo,CMFD_naqu-anduo,2024-09-01 00:00,7.3,3.29,2.5,0,低,低,中,tpdc,cmfd-v2,CMFD_V0200,false
naqu-shenzha,CMFD_naqu-shenzha,2024-09-01 00:00,7.2,1.26,2.2,0,低,低,中,tpdc,cmfd-v2,CMFD_V0200,false
changdu-karuo,CMFD_changdu-karuo,2024-09-01 00:00,16.2,2.88,1.6,0,低,低,中,tpdc,cmfd-v2,CMFD_V0200,false
changdu-luolong,CMFD_changdu-luolong,2024-09-01 00:00,13.6,1.91,2.0,0,低,低,中,tpdc,cmfd-v2,CMFD_V0200,false
changdu-leiwuqi,CMFD_changdu-leiwuqi,2024-09-01 00:00,11.7,2.68,1.0,0,低,低,中,tpdc,cmfd-v2,CMFD_V0200,false
changdu-jiangda,CMFD_changdu-jiangda,2024-09-01 00:00,4.9,3.31,2.1,0,低,低,中,tpdc,cmfd-v2,CMFD_V0200,false
rikaze-xietongmen,CMFD_rikaze-xietongmen,2024-09-01 00:00,12.9,2.45,1.7,0,低,低,中,tpdc,cmfd-v2,CMFD_V0200,false
rikaze-jiangzi,CMFD_rikaze-jiangzi,2024-09-01 00:00,13.3,1.19,1.8,0,低,低,中,tpdc,cmfd-v2,CMFD_V0200,false
rikaze-kangma,CMFD_rikaze-kangma,2024-09-01 00:00,7.3,0.57,1.8,0,低,低,中,tpdc,cmfd-v2,CMFD_V0200,false
rikaze-zhongba,CMFD_rikaze-zhongba,2024-09-01 00:00,7.6,1.99,3.1,0,低,低,中,tpdc,cmfd-v2,CMFD_V0200,false
shannan-cuona,CMFD_shannan-cuona,2024-09-01 00:00,7.5,2.1,1.3,0,低,低,中,tpdc,cmfd-v2,CMFD_V0200,false
ali-gaize,CMFD_ali-gaize,2024-09-01 00:00,11.1,0.07,2.5,0,低,低,中,tpdc,cmfd-v2,CMFD_V0200,false
yushu-chengduo,CMFD_yushu-chengduo,2024-09-01 00:00,10.3,3.04,1.5,0,低,低,中,tpdc,cmfd-v2,CMFD_V0200,false
yushu-zaduo,CMFD_yushu-zaduo,2024-09-01 00:00,10.4,4.22,1.8,0,低,低,中,tpdc,cmfd-v2,CMFD_V0200,false
guoluo-maqin,CMFD_guoluo-maqin,2024-09-01 00:00,10.8,4.45,1.4,0,低,低,中,tpdc,cmfd-v2,CMFD_V0200,false
guoluo-jiuzhi,CMFD_guoluo-jiuzhi,2024-09-01 00:00,10.3,4.74,1.7,0,低,低,中,tpdc,cmfd-v2,CMFD_V0200,false
haibei-gangcha,CMFD_haibei-gangcha,2024-09-01 00:00,10.3,3.21,3.0,0,低,低,中,tpdc,cmfd-v2,CMFD_V0200,false
huangnan-zeku,CMFD_huangnan-zeku,2024-09-01 00:00,10.3,5.18,2.4,0,低,低,中,tpdc,cmfd-v2,CMFD_V0200,false
ganzi-shiqu,CMFD_ganzi-shiqu,2024-09-01 00:00,9.1,3.52,2.0,0,低,低,中,tpdc,cmfd-v2,CMFD_V0200,false
ganzi-seda,CMFD_ganzi-seda,2024-09-01 00:00,10.3,2.8,2.1,0,低,低,中,tpdc,cmfd-v2,CMFD_V0200,false
aba-hongyuan,CMFD_aba-hongyuan,2024-09-01 00:00,11.1,2.62,2.1,0,低,低,中,tpdc,cmfd-v2,CMFD_V0200,false
gannan-luqu,CMFD_gannan-luqu,2024-09-01 00:00,11.0,4.56,2.7,0,低,低,中,tpdc,cmfd-v2,CMFD_V0200,false
naqu-bange,CMFD_naqu-bange,2024-10-01 00:00,0.3,0.12,3.0,0,低,低,中,tpdc,cmfd-v2,CMFD_V0200,false
naqu-seni,CMFD_naqu-seni,2024-10-01 00:00,3.4,0.31,2.4,0,低,低,中,tpdc,cmfd-v2,CMFD_V0200,false
naqu-nierong,CMFD_naqu-nierong,2024-10-01 00:00,0.6,0.78,2.7,0,低,低,中,tpdc,cmfd-v2,CMFD_V0200,false
naqu-anduo,CMFD_naqu-anduo,2024-10-01 00:00,0.4,0.3,2.8,0,低,低,中,tpdc,cmfd-v2,CMFD_V0200,false
naqu-shenzha,CMFD_naqu-shenzha,2024-10-01 00:00,2.7,0.04,2.9,0,低,低,中,tpdc,cmfd-v2,CMFD_V0200,false
changdu-karuo,CMFD_changdu-karuo,2024-10-01 00:00,8.4,1.09,1.6,0,低,低,中,tpdc,cmfd-v2,CMFD_V0200,false
changdu-luolong,CMFD_changdu-luolong,2024-10-01 00:00,6.7,1.09,2.0,0,低,低,中,tpdc,cmfd-v2,CMFD_V0200,false
changdu-leiwuqi,CMFD_changdu-leiwuqi,2024-10-01 00:00,4.5,1.25,0.7,0,低,低,中,tpdc,cmfd-v2,CMFD_V0200,false
changdu-jiangda,CMFD_changdu-jiangda,2024-10-01 00:00,-1.4,2.68,2.1,0,中,低,中,tpdc,cmfd-v2,CMFD_V0200,false
rikaze-xietongmen,CMFD_rikaze-xietongmen,2024-10-01 00:00,9.1,0.02,1.8,0,低,低,中,tpdc,cmfd-v2,CMFD_V0200,false
rikaze-jiangzi,CMFD_rikaze-jiangzi,2024-10-01 00:00,9.1,0.17,1.8,0,低,低,中,tpdc,cmfd-v2,CMFD_V0200,false
rikaze-kangma,CMFD_rikaze-kangma,2024-10-01 00:00,3.4,0.05,1.9,0,低,低,中,tpdc,cmfd-v2,CMFD_V0200,false
rikaze-zhongba,CMFD_rikaze-zhongba,2024-10-01 00:00,1.0,0.02,3.2,0,低,低,中,tpdc,cmfd-v2,CMFD_V0200,false
shannan-cuona,CMFD_shannan-cuona,2024-10-01 00:00,1.8,1.53,1.3,0,低,低,中,tpdc,cmfd-v2,CMFD_V0200,false
ali-gaize,CMFD_ali-gaize,2024-10-01 00:00,2.6,0.03,2.4,0,低,低,中,tpdc,cmfd-v2,CMFD_V0200,false
yushu-chengduo,CMFD_yushu-chengduo,2024-10-01 00:00,3.6,1.81,1.3,0,低,低,中,tpdc,cmfd-v2,CMFD_V0200,false
yushu-zaduo,CMFD_yushu-zaduo,2024-10-01 00:00,2.6,1.99,1.8,0,低,低,中,tpdc,cmfd-v2,CMFD_V0200,false
guoluo-maqin,CMFD_guoluo-maqin,2024-10-01 00:00,3.3,0.93,1.7,0,低,低,中,tpdc,cmfd-v2,CMFD_V0200,false
guoluo-jiuzhi,CMFD_guoluo-jiuzhi,2024-10-01 00:00,2.5,2.1,1.7,0,低,低,中,tpdc,cmfd-v2,CMFD_V0200,false
haibei-gangcha,CMFD_haibei-gangcha,2024-10-01 00:00,1.9,0.51,4.0,0,低,低,中,tpdc,cmfd-v2,CMFD_V0200,false
huangnan-zeku,CMFD_huangnan-zeku,2024-10-01 00:00,1.7,1.26,2.5,0,低,低,中,tpdc,cmfd-v2,CMFD_V0200,false
ganzi-shiqu,CMFD_ganzi-shiqu,2024-10-01 00:00,1.4,1.82,1.9,0,低,低,中,tpdc,cmfd-v2,CMFD_V0200,false
ganzi-seda,CMFD_ganzi-seda,2024-10-01 00:00,3.1,2.34,1.9,0,低,低,中,tpdc,cmfd-v2,CMFD_V0200,false
aba-hongyuan,CMFD_aba-hongyuan,2024-10-01 00:00,3.4,2.81,1.9,0,低,低,中,tpdc,cmfd-v2,CMFD_V0200,false
gannan-luqu,CMFD_gannan-luqu,2024-10-01 00:00,2.9,1.87,2.7,0,低,低,中,tpdc,cmfd-v2,CMFD_V0200,false
naqu-bange,CMFD_naqu-bange,2024-11-01 00:00,-4.6,0.0,2.9,0,中,低,中,tpdc,cmfd-v2,CMFD_V0200,false
naqu-seni,CMFD_naqu-seni,2024-11-01 00:00,-4.2,0.05,2.2,0,中,低,中,tpdc,cmfd-v2,CMFD_V0200,false
naqu-nierong,CMFD_naqu-nierong,2024-11-01 00:00,-7.1,0.1,2.7,0,中,低,中,tpdc,cmfd-v2,CMFD_V0200,false
naqu-anduo,CMFD_naqu-anduo,2024-11-01 00:00,-7.3,0.0,2.6,0,中,低,中,tpdc,cmfd-v2,CMFD_V0200,false
naqu-shenzha,CMFD_naqu-shenzha,2024-11-01 00:00,-1.5,0.04,3.0,0,中,低,中,tpdc,cmfd-v2,CMFD_V0200,false
changdu-karuo,CMFD_changdu-karuo,2024-11-01 00:00,3.8,0.06,1.6,0,低,低,中,tpdc,cmfd-v2,CMFD_V0200,false
changdu-luolong,CMFD_changdu-luolong,2024-11-01 00:00,1.5,0.18,2.0,0,低,低,中,tpdc,cmfd-v2,CMFD_V0200,false
changdu-leiwuqi,CMFD_changdu-leiwuqi,2024-11-01 00:00,-1.1,0.1,0.9,0,中,低,中,tpdc,cmfd-v2,CMFD_V0200,false
changdu-jiangda,CMFD_changdu-jiangda,2024-11-01 00:00,-6.3,0.21,2.3,0,中,低,中,tpdc,cmfd-v2,CMFD_V0200,false
rikaze-xietongmen,CMFD_rikaze-xietongmen,2024-11-01 00:00,4.2,0.1,1.9,0,低,低,中,tpdc,cmfd-v2,CMFD_V0200,false
rikaze-jiangzi,CMFD_rikaze-jiangzi,2024-11-01 00:00,3.4,0.08,1.9,0,低,低,中,tpdc,cmfd-v2,CMFD_V0200,false
rikaze-kangma,CMFD_rikaze-kangma,2024-11-01 00:00,-2.6,0.08,2.1,0,中,低,中,tpdc,cmfd-v2,CMFD_V0200,false
rikaze-zhongba,CMFD_rikaze-zhongba,2024-11-01 00:00,-2.9,0.0,3.4,0,中,低,中,tpdc,cmfd-v2,CMFD_V0200,false
shannan-cuona,CMFD_shannan-cuona,2024-11-01 00:00,-3.6,0.22,1.5,0,中,低,中,tpdc,cmfd-v2,CMFD_V0200,false
ali-gaize,CMFD_ali-gaize,2024-11-01 00:00,-5.3,0.0,2.3,0,中,低,中,tpdc,cmfd-v2,CMFD_V0200,false
yushu-chengduo,CMFD_yushu-chengduo,2024-11-01 00:00,-2.7,0.16,1.4,0,中,低,中,tpdc,cmfd-v2,CMFD_V0200,false
yushu-zaduo,CMFD_yushu-zaduo,2024-11-01 00:00,-2.9,0.07,2.0,0,中,低,中,tpdc,cmfd-v2,CMFD_V0200,false
guoluo-maqin,CMFD_guoluo-maqin,2024-11-01 00:00,-2.8,0.12,1.6,0,中,低,中,tpdc,cmfd-v2,CMFD_V0200,false
guoluo-jiuzhi,CMFD_guoluo-jiuzhi,2024-11-01 00:00,-3.5,0.21,1.6,0,中,低,中,tpdc,cmfd-v2,CMFD_V0200,false
haibei-gangcha,CMFD_haibei-gangcha,2024-11-01 00:00,-3.7,0.1,4.2,0,中,低,中,tpdc,cmfd-v2,CMFD_V0200,false
huangnan-zeku,CMFD_huangnan-zeku,2024-11-01 00:00,-4.6,0.21,2.5,0,中,低,中,tpdc,cmfd-v2,CMFD_V0200,false
ganzi-shiqu,CMFD_ganzi-shiqu,2024-11-01 00:00,-4.0,0.05,2.5,0,中,低,中,tpdc,cmfd-v2,CMFD_V0200,false
ganzi-seda,CMFD_ganzi-seda,2024-11-01 00:00,-2.6,0.21,1.9,0,中,低,中,tpdc,cmfd-v2,CMFD_V0200,false
aba-hongyuan,CMFD_aba-hongyuan,2024-11-01 00:00,-2.7,0.66,2.1,0,中,低,中,tpdc,cmfd-v2,CMFD_V0200,false
gannan-luqu,CMFD_gannan-luqu,2024-11-01 00:00,-3.1,0.39,2.7,0,中,低,中,tpdc,cmfd-v2,CMFD_V0200,false
naqu-bange,CMFD_naqu-bange,2024-12-01 00:00,-8.4,0.0,3.9,0,中,低,中,tpdc,cmfd-v2,CMFD_V0200,false
naqu-seni,CMFD_naqu-seni,2024-12-01 00:00,-9.0,0.1,2.8,0,中,低,中,tpdc,cmfd-v2,CMFD_V0200,false
naqu-nierong,CMFD_naqu-nierong,2024-12-01 00:00,-11.8,0.05,3.6,0,高,低,中,tpdc,cmfd-v2,CMFD_V0200,false
naqu-anduo,CMFD_naqu-anduo,2024-12-01 00:00,-12.4,0.0,3.4,0,高,低,中,tpdc,cmfd-v2,CMFD_V0200,false
naqu-shenzha,CMFD_naqu-shenzha,2024-12-01 00:00,-6.6,0.0,3.5,0,中,低,中,tpdc,cmfd-v2,CMFD_V0200,false
changdu-karuo,CMFD_changdu-karuo,2024-12-01 00:00,-0.2,0.0,1.5,0,中,低,中,tpdc,cmfd-v2,CMFD_V0200,false
changdu-luolong,CMFD_changdu-luolong,2024-12-01 00:00,-3.0,0.0,2.1,0,中,低,中,tpdc,cmfd-v2,CMFD_V0200,false
changdu-leiwuqi,CMFD_changdu-leiwuqi,2024-12-01 00:00,-5.5,0.0,1.2,0,中,低,中,tpdc,cmfd-v2,CMFD_V0200,false
changdu-jiangda,CMFD_changdu-jiangda,2024-12-01 00:00,-9.3,0.0,2.5,0,中,低,中,tpdc,cmfd-v2,CMFD_V0200,false
rikaze-xietongmen,CMFD_rikaze-xietongmen,2024-12-01 00:00,0.4,0.0,2.0,0,低,低,中,tpdc,cmfd-v2,CMFD_V0200,false
rikaze-jiangzi,CMFD_rikaze-jiangzi,2024-12-01 00:00,-0.2,0.0,2.1,0,中,低,中,tpdc,cmfd-v2,CMFD_V0200,false
rikaze-kangma,CMFD_rikaze-kangma,2024-12-01 00:00,-6.0,0.0,2.1,0,中,低,中,tpdc,cmfd-v2,CMFD_V0200,false
rikaze-zhongba,CMFD_rikaze-zhongba,2024-12-01 00:00,-7.1,0.06,4.5,0,中,低,中,tpdc,cmfd-v2,CMFD_V0200,false
shannan-cuona,CMFD_shannan-cuona,2024-12-01 00:00,-6.8,0.03,1.3,0,中,低,中,tpdc,cmfd-v2,CMFD_V0200,false
ali-gaize,CMFD_ali-gaize,2024-12-01 00:00,-8.9,0.03,3.1,0,中,低,中,tpdc,cmfd-v2,CMFD_V0200,false
yushu-chengduo,CMFD_yushu-chengduo,2024-12-01 00:00,-7.8,0.13,1.4,0,中,低,中,tpdc,cmfd-v2,CMFD_V0200,false
yushu-zaduo,CMFD_yushu-zaduo,2024-12-01 00:00,-7.6,0.19,2.1,0,中,低,中,tpdc,cmfd-v2,CMFD_V0200,false
guoluo-maqin,CMFD_guoluo-maqin,2024-12-01 00:00,-7.3,0.13,1.5,0,中,低,中,tpdc,cmfd-v2,CMFD_V0200,false
guoluo-jiuzhi,CMFD_guoluo-jiuzhi,2024-12-01 00:00,-7.1,0.15,1.7,0,中,低,中,tpdc,cmfd-v2,CMFD_V0200,false
haibei-gangcha,CMFD_haibei-gangcha,2024-12-01 00:00,-10.4,0.02,4.3,0,高,低,中,tpdc,cmfd-v2,CMFD_V0200,false
huangnan-zeku,CMFD_huangnan-zeku,2024-12-01 00:00,-10.3,0.13,2.4,0,高,低,中,tpdc,cmfd-v2,CMFD_V0200,false
ganzi-shiqu,CMFD_ganzi-shiqu,2024-12-01 00:00,-8.3,0.1,2.7,0,中,低,中,tpdc,cmfd-v2,CMFD_V0200,false
ganzi-seda,CMFD_ganzi-seda,2024-12-01 00:00,-6.4,0.04,2.2,0,中,低,中,tpdc,cmfd-v2,CMFD_V0200,false
aba-hongyuan,CMFD_aba-hongyuan,2024-12-01 00:00,-6.6,0.32,2.0,0,中,低,中,tpdc,cmfd-v2,CMFD_V0200,false
gannan-luqu,CMFD_gannan-luqu,2024-12-01 00:00,-7.7,0.13,2.5,0,中,低,中,tpdc,cmfd-v2,CMFD_V0200,false
